id,sbd,started_ms,finished_ms,status,correct,cache_hit,error_code
vu-6633,38000501,1791307571955,1791307572653,200,true,false,
vu-9459,58001483,1791307571947,1791307572712,200,true,false,
vu-841,01089796,1791307571947,1791307572714,200,true,false,
vu-1837,02087656,1791307571947,1791307572741,200,true,false,
vu-1668,02069602,1791307571950,1791307573172,200,true,false,
vu-1040,02002437,1791307571955,1791307573173,200,true,false,
vu-1110,02009886,1791307571957,1791307573174,200,true,false,
vu-6993,40012938,1791307571955,1791307573174,200,true,false,
vu-509,01054343,1791307571948,1791307573174,200,true,false,
vu-9428,57009124,1791307571953,1791307573174,200,true,false,
vu-4035,21020550,1791307571951,1791307573176,200,true,false,
vu-6328,35006873,1791307571956,1791307573174,200,true,false,
vu-1845,03000577,1791307571947,1791307573178,200,true,false,
vu-7474,44002032,1791307571952,1791307573181,200,true,false,
vu-4120,22006157,1791307571948,1791307573182,200,true,false,
vu-7994,48012176,1791307571949,1791307573183,200,true,false,
vu-9076,54011783,1791307571947,1791307573183,200,true,false,
vu-9644,60000799,1791307571953,1791307573201,200,true,false,
vu-6632,38000395,1791307571950,1791307573201,200,true,false,
vu-1112,02010099,1791307571950,1791307573201,200,true,false,
vu-1924,03009008,1791307571949,1791307573201,200,true,false,
vu-5860,31006816,1791307571949,1791307573202,200,true,false,
vu-1799,02083605,1791307571955,1791307573202,200,true,false,
vu-9470,58002657,1791307571949,1791307573202,200,true,false,
vu-1669,02069708,1791307571958,1791307573202,200,true,false,
vu-5855,31006284,1791307571951,1791307573202,200,true,false,
vu-5255,28035034,1791307571955,1791307573203,200,true,false,
vu-9775,61008348,1791307571948,1791307573203,200,true,false,
vu-4549,25016008,1791307571948,1791307573203,200,true,false,
vu-7843,47009224,1791307571956,1791307573203,200,true,false,
vu-1761,02079534,1791307571953,1791307573201,200,true,false,
vu-8540,51004036,1791307571958,1791307573203,200,true,false,
vu-9962,64003129,1791307571952,1791307573203,200,true,false,
vu-3399,17010271,1791307571947,1791307573204,200,true,false,
vu-4926,27011691,1791307571949,1791307573204,200,true,false,
vu-811,01086593,1791307571948,1791307573204,200,true,false,
vu-1015,01108353,1791307571953,1791307573204,200,true,false,
vu-3736,19006383,1791307571955,1791307573204,200,true,false,
vu-49,01005146,1791307572001,1791307573204,200,true,false,
vu-8149,48028747,1791307571953,1791307573204,200,true,false,
vu-4154,22009780,1791307571951,1791307573205,200,true,false,
vu-1535,02055236,1791307571960,1791307573205,200,true,false,
vu-9543,59000718,1791307571956,1791307573205,200,true,false,
vu-2925,14004310,1791307571952,1791307573205,200,true,false,
vu-8679,51018825,1791307571958,1791307573205,200,true,false,
vu-3632,18017126,1791307572001,1791307573206,200,true,false,
vu-5297,29000755,1791307571951,1791307573206,200,true,false,
vu-9584,59005085,1791307571951,1791307573206,200,true,false,
vu-5424,29014347,1791307571959,1791307573206,200,true,false,
vu-5545,29027240,1791307571956,1791307573209,200,true,false,
vu-6437,36004085,1791307571950,1791307573210,200,true,false,
vu-6327,35006766,1791307571959,1791307573214,200,true,false,
vu-5716,30008527,1791307572001,1791307573216,200,true,false,
vu-169,01018020,1791307571953,1791307573228,200,true,false,
vu-2234,05002941,1791307571957,1791307573228,200,true,false,
vu-1096,02008395,1791307571958,1791307573228,200,true,false,
vu-6825,39005707,1791307571950,1791307573228,200,true,false,
vu-5895,31010540,1791307571950,1791307573228,200,true,false,
vu-2295,06002497,1791307571950,1791307573228,200,true,false,
vu-9985,64005579,1791307571960,1791307573228,200,true,false,
vu-6321,35006125,1791307571958,1791307573228,200,true,false,
vu-236,01025179,1791307571960,1791307573229,200,true,false,
vu-66,01006982,1791307571953,1791307573234,200,true,false,
vu-3870,21002976,1791307571954,1791307573235,200,true,false,
vu-3292,16014326,1791307571950,1791307573237,200,true,false,
vu-6687,38006254,1791307571952,1791307573247,200,true,false,
vu-5628,29036109,1791307571960,1791307573250,200,true,false,
vu-7655,45006037,1791307571958,1791307573261,200,true,false,
vu-2943,14006236,1791307571950,1791307573269,200,true,false,
vu-7374,43002736,1791307571959,1791307573302,200,true,false,
vu-625,01066746,1791307571957,1791307573302,200,true,false,
vu-7984,48011106,1791307571960,1791307573305,200,true,false,
vu-5809,31001384,1791307571950,1791307573309,200,true,false,
vu-1864,03002600,1791307571951,1791307573309,200,true,false,
vu-6748,38012739,1791307571949,1791307573310,200,true,false,
vu-8553,51005417,1791307571953,1791307573316,200,true,false,
vu-3951,21011595,1791307571954,1791307573340,200,true,false,
vu-2664,12001981,1791307572001,1791307573346,200,true,false,
vu-6521,37008003,1791307571955,1791307573347,200,true,false,
vu-1332,02033475,1791307571957,1791307573376,200,true,false,
vu-9420,57008274,1791307571955,1791307573379,200,true,false,
vu-2310,06004107,1791307572001,1791307573387,200,true,false,
vu-4023,21019274,1791307571957,1791307573387,200,true,false,
vu-6410,36001211,1791307571958,1791307573387,200,true,false,
vu-3031,15002969,1791307571959,1791307573388,200,true,false,
vu-2456,09001532,1791307571953,1791307573388,200,true,false,
vu-2695,12005288,1791307572001,1791307573394,200,true,false,
vu-2135,04005887,1791307571956,1791307573408,200,true,false,
vu-1233,02022961,1791307571956,1791307573409,200,true,false,
vu-4056,21022797,1791307571955,1791307573438,200,true,false,
vu-2779,12014253,1791307571951,1791307573438,200,true,false,
vu-4185,22013081,1791307571950,1791307573439,200,true,false,
vu-9185,55008324,1791307571951,1791307573443,200,true,false,
vu-4462,25006745,1791307571949,1791307573443,200,true,false,
vu-5330,29004296,1791307571953,1791307573445,200,true,false,
vu-4612,26000900,1791307571949,1791307573452,200,true,false,
vu-1843,03000362,1791307571955,1791307573452,200,true,false,
vu-8203,49000473,1791307571957,1791307573457,200,true,false,
vu-7951,48007566,1791307571956,1791307573457,200,true,false,
vu-2962,14008269,1791307571948,1791307573457,200,true,false,
vu-3665,18020652,1791307571950,1791307573457,200,true,false,
vu-9622,59009132,1791307571956,1791307573457,200,true,false,
vu-6854,39008798,1791307572001,1791307573458,200,true,false,
vu-822,01087767,1791307571960,1791307573467,200,true,false,
vu-3787,19011818,1791307571949,1791307573484,200,true,false,
vu-5078,28016149,1791307571954,1791307573504,200,true,false,
vu-8818,53000641,1791307571955,1791307573533,200,true,false,
vu-831,01088725,1791307571947,1791307573546,200,true,false,
vu-2146,04007057,1791307571954,1791307573550,200,true,false,
vu-5226,28031938,1791307571950,1791307573550,200,true,false,
vu-4874,27006160,1791307571952,1791307573565,200,true,false,
vu-181,01019307,1791307572001,1791307573567,200,true,false,
vu-5756,30012796,1791307571953,1791307573570,200,true,false,
vu-5400,29011786,1791307571949,1791307573571,200,true,false,
vu-2874,13007586,1791307571957,1791307573578,200,true,false,
vu-829,01088512,1791307571950,1791307573582,200,true,false,
vu-4876,27006373,1791307571958,1791307573583,200,true,false,
vu-7788,47003371,1791307571956,1791307573588,200,true,false,
vu-4123,22006475,1791307571958,1791307573597,200,true,false,
vu-9816,62002541,1791307571956,1791307573599,200,true,false,
vu-7866,47011670,1791307571957,1791307573602,200,true,false,
vu-93,01009868,1791307571957,1791307573603,200,true,false,
vu-2972,14009339,1791307571949,1791307573616,200,true,false,
vu-4083,22002215,1791307571949,1791307573624,200,true,false,
vu-8963,53016077,1791307571947,1791307573627,200,true,false,
vu-9898,63004018,1791307571949,1791307573643,200,true,false,
vu-4481,25008771,1791307571958,1791307573648,200,true,false,
vu-5060,28014230,1791307571954,1791307573666,200,true,false,
vu-5168,28025745,1791307571959,1791307573667,200,true,false,
vu-1441,02045109,1791307572001,1791307573667,200,true,false,
vu-8252,49005689,1791307571961,1791307573667,200,true,false,
vu-9168,55006513,1791307571953,1791307573667,200,true,false,
vu-4044,21021510,1791307571955,1791307573694,200,true,false,
vu-2427,08006827,1791307571949,1791307573696,200,true,false,
vu-5525,29025109,1791307571957,1791307573697,200,true,false,
vu-5977,32008059,1791307571956,1791307573698,200,true,false,
vu-9118,55001182,1791307571951,1791307573716,200,true,false,
vu-6941,40007396,1791307571960,1791307573717,200,true,false,
vu-5216,28030876,1791307571954,1791307573728,200,true,false,
vu-6450,37000424,1791307571950,1791307573730,200,true,false,
vu-8001,48012927,1791307571952,1791307573738,200,true,false,
vu-3783,19011391,1791307571955,1791307573812,200,true,false,
vu-7730,46007711,1791307572001,1791307573814,200,true,false,
vu-5658,30002351,1791307571960,1791307573841,200,true,false,
vu-4619,26001655,1791307571955,1791307573874,200,true,false,
vu-554,01059175,1791307571960,1791307573874,200,true,false,
vu-5861,31006922,1791307571957,1791307573901,200,true,false,
vu-3803,19013523,1791307571950,1791307573917,200,true,false,
vu-8044,48017526,1791307571957,1791307573937,200,true,false,
vu-2658,12001340,1791307572001,1791307573937,200,true,false,
vu-7144,41008110,1791307571950,1791307573944,200,true,false,
vu-1411,02041873,1791307571961,1791307573969,200,true,false,
vu-9750,61005693,1791307571955,1791307573970,200,true,false,
vu-4230,23001488,1791307571954,1791307573971,200,true,false,
vu-4079,22001787,1791307571947,1791307573976,200,true,false,
vu-1655,02068206,1791307571950,1791307573978,200,true,false,
vu-2511,09007387,1791307571955,1791307573993,200,true,false,
vu-1478,02049079,1791307572001,1791307573994,200,true,false,
vu-7763,47000700,1791307571959,1791307574000,200,true,false,
vu-8814,53000216,1791307571948,1791307574017,200,true,false,
vu-5246,28034077,1791307571951,1791307574018,200,true,false,
vu-567,01060566,1791307571948,1791307574020,200,true,false,
vu-7887,48000728,1791307571958,1791307574020,200,true,false,
vu-4998,28007613,1791307571957,1791307574020,200,true,false,
vu-702,01074947,1791307571957,1791307574020,200,true,false,
vu-8202,49000367,1791307571961,1791307574020,200,true,false,
vu-6225,34013323,1791307571959,1791307574038,200,true,false,
vu-2269,05006670,1791307571956,1791307574038,200,true,false,
vu-7053,40019326,1791307571959,1791307574038,200,true,false,
vu-8617,51012226,1791307571951,1791307574039,200,true,false,
vu-5241,28033546,1791307571950,1791307574077,200,true,false,
vu-9664,60002930,1791307572001,1791307574077,200,true,false,
vu-4677,26007848,1791307571954,1791307574108,200,true,false,
vu-3584,18012021,1791307571955,1791307574114,502,false,false,1502
vu-8402,50005831,1791307571994,1791307574116,502,false,false,1502
vu-698,01074520,1791307571970,1791307574117,502,false,false,1502
vu-858,01091615,1791307571999,1791307574131,502,false,false,1502
vu-1293,02029334,1791307571991,1791307574136,502,false,false,1502
vu-1642,02066787,1791307571985,1791307574140,502,false,false,1502
vu-3861,21002018,1791307571956,1791307574148,200,true,false,
vu-1984,03015414,1791307571972,1791307574158,502,false,false,1502
vu-6553,37011410,1791307571960,1791307574158,200,true,false,
vu-6808,39003892,1791307571952,1791307574158,200,true,false,
vu-9500,58005850,1791307571954,1791307574158,200,true,false,
vu-5670,30003629,1791307571953,1791307574158,200,true,false,
vu-717,01076554,1791307571956,1791307574158,200,true,false,
vu-2576,10005302,1791307571953,1791307574159,502,false,false,1502
vu-6451,37000533,1791307571953,1791307574159,502,false,false,1502
vu-6837,39006988,1791307571958,1791307574160,502,false,false,1502
vu-6367,35011027,1791307571967,1791307574160,502,false,false,1502
vu-545,01058202,1791307571957,1791307574162,200,true,false,
vu-4489,25009621,1791307571998,1791307574166,502,false,false,1502
vu-6814,39004535,1791307571949,1791307574167,200,true,false,
vu-2466,09002596,1791307571970,1791307574167,502,false,false,1502
vu-4118,22005942,1791307571952,1791307574168,200,true,false,
vu-5434,29015412,1791307571964,1791307574169,502,false,false,1502
vu-8877,53006921,1791307571958,1791307574173,200,true,false,
vu-5423,29014241,1791307571953,1791307574173,200,true,false,
vu-8006,48013460,1791307571970,1791307574185,502,false,false,1502
vu-1912,03007731,1791307571956,1791307574186,200,true,false,
vu-7675,46001856,1791307571999,1791307574189,502,false,false,1502
vu-6169,34007299,1791307571955,1791307574189,502,false,false,1502
vu-8074,48020739,1791307571967,1791307574190,502,false,false,1502
vu-6714,38009128,1791307571982,1791307574190,502,false,false,1502
vu-6812,39004322,1791307571950,1791307574205,200,true,false,
vu-8626,51013183,1791307571960,1791307574206,200,true,false,
vu-6934,40006652,1791307572001,1791307574206,200,true,false,
vu-444,01047409,1791307571987,1791307574228,502,false,false,1502
vu-9239,56001188,1791307571954,1791307574231,200,true,false,
vu-424,01045272,1791307571953,1791307574238,200,true,false,
vu-9969,64003873,1791307571949,1791307574238,200,true,false,
vu-5471,29019356,1791307571956,1791307574241,200,true,false,
vu-5491,29021487,1791307571957,1791307574242,200,true,false,
vu-4459,25006427,1791307571955,1791307574242,502,false,false,1502
vu-5700,30006825,1791307571953,1791307574242,200,true,false,
vu-2836,13003533,1791307571958,1791307574242,502,false,false,1502
vu-2018,03019052,1791307571952,1791307574243,502,false,false,1502
vu-6603,37016734,1791307571964,1791307574244,200,true,false,
vu-2568,10004451,1791307572001,1791307574244,502,false,false,1502
vu-8901,53009478,1791307571949,1791307574245,502,false,false,1502
vu-1367,02037194,1791307571972,1791307574250,502,false,false,1502
vu-718,01076661,1791307571972,1791307574250,502,false,false,1502
vu-8111,48024691,1791307571948,1791307574252,200,true,false,
vu-4295,23008423,1791307571955,1791307574252,200,true,false,
vu-8346,49015687,1791307571978,1791307574257,502,false,false,1502
vu-627,01066958,1791307571994,1791307574267,502,false,false,1502
vu-7463,44000862,1791307571986,1791307574269,502,false,false,1502
vu-8643,51014995,1791307571986,1791307574271,502,false,false,1502
vu-8379,50003388,1791307571984,1791307574272,502,false,false,1502
vu-9975,64004510,1791307571993,1791307574272,502,false,false,1502
vu-1400,02040703,1791307571976,1791307574279,502,false,false,1502
vu-5289,28038668,1791307571947,1791307574281,200,true,false,
vu-7292,42009427,1791307571997,1791307574283,502,false,false,1502
vu-2409,08004903,1791307571976,1791307574285,502,false,false,1502
vu-639,01068236,1791307571994,1791307574286,200,true,false,
vu-2206,04013512,1791307572000,1791307574287,502,false,false,1502
vu-959,01102383,1791307571987,1791307574287,502,false,false,1502
vu-9982,64005257,1791307571979,1791307574289,502,false,false,1502
vu-272,01029045,1791307571952,1791307574289,200,true,false,
vu-3436,17014220,1791307571953,1791307574291,502,false,false,1502
vu-8502,50016494,1791307571976,1791307574293,502,false,false,1502
vu-7561,44011289,1791307571976,1791307574296,502,false,false,1502
vu-4526,25013560,1791307571977,1791307574296,200,true,false,
vu-2958,14007837,1791307571958,1791307574296,502,false,false,1502
vu-9264,56003846,1791307571975,1791307574296,200,true,false,
vu-5964,32006674,1791307571959,1791307574298,200,true,false,
vu-7770,47001445,1791307571960,1791307574299,502,false,false,1502
vu-8255,49006007,1791307571959,1791307574300,502,false,false,1502
vu-8297,49010475,1791307571989,1791307574301,502,false,false,1502
vu-937,01100042,1791307571987,1791307574303,502,false,false,1502
vu-4191,22013722,1791307571999,1791307574309,502,false,false,1502
vu-8154,48029279,1791307571986,1791307574309,502,false,false,1502
vu-1107,02009566,1791307571966,1791307574312,200,true,false,
vu-1240,02023705,1791307571997,1791307574314,502,false,false,1502
vu-4878,27006585,1791307571992,1791307574319,502,false,false,1502
vu-9793,62000078,1791307571967,1791307574319,200,true,false,
vu-6134,34003568,1791307571989,1791307574320,502,false,false,1502
vu-8902,53009584,1791307571997,1791307574321,502,false,false,1502
vu-2902,14001850,1791307571995,1791307574322,502,false,false,1502
vu-8419,50007647,1791307571957,1791307574326,200,true,false,
vu-4245,23003088,1791307571999,1791307574326,502,false,false,1502
vu-2529,10000287,1791307571949,1791307574330,200,true,false,
vu-3387,17008988,1791307571999,1791307574330,502,false,false,1502
vu-8811,52012570,1791307571989,1791307574335,502,false,false,1502
vu-6095,33012252,1791307571994,1791307574338,502,false,false,1502
vu-3814,19014696,1791307571996,1791307574340,502,false,false,1502
vu-4957,28003226,1791307571959,1791307574341,200,true,false,
vu-617,01065896,1791307571996,1791307574342,502,false,false,1502
vu-9909,63005188,1791307571980,1791307574345,502,false,false,1502
vu-3689,19001371,1791307571985,1791307574346,502,false,false,1502
vu-7483,44002997,1791307572000,1791307574349,502,false,false,1502
vu-7039,40017837,1791307571989,1791307574350,502,false,false,1502
vu-3755,19008407,1791307571982,1791307574350,502,false,false,1502
vu-456,01048688,1791307571991,1791307574354,502,false,false,1502
vu-6502,37005983,1791307571999,1791307574355,502,false,false,1502
vu-646,01068982,1791307571983,1791307574355,502,false,false,1502
vu-6008,33002965,1791307571996,1791307574356,502,false,false,1502
vu-6674,38004868,1791307571997,1791307574356,502,false,false,1502
vu-5715,30008421,1791307571983,1791307574356,502,false,false,1502
vu-663,01070791,1791307571982,1791307574356,502,false,false,1502
vu-5639,30000328,1791307571990,1791307574356,502,false,false,1502
vu-1126,02011587,1791307571995,1791307574356,502,false,false,1502
vu-7428,43008479,1791307571987,1791307574356,502,false,false,1502
vu-2553,10002849,1791307571996,1791307574356,502,false,false,1502
vu-6998,40013469,1791307571982,1791307574356,502,false,false,1502
vu-2847,13004710,1791307571977,1791307574356,502,false,false,1502
vu-2251,05004753,1791307571999,1791307574356,502,false,false,1502
vu-5005,28008365,1791307571990,1791307574356,502,false,false,1502
vu-1035,02001904,1791307572000,1791307574356,502,false,false,1502
vu-7521,44007040,1791307572000,1791307574356,502,false,false,1502
vu-4307,23009702,1791307572000,1791307574356,502,false,false,1502
vu-6605,37016946,1791307571998,1791307574356,502,false,false,1502
vu-7739,46008669,1791307571998,1791307574356,502,false,false,1502
vu-5215,28030768,1791307571998,1791307574356,502,false,false,1502
vu-6304,35004318,1791307571994,1791307574356,502,false,false,1502
vu-6082,33010870,1791307571998,1791307574356,502,false,false,1502
vu-4280,23006824,1791307571989,1791307574356,502,false,false,1502
vu-1130,02012012,1791307571992,1791307574356,502,false,false,1502
vu-7829,47007736,1791307571999,1791307574356,502,false,false,1502
vu-2641,11002739,1791307571995,1791307574356,502,false,false,1502
vu-2632,11001774,1791307571996,1791307574356,502,false,false,1502
vu-4043,21021404,1791307572001,1791307574357,502,false,false,1502
vu-3011,15000837,1791307571999,1791307574357,502,false,false,1502
vu-4856,27004244,1791307571995,1791307574357,502,false,false,1502
vu-8602,51010633,1791307571955,1791307574358,200,true,false,
vu-7003,40014001,1791307571955,1791307574358,502,false,false,1502
vu-4007,21017569,1791307572001,1791307574358,200,true,false,
vu-720,01076873,1791307571999,1791307574358,502,false,false,1502
vu-8761,52007252,1791307571952,1791307574360,502,false,false,1502
vu-5007,28008579,1791307571965,1791307574361,200,true,false,
vu-8107,48024264,1791307571961,1791307574362,200,true,false,
vu-3516,18004774,1791307571950,1791307574362,200,true,false,
vu-6345,35008686,1791307571950,1791307574362,502,false,false,1502
vu-7348,42015389,1791307571952,1791307574363,502,false,false,1502
vu-8331,49014092,1791307571988,1791307574365,502,false,false,1502
vu-7939,48006289,1791307571988,1791307574366,502,false,false,1502
vu-1370,02037512,1791307571982,1791307574367,502,false,false,1502
vu-252,01026897,1791307571988,1791307574368,502,false,false,1502
vu-753,01080410,1791307572001,1791307574368,200,true,false,
vu-1241,02023812,1791307571996,1791307574369,502,false,false,1502
vu-3519,18005092,1791307571991,1791307574370,502,false,false,1502
vu-555,01059282,1791307571949,1791307574370,502,false,false,1502
vu-2283,06001208,1791307571949,1791307574370,200,true,false,
vu-1338,02034114,1791307571951,1791307574371,200,true,false,
vu-3913,21007550,1791307571961,1791307574371,502,false,false,1502
vu-4108,22004879,1791307571989,1791307574373,502,false,false,1502
vu-7341,42014645,1791307571999,1791307574374,502,false,false,1502
vu-2519,09008244,1791307571954,1791307574374,502,false,false,1502
vu-8312,49012075,1791307571985,1791307574377,502,false,false,1502
vu-4870,27005733,1791307571994,1791307574383,502,false,false,1502
vu-4506,25011430,1791307571985,1791307574383,500,false,false,1500
vu-9132,55002674,1791307571992,1791307574383,502,false,false,1502
vu-5535,29026173,1791307571983,1791307574386,502,false,false,1502
vu-4493,25010045,1791307571977,1791307574386,502,false,false,1502
vu-5624,29035683,1791307571960,1791307574386,502,false,false,1502
vu-738,01078802,1791307572001,1791307574386,502,false,false,1502
vu-5784,30015792,1791307571991,1791307574386,502,false,false,1502
vu-6344,35008580,1791307571952,1791307574386,502,false,false,1502
vu-3756,19008514,1791307571985,1791307574386,502,false,false,1502
vu-8928,53012355,1791307571951,1791307574386,502,false,false,1502
vu-8560,51006160,1791307571961,1791307574386,502,false,false,1502
vu-2903,14001957,1791307571959,1791307574387,502,false,false,1502
vu-2680,12003685,1791307571965,1791307574387,502,false,false,1502
vu-2420,08006083,1791307571964,1791307574387,502,false,false,1502
vu-5254,28034928,1791307571968,1791307574387,502,false,false,1502
vu-8271,49007710,1791307571957,1791307574387,502,false,false,1502
vu-4599,25021325,1791307571958,1791307574387,502,false,false,1502
vu-3609,18014679,1791307571990,1791307574387,502,false,false,1502
vu-2173,04009973,1791307571998,1791307574387,502,false,false,1502
vu-1173,02016583,1791307571983,1791307574387,502,false,false,1502
vu-749,01079985,1791307571955,1791307574387,502,false,false,1502
vu-3656,18019691,1791307571954,1791307574387,502,false,false,1502
vu-2520,09008350,1791307571968,1791307574387,502,false,false,1502
vu-7226,42002394,1791307571956,1791307574387,502,false,false,1502
vu-7542,44009271,1791307571958,1791307574387,502,false,false,1502
vu-3887,21004784,1791307571960,1791307574387,502,false,false,1502
vu-7263,42006338,1791307571950,1791307574387,502,false,false,1502
vu-3498,18002847,1791307571955,1791307574387,502,false,false,1502
vu-6388,35013263,1791307571954,1791307574387,502,false,false,1502
vu-7393,43004755,1791307571950,1791307574387,502,false,false,1502
vu-242,01025823,1791307571964,1791307574387,502,false,false,1502
vu-5317,29002892,1791307571963,1791307574387,502,false,false,1502
vu-9427,57009017,1791307571958,1791307574387,502,false,false,1502
vu-1064,02004993,1791307571998,1791307574387,502,false,false,1502
vu-1763,02079746,1791307571963,1791307574387,502,false,false,1502
vu-2706,12006458,1791307571969,1791307574387,502,false,false,1502
vu-4893,27008182,1791307571997,1791307574387,502,false,false,1502
vu-3597,18013401,1791307571954,1791307574387,502,false,false,1502
vu-1827,02086595,1791307571969,1791307574387,502,false,false,1502
vu-1555,02057457,1791307571992,1791307574387,502,false,false,1502
vu-6622,37018755,1791307571987,1791307574387,502,false,false,1502
vu-3531,18006368,1791307571968,1791307574387,502,false,false,1502
vu-6668,38004230,1791307571964,1791307574387,502,false,false,1502
vu-7252,42005166,1791307571993,1791307574387,502,false,false,1502
vu-9684,60005066,1791307571954,1791307574387,502,false,false,1502
vu-2240,05003579,1791307571960,1791307574387,502,false,false,1502
vu-7636,45004012,1791307571997,1791307574387,502,false,false,1502
vu-7543,44009377,1791307571959,1791307574387,502,false,false,1502
vu-7197,41013761,1791307571968,1791307574387,502,false,false,1502
vu-8220,49002282,1791307571957,1791307574387,502,false,false,1502
vu-4165,22010952,1791307571962,1791307574387,502,false,false,1502
vu-8545,51004567,1791307571964,1791307574387,502,false,false,1502
vu-7192,41013228,1791307571966,1791307574387,502,false,false,1502
vu-4826,27001031,1791307571971,1791307574387,502,false,false,1502
vu-4419,25002168,1791307571965,1791307574387,502,false,false,1502
vu-7912,48003404,1791307571983,1791307574387,502,false,false,1502
vu-3517,18004880,1791307571972,1791307574387,502,false,false,1502
vu-1355,02035920,1791307571974,1791307574387,502,false,false,1502
vu-5325,29003760,1791307571948,1791307574387,502,false,false,1502
vu-1016,01108459,1791307571967,1791307574387,502,false,false,1502
vu-7670,46001321,1791307572000,1791307574387,502,false,false,1502
vu-2670,12002622,1791307572000,1791307574387,502,false,false,1502
vu-4209,22015638,1791307571989,1791307574387,502,false,false,1502
vu-8946,53014269,1791307571979,1791307574387,502,false,false,1502
vu-1170,02016264,1791307571952,1791307574387,502,false,false,1502
vu-5722,30009169,1791307571965,1791307574387,502,false,false,1502
vu-4993,28007075,1791307571968,1791307574387,502,false,false,1502
vu-2970,14009125,1791307571980,1791307574388,502,false,false,1502
vu-4317,24000907,1791307571999,1791307574388,502,false,false,1502
vu-5746,30011732,1791307571974,1791307574388,502,false,false,1502
vu-4903,27009245,1791307571958,1791307574388,502,false,false,1502
vu-4063,22000084,1791307571949,1791307574388,502,false,false,1502
vu-6479,37003535,1791307571973,1791307574388,502,false,false,1502
vu-3537,18007007,1791307571961,1791307574388,502,false,false,1502
vu-5504,29022872,1791307571961,1791307574387,502,false,false,1502
vu-3300,16015179,1791307571963,1791307574388,502,false,false,1502
vu-2377,08001497,1791307571981,1791307574388,502,false,false,1502
vu-4321,24001335,1791307571976,1791307574388,502,false,false,1502
vu-9504,58006276,1791307571974,1791307574388,502,false,false,1502
vu-6835,39006775,1791307571968,1791307574388,502,false,false,1502
vu-3869,21002870,1791307571995,1791307574388,502,false,false,1502
vu-1957,03012536,1791307571962,1791307574388,502,false,false,1502
vu-5252,28034715,1791307571983,1791307574388,502,false,false,1502
vu-3529,18006156,1791307571997,1791307574388,502,false,false,1502
vu-9880,63002106,1791307571962,1791307574388,502,false,false,1502
vu-5093,28017746,1791307571971,1791307574388,502,false,false,1502
vu-3493,18002315,1791307571990,1791307574388,502,false,false,1502
vu-8500,50016282,1791307571968,1791307574388,502,false,false,1502
vu-1897,03006115,1791307571969,1791307574388,502,false,false,1502
vu-1469,02048111,1791307571968,1791307574388,502,false,false,1502
vu-869,01092789,1791307571968,1791307574388,502,false,false,1502
vu-8623,51012863,1791307571978,1791307574388,502,false,false,1502
vu-6306,35004531,1791307571962,1791307574387,502,false,false,1502
vu-8810,52012463,1791307571984,1791307574388,502,false,false,1502
vu-6214,34012149,1791307571952,1791307574388,502,false,false,1502
vu-6939,40007184,1791307572001,1791307574388,502,false,false,1502
vu-5418,29013708,1791307571964,1791307574388,502,false,false,1502
vu-3060,15006068,1791307571954,1791307574388,502,false,false,1502
vu-7838,47008693,1791307571968,1791307574388,502,false,false,1502
vu-3873,21003296,1791307571962,1791307574388,502,false,false,1502
vu-1648,02067448,1791307571959,1791307574388,502,false,false,1502
vu-8637,51014355,1791307571988,1791307574388,502,false,false,1502
vu-4519,25012816,1791307571970,1791307574388,502,false,false,1502
vu-3480,18000934,1791307571977,1791307574388,502,false,false,1502
vu-4350,24004428,1791307571975,1791307574388,502,false,false,1502
vu-8743,52005339,1791307571980,1791307574388,502,false,false,1502
vu-4996,28007397,1791307571979,1791307574388,502,false,false,1502
vu-4382,24007831,1791307571974,1791307574388,502,false,false,1502
vu-8774,52008636,1791307571957,1791307574388,502,false,false,1502
vu-2756,12011802,1791307571982,1791307574388,502,false,false,1502
vu-7440,43009755,1791307571991,1791307574388,502,false,false,1502
vu-7293,42009534,1791307571971,1791307574388,502,false,false,1502
vu-2833,13003214,1791307571982,1791307574388,502,false,false,1502
vu-889,01094920,1791307571973,1791307574388,502,false,false,1502
vu-6798,39002823,1791307571968,1791307574388,502,false,false,1502
vu-490,01052316,1791307571972,1791307574388,502,false,false,1502
vu-52,01005482,1791307571958,1791307574388,502,false,false,1502
vu-6224,34013217,1791307571967,1791307574388,502,false,false,1502
vu-4352,24004640,1791307571977,1791307574388,502,false,false,1502
vu-9120,55001395,1791307571969,1791307574388,502,false,false,1502
vu-2754,12011588,1791307571974,1791307574388,502,false,false,1502
vu-8636,51014247,1791307571997,1791307574388,502,false,false,1502
vu-4988,28006539,1791307571953,1791307574388,502,false,false,1502
vu-7467,44001287,1791307571965,1791307574388,502,false,false,1502
vu-233,01024861,1791307571976,1791307574388,502,false,false,1502
vu-13,01001286,1791307571985,1791307574388,502,false,false,1502
vu-7289,42009106,1791307571975,1791307574389,502,false,false,1502
vu-3018,15001581,1791307571958,1791307574389,502,false,false,1502
vu-854,01091186,1791307571967,1791307574389,502,false,false,1502
vu-44,01004610,1791307571970,1791307574389,502,false,false,1502
vu-1530,02054697,1791307571999,1791307574388,502,false,false,1502
vu-6205,34011172,1791307571990,1791307574389,502,false,false,1502
vu-8345,49015580,1791307571971,1791307574389,502,false,false,1502
vu-2955,14007518,1791307571965,1791307574389,502,false,false,1502
vu-2342,07001969,1791307571979,1791307574389,502,false,false,1502
vu-2911,14002813,1791307571971,1791307574389,502,false,false,1502
vu-580,01061953,1791307571980,1791307574389,502,false,false,1502
vu-473,01050502,1791307571973,1791307574389,502,false,false,1502
vu-8879,53007133,1791307571971,1791307574389,502,false,false,1502
vu-1157,02014881,1791307571981,1791307574389,502,false,false,1502
vu-357,01038130,1791307571977,1791307574389,502,false,false,1502
vu-1283,02028271,1791307571963,1791307574389,502,false,false,1502
vu-2333,07001013,1791307571954,1791307574389,502,false,false,1502
vu-4498,25010578,1791307571978,1791307574389,502,false,false,1502
vu-9724,61002912,1791307571972,1791307574389,502,false,false,1502
vu-1612,02063570,1791307571986,1791307574389,502,false,false,1502
vu-1324,02032626,1791307571983,1791307574389,502,false,false,1502
vu-4289,23007784,1791307571966,1791307574388,502,false,false,1502
vu-3599,18013613,1791307571972,1791307574389,502,false,false,1502
vu-5608,29033976,1791307571962,1791307574389,502,false,false,1502
vu-9686,60005278,1791307571968,1791307574389,502,false,false,1502
vu-8129,48026616,1791307571985,1791307574389,502,false,false,1502
vu-2337,07001437,1791307571986,1791307574389,502,false,false,1502
vu-1331,02033369,1791307571983,1791307574389,502,false,false,1502
vu-8334,49014412,1791307571984,1791307574389,502,false,false,1502
vu-293,01031284,1791307571996,1791307574389,502,false,false,1502
vu-1289,02028909,1791307571977,1791307574389,502,false,false,1502
vu-7735,46008242,1791307571985,1791307574389,502,false,false,1502
vu-1027,02001054,1791307571991,1791307574389,502,false,false,1502
vu-9307,56008418,1791307571976,1791307574389,502,false,false,1502
vu-9527,58008721,1791307571971,1791307574389,502,false,false,1502
vu-6447,37000099,1791307571984,1791307574389,502,false,false,1502
vu-6756,38013592,1791307571984,1791307574389,502,false,false,1502
vu-7232,42003035,1791307571966,1791307574389,502,false,false,1502
vu-6425,36002809,1791307571983,1791307574389,502,false,false,1502
vu-4073,22001149,1791307571958,1791307574389,502,false,false,1502
vu-3975,21014156,1791307571996,1791307574389,502,false,false,1502
vu-6409,36001103,1791307571957,1791307574389,502,false,false,1502
vu-9315,56009270,1791307571981,1791307574389,502,false,false,1502
vu-9216,55011627,1791307571991,1791307574389,502,false,false,1502
vu-3307,17000410,1791307571959,1791307574389,502,false,false,1502
vu-8918,53011292,1791307571975,1791307574389,502,false,false,1502
vu-1937,03010397,1791307571966,1791307574389,502,false,false,1502
vu-3490,18001996,1791307571979,1791307574389,502,false,false,1502
vu-7830,47007843,1791307571957,1791307574389,502,false,false,1502
vu-4831,27001566,1791307571984,1791307574389,502,false,false,1502
vu-4676,26007741,1791307571956,1791307574389,502,false,false,1502
vu-5071,28015402,1791307571976,1791307574389,502,false,false,1502
vu-4029,21019911,1791307571963,1791307574389,502,false,false,1502
vu-8625,51013077,1791307571988,1791307574389,502,false,false,1502
vu-8062,48019456,1791307571982,1791307574389,502,false,false,1502
vu-4803,26021311,1791307571985,1791307574389,502,false,false,1502
vu-8916,53011079,1791307571951,1791307574389,502,false,false,1502
vu-9102,54014544,1791307571980,1791307574389,502,false,false,1502
vu-3994,21016185,1791307571969,1791307574389,502,false,false,1502
vu-8042,48017313,1791307571951,1791307574389,502,false,false,1502
vu-5529,29025536,1791307571964,1791307574389,502,false,false,1502
vu-1114,02010312,1791307571992,1791307574389,502,false,false,1502
vu-2438,08007995,1791307571978,1791307574389,502,false,false,1502
vu-2848,13004817,1791307571981,1791307574389,502,false,false,1502
vu-257,01027432,1791307571982,1791307574389,502,false,false,1502
vu-8192,48033338,1791307571986,1791307574389,502,false,false,1502
vu-1459,02047045,1791307571973,1791307574389,502,false,false,1502
vu-6587,37015033,1791307571991,1791307574389,502,false,false,1502
vu-7326,42013044,1791307571993,1791307574389,502,false,false,1502
vu-7223,42002073,1791307571992,1791307574389,502,false,false,1502
vu-3217,16006337,1791307571971,1791307574389,502,false,false,1502
vu-4212,22015957,1791307571966,1791307574390,502,false,false,1502
vu-6594,37015779,1791307571984,1791307574389,502,false,false,1502
vu-32,01003320,1791307571970,1791307574390,502,false,false,1502
vu-3507,18003813,1791307571998,1791307574390,502,false,false,1502
vu-9883,63002425,1791307572000,1791307574390,502,false,false,1502
vu-6445,36004940,1791307571993,1791307574390,502,false,false,1502
vu-3363,17006412,1791307572000,1791307574390,502,false,false,1502
vu-4041,21021191,1791307571996,1791307574390,502,false,false,1502
vu-6815,39004642,1791307571981,1791307574390,502,false,false,1502
vu-5153,28024140,1791307571974,1791307574390,502,false,false,1502
vu-2102,04002344,1791307571993,1791307574390,502,false,false,1502
vu-9447,58000209,1791307571978,1791307574390,502,false,false,1502
vu-866,01092469,1791307571968,1791307574390,502,false,false,1502
vu-3353,17005338,1791307571971,1791307574390,502,false,false,1502
vu-7168,41010671,1791307571952,1791307574390,502,false,false,1502
vu-7568,44012033,1791307571978,1791307574390,502,false,false,1502
vu-7046,40018583,1791307571976,1791307574390,502,false,false,1502
vu-7854,47010396,1791307571995,1791307574390,502,false,false,1502
vu-9526,58008615,1791307571971,1791307574390,502,false,false,1502
vu-7251,42005059,1791307571957,1791307574390,502,false,false,1502
vu-2880,13008225,1791307571995,1791307574390,502,false,false,1502
vu-3302,16015392,1791307571964,1791307574390,502,false,false,1502
vu-4837,27002209,1791307571998,1791307574390,502,false,false,1502
vu-6154,34005702,1791307571980,1791307574390,502,false,false,1502
vu-9088,54013057,1791307571978,1791307574390,502,false,false,1502
vu-9143,55003847,1791307571974,1791307574390,502,false,false,1502
vu-1643,02066898,1791307571984,1791307574390,502,false,false,1502
vu-9113,55000651,1791307571978,1791307574390,502,false,false,1502
vu-8451,50011056,1791307571993,1791307574390,502,false,false,1502
vu-9277,56005228,1791307571973,1791307574390,502,false,false,1502
vu-7379,43003267,1791307571966,1791307574390,502,false,false,1502
vu-5635,29036854,1791307571983,1791307574390,502,false,false,1502
vu-537,01057335,1791307572000,1791307574390,502,false,false,1502
vu-1913,03007837,1791307571951,1791307574390,502,false,false,1502
vu-4241,23002659,1791307571998,1791307574390,502,false,false,1502
vu-8298,49010581,1791307571967,1791307574390,502,false,false,1502
vu-4406,25000787,1791307571961,1791307574390,502,false,false,1502
vu-3752,19008085,1791307571981,1791307574390,502,false,false,1502
vu-6297,35003575,1791307571964,1791307574390,502,false,false,1502
vu-2566,10004238,1791307571958,1791307574390,502,false,false,1502
vu-7361,43001346,1791307571967,1791307574390,502,false,false,1502
vu-3776,19010646,1791307571996,1791307574390,502,false,false,1502
vu-2790,12015426,1791307571981,1791307574390,502,false,false,1502
vu-4449,25005365,1791307571995,1791307574390,502,false,false,1502
vu-5762,30013435,1791307571982,1791307574390,502,false,false,1502
vu-5938,32003897,1791307571973,1791307574390,502,false,false,1502
vu-1242,02023918,1791307571998,1791307574390,502,false,false,1502
vu-5557,29028519,1791307571989,1791307574390,502,false,false,1502
vu-2881,13008331,1791307571996,1791307574390,502,false,false,1502
vu-7803,47004968,1791307571994,1791307574390,502,false,false,1502
vu-3213,16005911,1791307571984,1791307574390,502,false,false,1502
vu-2150,04007506,1791307571994,1791307574390,502,false,false,1502
vu-2165,04009107,1791307571998,1791307574390,502,false,false,1502
vu-1979,03014883,1791307571981,1791307574390,502,false,false,1502
vu-7707,46005262,1791307571995,1791307574390,502,false,false,1502
vu-594,01063450,1791307571991,1791307574390,502,false,false,1502
vu-8532,51003183,1791307571994,1791307574390,502,false,false,1502
vu-3224,16007082,1791307571992,1791307574390,502,false,false,1502
vu-6890,40001968,1791307572000,1791307574390,502,false,false,1502
vu-1529,02054591,1791307572001,1791307574390,502,false,false,1502
vu-9187,55008536,1791307571972,1791307574390,502,false,false,1502
vu-7031,40016983,1791307571988,1791307574390,502,false,false,1502
vu-7576,44012883,1791307571994,1791307574390,502,false,false,1502
vu-1574,02059529,1791307571987,1791307574390,502,false,false,1502
vu-965,01103022,1791307571985,1791307574390,502,false,false,1502
vu-2995,14011807,1791307571997,1791307574390,502,false,false,1502
vu-2758,12012015,1791307571973,1791307574390,502,false,false,1502
vu-3146,15015252,1791307571967,1791307574390,502,false,false,1502
vu-5544,29027133,1791307571957,1791307574390,502,false,false,1502
vu-6834,39006669,1791307571991,1791307574391,502,false,false,1502
vu-3891,21005209,1791307571990,1791307574390,502,false,false,1502
vu-9012,54004975,1791307571977,1791307574390,502,false,false,1502
vu-7494,44004172,1791307571959,1791307574391,502,false,false,1502
vu-6208,34011499,1791307571994,1791307574391,502,false,false,1502
vu-8993,54002953,1791307571995,1791307574391,502,false,false,1502
vu-7698,46004305,1791307571974,1791307574391,502,false,false,1502
vu-5838,31004473,1791307571978,1791307574391,502,false,false,1502
vu-1267,02026573,1791307571997,1791307574391,502,false,false,1502
vu-5064,28014656,1791307571991,1791307574391,502,false,false,1502
vu-2666,12002195,1791307571970,1791307574391,502,false,false,1502
vu-4427,25003017,1791307571989,1791307574391,502,false,false,1502
vu-5503,29022766,1791307571999,1791307574391,502,false,false,1502
vu-5380,29009651,1791307571975,1791307574391,502,false,false,1502
vu-2399,08003838,1791307571979,1791307574391,502,false,false,1502
vu-4851,27003711,1791307571999,1791307574391,502,false,false,1502
vu-1445,02045546,1791307572000,1791307574391,502,false,false,1502
vu-6359,35010177,1791307571989,1791307574391,502,false,false,1502
vu-4642,26004112,1791307571990,1791307574391,502,false,false,1502
vu-120,01012751,1791307571961,1791307574391,502,false,false,1502
vu-1272,02027103,1791307571997,1791307574391,502,false,false,1502
vu-298,01031825,1791307571962,1791307574391,502,false,false,1502
vu-9416,57007850,1791307571957,1791307574391,502,false,false,1502
vu-9884,63002532,1791307571976,1791307574391,502,false,false,1502
vu-4011,21017994,1791307572000,1791307574391,502,false,false,1502
vu-5891,31010116,1791307571978,1791307574391,502,false,false,1502
vu-6100,33012787,1791307571964,1791307574391,502,false,false,1502
vu-7383,43003692,1791307571980,1791307574391,502,false,false,1502
vu-2528,10000181,1791307571978,1791307574391,502,false,false,1502
vu-6282,35001980,1791307571970,1791307574391,502,false,false,1502
vu-3328,17002655,1791307571966,1791307574391,502,false,false,1502
vu-2372,08000965,1791307571979,1791307574391,502,false,false,1502
vu-762,01081370,1791307571999,1791307574391,502,false,false,1502
vu-1614,02063782,1791307571990,1791307574391,502,false,false,1502
vu-3987,21015434,1791307571960,1791307574391,502,false,false,1502
vu-5533,29025960,1791307571982,1791307574391,502,false,false,1502
vu-1662,02068951,1791307571985,1791307574391,502,false,false,1502
vu-1893,03005688,1791307571967,1791307574391,502,false,false,1502
vu-3686,19001053,1791307571991,1791307574391,502,false,false,1502
vu-4407,25000893,1791307571997,1791307574391,502,false,false,1502
vu-304,01032466,1791307571973,1791307574391,502,false,false,1502
vu-3640,18017977,1791307571987,1791307574391,502,false,false,1502
vu-4964,28003969,1791307571985,1791307574391,502,false,false,1502
vu-8499,50016174,1791307571967,1791307574391,502,false,false,1502
vu-2926,14004416,1791307571968,1791307574391,502,false,false,1502
vu-7099,41003311,1791307571994,1791307574391,502,false,false,1502
vu-5680,30004694,1791307571984,1791307574391,502,false,false,1502
vu-2569,10004558,1791307571959,1791307574391,502,false,false,1502
vu-8681,51019039,1791307571975,1791307574391,502,false,false,1502
vu-51,01005376,1791307571993,1791307574391,502,false,false,1502
vu-5673,30003949,1791307571967,1791307574391,502,false,false,1502
vu-374,01039940,1791307572001,1791307574391,502,false,false,1502
vu-4880,27006798,1791307571989,1791307574391,502,false,false,1502
vu-1447,02045769,1791307572000,1791307574391,502,false,false,1502
vu-8673,51018187,1791307571985,1791307574391,502,false,false,1502
vu-2985,14010728,1791307571997,1791307574391,502,false,false,1502
vu-4741,26014687,1791307571989,1791307574391,502,false,false,1502
vu-1812,02084986,1791307571971,1791307574391,502,false,false,1502
vu-6027,33005005,1791307571996,1791307574391,502,false,false,1502
vu-5119,28020522,1791307571978,1791307574391,502,false,false,1502
vu-6716,38009340,1791307571974,1791307574390,502,false,false,1502
vu-2213,05000697,1791307571996,1791307574391,502,false,false,1502
vu-8711,52001922,1791307571975,1791307574391,502,false,false,1502
vu-2319,06005080,1791307571978,1791307574391,502,false,false,1502
vu-7006,40014320,1791307571989,1791307574391,502,false,false,1502
vu-3589,18012551,1791307571972,1791307574391,502,false,false,1502
vu-8613,51011801,1791307571982,1791307574391,502,false,false,1502
vu-6402,36000356,1791307571988,1791307574391,502,false,false,1502
vu-7342,42014751,1791307571999,1791307574391,502,false,false,1502
vu-6052,33007673,1791307571969,1791307574391,502,false,false,1502
vu-5224,28031726,1791307571985,1791307574391,502,false,false,1502
vu-3628,18016701,1791307571999,1791307574391,502,false,false,1502
vu-4247,23003304,1791307571999,1791307574391,502,false,false,1502
vu-9956,64002491,1791307571997,1791307574392,502,false,false,1502
vu-2661,12001659,1791307572000,1791307574391,502,false,false,1502
vu-8874,53006603,1791307571990,1791307574392,502,false,false,1502
vu-8176,48031629,1791307571980,1791307574392,502,false,false,1502
vu-6946,40007927,1791307571982,1791307574392,502,false,false,1502
vu-9633,59010303,1791307571995,1791307574392,502,false,false,1502
vu-5765,30013755,1791307571991,1791307574392,502,false,false,1502
vu-8533,51003291,1791307571986,1791307574392,502,false,false,1502
vu-6701,38007743,1791307572000,1791307574392,502,false,false,1502
vu-8170,48030989,1791307571992,1791307574392,502,false,false,1502
vu-3408,17011229,1791307571969,1791307574392,502,false,false,1502
vu-336,01035888,1791307571998,1791307574392,502,false,false,1502
vu-3699,19002434,1791307571996,1791307574392,502,false,false,1502
vu-9828,62003822,1791307571980,1791307574392,502,false,false,1502
vu-290,01030965,1791307571998,1791307574392,502,false,false,1502
vu-9934,64000150,1791307571957,1791307574392,502,false,false,1502
vu-675,01072074,1791307571976,1791307574392,502,false,false,1502
vu-935,01099829,1791307571991,1791307574392,502,false,false,1502
vu-3063,15006389,1791307571986,1791307574392,502,false,false,1502
vu-1909,03007408,1791307571968,1791307574392,502,false,false,1502
vu-9620,59008918,1791307571996,1791307574392,502,false,false,1502
vu-8599,51010313,1791307571979,1791307574392,502,false,false,1502
vu-6608,37017265,1791307571981,1791307574392,502,false,false,1502
vu-4922,27011266,1791307571966,1791307574392,502,false,false,1502
vu-1062,02004780,1791307571998,1791307574392,502,false,false,1502
vu-9919,63006254,1791307571960,1791307574392,502,false,false,1502
vu-2937,14005591,1791307571954,1791307574392,502,false,false,1502
vu-9061,54010189,1791307571976,1791307574392,502,false,false,1502
vu-54,01005697,1791307572001,1791307574392,502,false,false,1502
vu-6936,40006865,1791307571998,1791307574392,502,false,false,1502
vu-5685,30005227,1791307571949,1791307574392,502,false,false,1502
vu-3935,21009895,1791307571996,1791307574392,502,false,false,1502
vu-3225,16007188,1791307571953,1791307574392,502,false,false,1502
vu-7669,46001210,1791307571989,1791307574392,502,false,false,1502
vu-9191,55008964,1791307571977,1791307574392,502,false,false,1502
vu-4287,23007571,1791307571970,1791307574392,502,false,false,1502
vu-5515,29024040,1791307571951,1791307574392,502,false,false,1502
vu-9295,56007142,1791307571990,1791307574392,502,false,false,1502
vu-7638,45004225,1791307571996,1791307574392,502,false,false,1502
vu-1516,02053190,1791307571973,1791307574392,502,false,false,1502
vu-3820,19015336,1791307571975,1791307574392,502,false,false,1502
vu-226,01024111,1791307571955,1791307574392,502,false,false,1502
vu-5204,28029594,1791307571961,1791307574392,502,false,false,1502
vu-5513,29023828,1791307571999,1791307574392,502,false,false,1502
vu-2000,03017125,1791307571971,1791307574392,502,false,false,1502
vu-31,01003211,1791307571982,1791307574392,502,false,false,1502
vu-4390,24008685,1791307571955,1791307574392,502,false,false,1502
vu-7805,47005180,1791307571971,1791307574392,502,false,false,1502
vu-9858,62007039,1791307571972,1791307574392,502,false,false,1502
vu-5375,29009118,1791307571979,1791307574392,502,false,false,1502
vu-8800,52011399,1791307571953,1791307574392,502,false,false,1502
vu-3149,15015572,1791307571982,1791307574392,502,false,false,1502
vu-1896,03006009,1791307571990,1791307574392,502,false,false,1502
vu-9273,56004804,1791307571998,1791307574392,502,false,false,1502
vu-3414,17011871,1791307571982,1791307574392,502,false,false,1502
vu-970,01103554,1791307572001,1791307574392,502,false,false,1502
vu-7726,46007285,1791307571964,1791307574392,502,false,false,1502
vu-3075,15007669,1791307571987,1791307574392,502,false,false,1502
vu-4772,26017997,1791307571988,1791307574392,502,false,false,1502
vu-1925,03009115,1791307571953,1791307574392,502,false,false,1502
vu-9424,57008699,1791307571973,1791307574393,502,false,false,1502
vu-2264,05006139,1791307571998,1791307574393,502,false,false,1502
vu-6593,37015672,1791307571996,1791307574393,502,false,false,1502
vu-9670,60003572,1791307571969,1791307574393,502,false,false,1502
vu-911,01097268,1791307571987,1791307574393,502,false,false,1502
vu-5149,28023715,1791307571978,1791307574393,502,false,false,1502
vu-610,01065150,1791307571950,1791307574393,502,false,false,1502
vu-4963,28003863,1791307571994,1791307574393,502,false,false,1502
vu-8353,50000626,1791307571990,1791307574393,502,false,false,1502
vu-846,01090331,1791307571972,1791307574393,502,false,false,1502
vu-880,01093959,1791307571980,1791307574393,502,false,false,1502
vu-9511,58007021,1791307571961,1791307574393,502,false,false,1502
vu-5296,29000648,1791307571953,1791307574393,502,false,false,1502
vu-7745,46009306,1791307571999,1791307574393,502,false,false,1502
vu-5571,29030013,1791307571982,1791307574393,502,false,false,1502
vu-5279,28037598,1791307571974,1791307574393,502,false,false,1502
vu-6439,36004299,1791307571992,1791307574393,502,false,false,1502
vu-2766,12012865,1791307571977,1791307574393,502,false,false,1502
vu-5833,31003942,1791307571975,1791307574393,502,false,false,1502
vu-2712,12007098,1791307572001,1791307574393,502,false,false,1502
vu-6906,40003676,1791307571960,1791307574393,502,false,false,1502
vu-8582,51008502,1791307571993,1791307574393,502,false,false,1502
vu-969,01103447,1791307571989,1791307574393,502,false,false,1502
vu-5384,29010080,1791307571949,1791307574393,502,false,false,1502
vu-3764,19009365,1791307571959,1791307574393,502,false,false,1502
vu-8376,50003069,1791307571989,1791307574393,502,false,false,1502
vu-111,01011794,1791307571995,1791307574393,502,false,false,1502
vu-5580,29030976,1791307571975,1791307574394,502,false,false,1502
vu-4924,27011479,1791307572000,1791307574395,502,false,false,1502
vu-1067,02005314,1791307571998,1791307574395,502,false,false,1502
vu-8959,53015652,1791307571975,1791307574398,502,false,false,1502
vu-7108,41004272,1791307571987,1791307574398,502,false,false,1502
vu-8386,50004131,1791307571986,1791307574398,502,false,false,1502
vu-4827,27001137,1791307571982,1791307574398,502,false,false,1502
vu-3230,16007724,1791307571987,1791307574398,502,false,false,1502
vu-8397,50005300,1791307571983,1791307574398,502,false,false,1502
vu-3673,18021502,1791307571977,1791307574399,502,false,false,1502
vu-2024,03019690,1791307571953,1791307574399,502,false,false,1502
vu-4362,24005701,1791307571994,1791307574399,502,false,false,1502
vu-1466,02047790,1791307572000,1791307574399,502,false,false,1502
vu-6955,40008887,1791307571951,1791307574399,502,false,false,1502
vu-4737,26014260,1791307571990,1791307574399,502,false,false,1502
vu-1784,02082008,1791307571956,1791307574399,502,false,false,1502
vu-5137,28022439,1791307571997,1791307574399,502,false,false,1502
vu-6923,40005482,1791307571953,1791307574399,502,false,false,1502
vu-5900,31011072,1791307571979,1791307574399,502,false,false,1502
vu-8073,48020633,1791307571954,1791307574399,502,false,false,1502
vu-3683,19000734,1791307571984,1791307574399,502,false,false,1502
vu-7738,46008563,1791307571981,1791307574399,502,false,false,1502
vu-8382,50003707,1791307571985,1791307574399,502,false,false,1502
vu-5329,29004189,1791307571984,1791307574399,502,false,false,1502
vu-5181,28027133,1791307571977,1791307574399,502,false,false,1502
vu-9093,54013588,1791307571980,1791307574399,502,false,false,1502
vu-9948,64001639,1791307571980,1791307574399,502,false,false,1502
vu-6144,34004636,1791307571993,1791307574399,502,false,false,1502
vu-4379,24007511,1791307571953,1791307574399,502,false,false,1502
vu-4873,27006052,1791307571975,1791307574399,502,false,false,1502
vu-2268,05006563,1791307571999,1791307574399,502,false,false,1502
vu-2936,14005485,1791307571984,1791307574399,502,false,false,1502
vu-7359,43001132,1791307571984,1791307574399,502,false,false,1502
vu-7215,42001213,1791307571950,1791307574399,502,false,false,1502
vu-8305,49011325,1791307571987,1791307574399,502,false,false,1502
vu-7600,45000165,1791307571991,1791307574399,502,false,false,1502
vu-7222,42001964,1791307571980,1791307574399,502,false,false,1502
vu-8909,53010336,1791307571956,1791307574399,502,false,false,1502
vu-5615,29034724,1791307571985,1791307574399,502,false,false,1502
vu-2033,03020650,1791307571956,1791307574399,502,false,false,1502
vu-3998,21016612,1791307571990,1791307574399,502,false,false,1502
vu-1645,02067110,1791307571987,1791307574399,502,false,false,1502
vu-7134,41007047,1791307571990,1791307574399,502,false,false,1502
vu-6773,39000160,1791307571984,1791307574400,502,false,false,1502
vu-1758,02079214,1791307571950,1791307574400,502,false,false,1502
vu-4994,28007184,1791307571989,1791307574400,502,false,false,1502
vu-7673,46001640,1791307571966,1791307574400,502,false,false,1502
vu-600,01064087,1791307571988,1791307574400,502,false,false,1502
vu-8101,48023622,1791307571985,1791307574400,502,false,false,1502
vu-818,01087342,1791307571977,1791307574400,502,false,false,1502
vu-9480,58003723,1791307571982,1791307574400,502,false,false,1502
vu-8371,50002538,1791307571986,1791307574400,502,false,false,1502
vu-1765,02079959,1791307571992,1791307574400,502,false,false,1502
vu-694,01074095,1791307571958,1791307574400,502,false,false,1502
vu-6999,40013575,1791307571989,1791307574400,502,false,false,1502
vu-938,01100148,1791307571960,1791307574400,502,false,false,1502
vu-3619,18015744,1791307571951,1791307574400,502,false,false,1502
vu-7529,44007891,1791307571956,1791307574400,502,false,false,1502
vu-7409,43006457,1791307571950,1791307574400,502,false,false,1502
vu-4161,22010524,1791307571991,1791307574400,502,false,false,1502
vu-1815,02085306,1791307571978,1791307574400,502,false,false,1502
vu-5744,30011518,1791307571987,1791307574400,502,false,false,1502
vu-9461,58001696,1791307571964,1791307574400,502,false,false,1502
vu-8723,52003202,1791307571973,1791307574400,502,false,false,1502
vu-8756,52006722,1791307571981,1791307574400,502,false,false,1502
vu-9182,55008004,1791307571976,1791307574400,502,false,false,1502
vu-1737,02076960,1791307571991,1791307574400,502,false,false,1502
vu-1730,02076215,1791307571984,1791307574400,502,false,false,1502
vu-6277,35001447,1791307571953,1791307574400,502,false,false,1502
vu-1835,02087444,1791307571975,1791307574400,502,false,false,1502
vu-6378,35012196,1791307571993,1791307574400,502,false,false,1502
vu-6136,34003781,1791307571985,1791307574400,502,false,false,1502
vu-7875,47012628,1791307571999,1791307574400,502,false,false,1502
vu-7520,44006934,1791307571960,1791307574400,502,false,false,1502
vu-7821,47006884,1791307571971,1791307574400,502,false,false,1502
vu-2314,06004543,1791307571981,1791307574400,502,false,false,1502
vu-5394,29011149,1791307571975,1791307574400,502,false,false,1502
vu-6577,37013968,1791307571957,1791307574400,502,false,false,1502
vu-1140,02013074,1791307571984,1791307574400,502,false,false,1502
vu-4111,22005197,1791307571981,1791307574400,502,false,false,1502
vu-7038,40017731,1791307571952,1791307574400,502,false,false,1502
vu-5387,29010403,1791307571965,1791307574400,502,false,false,1502
vu-9368,57002747,1791307571978,1791307574400,502,false,false,1502
vu-5832,31003835,1791307571983,1791307574400,502,false,false,1502
vu-2065,03024062,1791307571956,1791307574400,502,false,false,1502
vu-8407,50006362,1791307571987,1791307574400,502,false,false,1502
vu-993,01106010,1791307571988,1791307574400,502,false,false,1502
vu-4524,25013346,1791307571986,1791307574400,502,false,false,1502
vu-9770,61007817,1791307571950,1791307574400,502,false,false,1502
vu-219,01023360,1791307571994,1791307574401,502,false,false,1502
vu-6465,37002042,1791307571981,1791307574401,502,false,false,1502
vu-5768,30014077,1791307571988,1791307574401,502,false,false,1502
vu-5819,31002450,1791307571988,1791307574401,502,false,false,1502
vu-2258,05005498,1791307571956,1791307574401,502,false,false,1502
vu-8010,48013886,1791307571956,1791307574401,502,false,false,1502
vu-5144,28023183,1791307571976,1791307574401,502,false,false,1502
vu-2820,13001832,1791307571989,1791307574401,502,false,false,1502
vu-97,01010304,1791307571995,1791307574403,502,false,false,1502
vu-2730,12009034,1791307571950,1791307574404,502,false,false,1502
vu-839,01089582,1791307571963,1791307574404,502,false,false,1502
vu-6220,34012793,1791307571959,1791307574404,502,false,false,1502
vu-8652,51015952,1791307571992,1791307574405,502,false,false,1502
vu-1460,02047151,1791307571965,1791307574405,502,false,false,1502
vu-4348,24004213,1791307571959,1791307574405,502,false,false,1502
vu-6232,34014069,1791307571996,1791307574405,502,false,false,1502
vu-3467,17017547,1791307571999,1791307574405,502,false,false,1502
vu-2856,13005671,1791307571983,1791307574405,502,false,false,1502
vu-4315,24000692,1791307571995,1791307574405,502,false,false,1502
vu-3177,16002078,1791307571952,1791307574405,502,false,false,1502
vu-7864,47011458,1791307572001,1791307574405,502,false,false,1502
vu-821,01087660,1791307571951,1791307574405,502,false,false,1502
vu-1693,02072273,1791307571976,1791307574405,502,false,false,1502
vu-8995,54003165,1791307571959,1791307574405,502,false,false,1502
vu-7842,47009118,1791307571999,1791307574405,502,false,false,1502
vu-1749,02078236,1791307571994,1791307574405,502,false,false,1502
vu-9703,61000675,1791307571992,1791307574405,502,false,false,1502
vu-7429,43008585,1791307571998,1791307574405,502,false,false,1502
vu-6763,38014336,1791307571979,1791307574405,502,false,false,1502
vu-2475,09003556,1791307571958,1791307574405,502,false,false,1502
vu-1968,03013711,1791307571962,1791307574405,502,false,false,1502
vu-8881,53007346,1791307571973,1791307574405,502,false,false,1502
vu-3134,15013967,1791307571992,1791307574406,502,false,false,1502
vu-3700,19002541,1791307572000,1791307574405,502,false,false,1502
vu-3455,17016250,1791307571986,1791307574406,502,false,false,1502
vu-9215,55011520,1791307571953,1791307574406,502,false,false,1502
vu-940,01100360,1791307571986,1791307574406,502,false,false,1502
vu-6271,35000805,1791307571997,1791307574406,502,false,false,1502
vu-1350,02035389,1791307571991,1791307574406,502,false,false,1502
vu-4931,28000429,1791307571982,1791307574406,502,false,false,1502
vu-6579,37014180,1791307571995,1791307574406,502,false,false,1502
vu-8937,53013313,1791307571983,1791307574406,502,false,false,1502
vu-2064,03023956,1791307571994,1791307574406,502,false,false,1502
vu-3761,19009046,1791307571985,1791307574406,502,false,false,1502
vu-2391,08002985,1791307571950,1791307574406,502,false,false,1502
vu-2570,10004664,1791307571994,1791307574406,502,false,false,1502
vu-1266,02026467,1791307571996,1791307574406,502,false,false,1502
vu-5569,29029800,1791307571992,1791307574406,502,false,false,1502
vu-2230,05002511,1791307571998,1791307574406,502,false,false,1502
vu-3239,16008687,1791307571965,1791307574406,502,false,false,1502
vu-887,01094708,1791307571955,1791307574406,502,false,false,1502
vu-1510,02052545,1791307572001,1791307574406,502,false,false,1502
vu-7798,47004436,1791307571960,1791307574406,502,false,false,1502
vu-9018,54005612,1791307571983,1791307574406,502,false,false,1502
vu-4918,27010841,1791307571996,1791307574406,502,false,false,1502
vu-5126,28021267,1791307571995,1791307574406,502,false,false,1502
vu-6163,34006662,1791307571954,1791307574406,502,false,false,1502
vu-7338,42014325,1791307571956,1791307574406,502,false,false,1502
vu-1454,02046514,1791307572001,1791307574406,502,false,false,1502
vu-5556,29028412,1791307571989,1791307574406,502,false,false,1502
vu-393,01041970,1791307572001,1791307574406,502,false,false,1502
vu-2226,05002085,1791307571996,1791307574406,502,false,false,1502
vu-7391,43004542,1791307571961,1791307574406,502,false,false,1502
vu-125,01013281,1791307571989,1791307574406,502,false,false,1502
vu-6865,39009975,1791307572001,1791307574406,502,false,false,1502
vu-1440,02044997,1791307572001,1791307574406,502,false,false,1502
vu-114,01012113,1791307571998,1791307574406,502,false,false,1502
vu-378,01040377,1791307571957,1791307574406,502,false,false,1502
vu-2239,05003473,1791307571998,1791307574406,502,false,false,1502
vu-5114,28019989,1791307571979,1791307574406,502,false,false,1502
vu-1036,02002012,1791307571997,1791307574406,502,false,false,1502
vu-265,01028286,1791307571987,1791307574406,502,false,false,1502
vu-1043,02002756,1791307571997,1791307574406,502,false,false,1502
vu-143,01015221,1791307571979,1791307574406,502,false,false,1502
vu-5769,30014184,1791307571989,1791307574406,502,false,false,1502
vu-2659,12001446,1791307571957,1791307574406,502,false,false,1502
vu-5429,29014882,1791307571987,1791307574406,502,false,false,1502
vu-3428,17013361,1791307571994,1791307574406,502,false,false,1502
vu-5146,28023395,1791307571974,1791307574406,502,false,false,1502
vu-7074,41000643,1791307571984,1791307574406,502,false,false,1502
vu-246,01026255,1791307571948,1791307574406,502,false,false,1502
vu-7579,44013202,1791307571979,1791307574406,502,false,false,1502
vu-6828,39006028,1791307571990,1791307574406,502,false,false,1502
vu-4710,26011380,1791307571999,1791307574406,502,false,false,1502
vu-9958,64002704,1791307571997,1791307574406,502,false,false,1502
vu-6197,34010302,1791307571994,1791307574406,502,false,false,1502
vu-5148,28023609,1791307571975,1791307574407,502,false,false,1502
vu-9340,56011936,1791307571965,1791307574407,502,false,false,1502
vu-923,01098542,1791307571993,1791307574407,502,false,false,1502
vu-3595,18013188,1791307571995,1791307574407,502,false,false,1502
vu-5538,29026495,1791307571988,1791307574407,502,false,false,1502
vu-4525,25013454,1791307571994,1791307574407,502,false,false,1502
vu-9609,59007749,1791307571957,1791307574407,502,false,false,1502
vu-4760,26016715,1791307571951,1791307574407,502,false,false,1502
vu-2200,04012870,1791307571996,1791307574407,502,false,false,1502
vu-1590,02061231,1791307571952,1791307574407,502,false,false,1502
vu-460,01049116,1791307571992,1791307574407,502,false,false,1502
vu-1476,02048855,1791307571992,1791307574407,502,false,false,1502
vu-3029,15002755,1791307571995,1791307574407,502,false,false,1502
vu-9301,56007780,1791307571968,1791307574407,502,false,false,1502
vu-3932,21009576,1791307571993,1791307574407,502,false,false,1502
vu-2202,04013086,1791307571999,1791307574407,502,false,false,1502
vu-347,01037060,1791307571961,1791307574407,502,false,false,1502
vu-4429,25003232,1791307571992,1791307574407,502,false,false,1502
vu-517,01055193,1791307571998,1791307574407,502,false,false,1502
vu-8632,51013821,1791307571964,1791307574407,502,false,false,1502
vu-2673,12002940,1791307572001,1791307574407,502,false,false,1502
vu-7656,45006143,1791307571955,1791307574407,502,false,false,1502
vu-6564,37012580,1791307571979,1791307574407,502,false,false,1502
vu-4443,25004726,1791307571993,1791307574407,502,false,false,1502
vu-4952,28002688,1791307571997,1791307574407,502,false,false,1502
vu-777,01082966,1791307571969,1791307574407,502,false,false,1502
vu-2650,12000490,1791307571961,1791307574407,502,false,false,1502
vu-9414,57007637,1791307571957,1791307574407,502,false,false,1502
vu-9272,56004697,1791307571999,1791307574407,502,false,false,1502
vu-8314,49012288,1791307571994,1791307574407,502,false,false,1502
vu-6284,35002192,1791307571996,1791307574407,502,false,false,1502
vu-4066,22000405,1791307571950,1791307574407,502,false,false,1502
vu-7356,43000814,1791307571970,1791307574407,502,false,false,1502
vu-7202,41014298,1791307571954,1791307574407,502,false,false,1502
vu-6927,40005909,1791307571999,1791307574407,502,false,false,1502
vu-4644,26004327,1791307571963,1791307574407,502,false,false,1502
vu-9178,55007577,1791307571972,1791307574407,502,false,false,1502
vu-810,01086485,1791307571970,1791307574407,502,false,false,1502
vu-1675,02070361,1791307571993,1791307574407,502,false,false,1502
vu-108,01011476,1791307571996,1791307574407,502,false,false,1502
vu-2338,07001544,1791307571985,1791307574407,502,false,false,1502
vu-2112,04003414,1791307571951,1791307574408,502,false,false,1502
vu-4804,26021418,1791307571956,1791307574408,502,false,false,1502
vu-7678,46002177,1791307571986,1791307574408,502,false,false,1502
vu-7362,43001453,1791307571963,1791307574408,502,false,false,1502
vu-2154,04007935,1791307571998,1791307574409,502,false,false,1502
vu-3429,17013468,1791307571966,1791307574411,502,false,false,1502
vu-6135,34003674,1791307571996,1791307574411,502,false,false,1502
vu-2235,05003047,1791307571996,1791307574411,502,false,false,1502
vu-3341,17004045,1791307571979,1791307574411,502,false,false,1502
vu-6776,39000479,1791307571998,1791307574411,502,false,false,1502
vu-2990,14011269,1791307571998,1791307574411,502,false,false,1502
vu-7665,46000784,1791307571964,1791307574411,502,false,false,1502
vu-4263,23005012,1791307571992,1791307574411,502,false,false,1502
vu-9626,59009559,1791307571997,1791307574411,502,false,false,1502
vu-5293,29000326,1791307571963,1791307574411,502,false,false,1502
vu-302,01032253,1791307571954,1791307574411,502,false,false,1502
vu-5609,29034083,1791307571992,1791307574411,502,false,false,1502
vu-2865,13006628,1791307571979,1791307574411,502,false,false,1502
vu-4002,21017039,1791307571968,1791307574411,502,false,false,1502
vu-9230,56000230,1791307571977,1791307574412,502,false,false,1502
vu-5761,30013329,1791307571959,1791307574412,502,false,false,1502
vu-2678,12003472,1791307572000,1791307574412,502,false,false,1502
vu-6550,37011092,1791307571954,1791307574412,502,false,false,1502
vu-561,01059924,1791307571987,1791307574412,502,false,false,1502
vu-4979,28005577,1791307571991,1791307574412,502,false,false,1502
vu-3766,19009580,1791307571967,1791307574412,502,false,false,1502
vu-8868,53005965,1791307571991,1791307574412,502,false,false,1502
vu-998,01106543,1791307571985,1791307574412,502,false,false,1502
vu-2117,04003956,1791307571991,1791307574412,502,false,false,1502
vu-7724,46007073,1791307571954,1791307574412,502,false,false,1502
vu-2320,06005186,1791307571962,1791307574412,502,false,false,1502
vu-6260,34017059,1791307571962,1791307574412,502,false,false,1502
vu-1492,02050596,1791307572000,1791307574412,502,false,false,1502
vu-1357,02036132,1791307571970,1791307574412,502,false,false,1502
vu-3697,19002222,1791307571999,1791307574412,502,false,false,1502
vu-179,01019093,1791307572001,1791307574412,502,false,false,1502
vu-2071,03024705,1791307571989,1791307574412,502,false,false,1502
vu-2596,10007442,1791307571963,1791307574412,502,false,false,1502
vu-6922,40005376,1791307571997,1791307574412,502,false,false,1502
vu-1548,02056654,1791307571992,1791307574413,502,false,false,1502
vu-96,01010198,1791307571990,1791307574413,502,false,false,1502
vu-7736,46008348,1791307571991,1791307574413,502,false,false,1502
vu-2951,14007089,1791307571948,1791307574413,502,false,false,1502
vu-631,01067384,1791307571994,1791307574413,502,false,false,1502
vu-8135,48027254,1791307571995,1791307574413,502,false,false,1502
vu-3247,16009539,1791307571992,1791307574413,502,false,false,1502
vu-1041,02002543,1791307571998,1791307574413,502,false,false,1502
vu-4012,21018100,1791307571998,1791307574413,502,false,false,1502
vu-5588,29031841,1791307571993,1791307574413,502,false,false,1502
vu-3007,15000411,1791307571998,1791307574414,502,false,false,1502
vu-8321,49013031,1791307571991,1791307574414,502,false,false,1502
vu-2917,14003457,1791307571998,1791307574414,502,false,false,1502
vu-1558,02057798,1791307571988,1791307574414,502,false,false,1502
vu-5840,31004686,1791307571965,1791307574414,502,false,false,1502
vu-7921,48004365,1791307571995,1791307574414,502,false,false,1502
vu-8396,50005194,1791307571998,1791307574414,502,false,false,1502
vu-8064,48019674,1791307571992,1791307574415,502,false,false,1502
vu-5046,28012736,1791307571990,1791307574415,502,false,false,1502
vu-2915,14003244,1791307571999,1791307574415,502,false,false,1502
vu-9765,61007286,1791307571956,1791307574415,502,false,false,1502
vu-7530,44007997,1791307572001,1791307574415,502,false,false,1502
vu-7783,47002839,1791307571957,1791307574415,502,false,false,1502
vu-496,01052959,1791307571955,1791307574415,502,false,false,1502
vu-802,01085629,1791307571969,1791307574415,502,false,false,1502
vu-2386,08002453,1791307571960,1791307574415,502,false,false,1502
vu-2225,05001977,1791307571966,1791307574415,502,false,false,1502
vu-6768,38014868,1791307571954,1791307574415,502,false,false,1502
vu-833,01088939,1791307571962,1791307574415,502,false,false,1502
vu-5195,28028631,1791307571960,1791307574415,502,false,false,1502
vu-1566,02058677,1791307571994,1791307574415,502,false,false,1502
vu-1850,03001110,1791307571953,1791307574415,502,false,false,1502
vu-8733,52004270,1791307571952,1791307574415,502,false,false,1502
vu-5292,29000220,1791307571969,1791307574416,502,false,false,1502
vu-5187,28027773,1791307571952,1791307574416,502,false,false,1502
vu-6905,40003570,1791307571967,1791307574416,502,false,false,1502
vu-5338,29005161,1791307571967,1791307574416,502,false,false,1502
vu-5520,29024576,1791307571967,1791307574416,502,false,false,1502
vu-5859,31006709,1791307571958,1791307574416,502,false,false,1502
vu-755,01080623,1791307571960,1791307574416,502,false,false,1502
vu-6193,34009869,1791307571953,1791307574417,502,false,false,1502
vu-8797,52011079,1791307571961,1791307574417,502,false,false,1502
vu-8611,51011588,1791307571967,1791307574417,502,false,false,1502
vu-9918,63006148,1791307571962,1791307574417,502,false,false,1502
vu-5782,30015574,1791307571952,1791307574417,502,false,false,1502
vu-3443,17014964,1791307571965,1791307574417,502,false,false,1502
vu-6348,35009004,1791307571955,1791307574417,502,false,false,1502
vu-1808,02084562,1791307571969,1791307574417,502,false,false,1502
vu-3042,15004147,1791307571999,1791307574417,502,false,false,1502
vu-3454,17016141,1791307571990,1791307574417,502,false,false,1502
vu-855,01091294,1791307571977,1791307574417,502,false,false,1502
vu-2070,03024598,1791307571952,1791307574417,502,false,false,1502
vu-6741,38011994,1791307571991,1791307574417,502,false,false,1502
vu-6203,34010953,1791307571983,1791307574417,502,false,false,1502
vu-7958,48008314,1791307571995,1791307574417,502,false,false,1502
vu-4193,22013934,1791307571997,1791307574418,502,false,false,1502
vu-2227,05002192,1791307571997,1791307574418,502,false,false,1502
vu-3483,18001253,1791307571999,1791307574418,502,false,false,1502
vu-4431,25003446,1791307571994,1791307574418,502,false,false,1502
vu-8241,49004513,1791307571998,1791307574418,502,false,false,1502
vu-1227,02022323,1791307571997,1791307574418,502,false,false,1502
vu-595,01063556,1791307571990,1791307574418,502,false,false,1502
vu-7553,44010440,1791307571998,1791307574418,502,false,false,1502
vu-8087,48022124,1791307571989,1791307574418,502,false,false,1502
vu-5410,29012853,1791307571995,1791307574418,502,false,false,1502
vu-547,01058420,1791307571997,1791307574418,502,false,false,1502
vu-606,01064726,1791307571995,1791307574418,502,false,false,1502
vu-3760,19008940,1791307571966,1791307574418,502,false,false,1502
vu-7111,41004591,1791307571989,1791307574418,502,false,false,1502
vu-3008,15000518,1791307571994,1791307574419,502,false,false,1502
vu-1070,02005632,1791307571994,1791307574419,502,false,false,1502
vu-2906,14002280,1791307571996,1791307574419,502,false,false,1502
vu-9027,54006569,1791307571996,1791307574419,502,false,false,1502
vu-7169,41010777,1791307571990,1791307574419,502,false,false,1502
vu-1484,02049734,1791307571956,1791307574421,502,false,false,1502
vu-898,01095878,1791307571962,1791307574421,502,false,false,1502
vu-2823,13002150,1791307571950,1791307574421,502,false,false,1502
vu-6667,38004122,1791307571959,1791307574422,502,false,false,1502
vu-2015,03018732,1791307571968,1791307574422,502,false,false,1502
vu-4857,27004351,1791307571956,1791307574422,502,false,false,1502
vu-4762,26016928,1791307571951,1791307574422,502,false,false,1502
vu-5284,28038133,1791307571956,1791307574422,502,false,false,1502
vu-2675,12003153,1791307571958,1791307574422,502,false,false,1502
vu-7569,44012139,1791307571955,1791307574422,502,false,false,1502
vu-5585,29031517,1791307571947,1791307574423,502,false,false,1502
vu-2185,04011270,1791307571962,1791307574423,502,false,false,1502
vu-371,01039621,1791307571972,1791307574423,502,false,false,1502
vu-8520,51001906,1791307571956,1791307574423,502,false,false,1502
vu-2118,04004063,1791307571968,1791307574423,502,false,false,1502
vu-4119,22006050,1791307571963,1791307574423,502,false,false,1502
vu-1885,03004837,1791307571959,1791307574423,502,false,false,1502
vu-3343,17004264,1791307571978,1791307574423,200,true,false,
vu-2410,08005010,1791307571955,1791307574423,502,false,false,1502
vu-5727,30009701,1791307571964,1791307574423,502,false,false,1502
vu-3415,17011977,1791307571951,1791307574423,502,false,false,1502
vu-7256,42005591,1791307571957,1791307574423,502,false,false,1502
vu-2293,06002283,1791307571956,1791307574424,502,false,false,1502
vu-6050,33007457,1791307571965,1791307574424,502,false,false,1502
vu-7205,42000147,1791307571959,1791307574424,502,false,false,1502
vu-7545,44009589,1791307571968,1791307574424,502,false,false,1502
vu-3890,21005103,1791307571969,1791307574424,502,false,false,1502
vu-9602,59007001,1791307571950,1791307574424,502,false,false,1502
vu-48,01005040,1791307572001,1791307574424,502,false,false,1502
vu-915,01097692,1791307571962,1791307574424,502,false,false,1502
vu-2999,14012234,1791307571956,1791307574424,502,false,false,1502
vu-6128,34002929,1791307571964,1791307574424,502,false,false,1502
vu-4590,25020369,1791307571969,1791307574425,502,false,false,1502
vu-3335,17003400,1791307571960,1791307574425,502,false,false,1502
vu-8576,51007863,1791307571961,1791307574425,502,false,false,1502
vu-6765,38014549,1791307571951,1791307574425,502,false,false,1502
vu-7288,42009000,1791307571959,1791307574425,502,false,false,1502
vu-7231,42002928,1791307571961,1791307574425,502,false,false,1502
vu-664,01070897,1791307571950,1791307574425,502,false,false,1502
vu-329,01035123,1791307571970,1791307574426,502,false,false,1502
vu-931,01099403,1791307571952,1791307574427,502,false,false,1502
vu-8682,51019145,1791307571953,1791307574427,502,false,false,1502
vu-7475,44002138,1791307571961,1791307574427,502,false,false,1502
vu-5507,29023190,1791307571997,1791307574427,502,false,false,1502
vu-5016,28009539,1791307571992,1791307574427,502,false,false,1502
vu-6045,33006925,1791307571997,1791307574427,502,false,false,1502
vu-3121,15012581,1791307571989,1791307574427,502,false,false,1502
vu-8615,51012013,1791307571964,1791307574427,502,false,false,1502
vu-2429,08007039,1791307571958,1791307574428,502,false,false,1502
vu-5999,33002005,1791307572000,1791307574428,502,false,false,1502
vu-5097,28018173,1791307571960,1791307574428,502,false,false,1502
vu-759,01081049,1791307571999,1791307574428,502,false,false,1502
vu-6033,33005645,1791307571960,1791307574428,502,false,false,1502
vu-4759,26016609,1791307571957,1791307574428,502,false,false,1502
vu-7424,43008054,1791307571991,1791307574428,502,false,false,1502
vu-1666,02069390,1791307571990,1791307574428,502,false,false,1502
vu-3472,18000079,1791307571986,1791307574428,502,false,false,1502
vu-4670,26007101,1791307571994,1791307574428,502,false,false,1502
vu-6505,37006301,1791307571999,1791307574428,502,false,false,1502
vu-9960,64002916,1791307571966,1791307574428,502,false,false,1502
vu-5597,29032801,1791307571997,1791307574428,502,false,false,1502
vu-409,01043678,1791307571986,1791307574428,502,false,false,1502
vu-3587,18012339,1791307571959,1791307574428,502,false,false,1502
vu-6948,40008140,1791307571966,1791307574428,502,false,false,1502
vu-2062,03023743,1791307571963,1791307574428,502,false,false,1502
vu-2193,04012123,1791307571997,1791307574428,502,false,false,1502
vu-8440,50009887,1791307571987,1791307574428,502,false,false,1502
vu-1747,02078023,1791307571988,1791307574428,502,false,false,1502
vu-7583,44013629,1791307571996,1791307574428,502,false,false,1502
vu-8822,53001066,1791307571996,1791307574428,502,false,false,1502
vu-5752,30012370,1791307571994,1791307574428,502,false,false,1502
vu-4129,22007117,1791307571982,1791307574428,502,false,false,1502
vu-6560,37012154,1791307571961,1791307574428,502,false,false,1502
vu-2181,04010843,1791307571996,1791307574428,502,false,false,1502
vu-5228,28032152,1791307571958,1791307574429,502,false,false,1502
vu-9345,57000295,1791307571972,1791307574429,502,false,false,1502
vu-3839,19017358,1791307571995,1791307574429,502,false,false,1502
vu-7897,48001800,1791307571996,1791307574429,502,false,false,1502
vu-4061,21023333,1791307571993,1791307574429,502,false,false,1502
vu-6031,33005431,1791307571995,1791307574429,502,false,false,1502
vu-2083,04000310,1791307571995,1791307574429,502,false,false,1502
vu-3892,21005315,1791307571956,1791307574429,502,false,false,1502
vu-3295,16014644,1791307571967,1791307574429,502,false,false,1502
vu-4780,26018850,1791307571968,1791307574429,502,false,false,1502
vu-6731,38010933,1791307571955,1791307574429,502,false,false,1502
vu-1795,02083175,1791307571964,1791307574429,502,false,false,1502
vu-3098,15010125,1791307571998,1791307574429,502,false,false,1502
vu-4173,22011805,1791307571967,1791307574429,502,false,false,1502
vu-2505,09006748,1791307571974,1791307574429,502,false,false,1502
vu-2609,10008827,1791307571953,1791307574429,502,false,false,1502
vu-1888,03005156,1791307571961,1791307574429,502,false,false,1502
vu-4159,22010312,1791307571996,1791307574429,502,false,false,1502
vu-6318,35005806,1791307571968,1791307574429,502,false,false,1502
vu-8523,51002226,1791307571962,1791307574430,502,false,false,1502
vu-6333,35007406,1791307571952,1791307574430,502,false,false,1502
vu-1380,02038576,1791307571981,1791307574430,502,false,false,1502
vu-5651,30001606,1791307571952,1791307574430,502,false,false,1502
vu-6617,37018222,1791307571966,1791307574430,502,false,false,1502
vu-830,01088619,1791307571974,1791307574430,502,false,false,1502
vu-533,01056908,1791307571998,1791307574430,502,false,false,1502
vu-7752,46010053,1791307571999,1791307574430,502,false,false,1502
vu-5759,30013117,1791307571998,1791307574430,502,false,false,1502
vu-973,01103873,1791307572000,1791307574430,502,false,false,1502
vu-245,01026149,1791307571975,1791307574430,502,false,false,1502
vu-6930,40006228,1791307572000,1791307574430,502,false,false,1502
vu-8518,51001691,1791307571965,1791307574430,502,false,false,1502
vu-3547,18008073,1791307571966,1791307574430,502,false,false,1502
vu-4553,25016433,1791307571999,1791307574430,502,false,false,1502
vu-3592,18012870,1791307572000,1791307574430,502,false,false,1502
vu-6243,34015245,1791307571997,1791307574430,502,false,false,1502
vu-2198,04012658,1791307571999,1791307574430,502,false,false,1502
vu-2900,14001635,1791307571994,1791307574430,502,false,false,1502
vu-5748,30011944,1791307571998,1791307574430,502,false,false,1502
vu-5385,29010189,1791307571958,1791307574431,502,false,false,1502
vu-2270,05006776,1791307571967,1791307574431,502,false,false,1502
vu-5723,30009275,1791307571959,1791307574431,502,false,false,1502
vu-4819,27000286,1791307571967,1791307574431,502,false,false,1502
vu-1261,02025935,1791307571998,1791307574431,502,false,false,1502
vu-2194,04012229,1791307571963,1791307574431,502,false,false,1502
vu-4291,23007997,1791307571999,1791307574431,502,false,false,1502
vu-4754,26016078,1791307571991,1791307574431,502,false,false,1502
vu-4304,23009381,1791307571970,1791307574431,502,false,false,1502
vu-9672,60003785,1791307571969,1791307574431,502,false,false,1502
vu-1308,02030926,1791307571978,1791307574431,502,false,false,1502
vu-5377,29009331,1791307571970,1791307574431,502,false,false,1502
vu-4790,26019923,1791307571964,1791307574431,502,false,false,1502
vu-8243,49004729,1791307571998,1791307574431,502,false,false,1502
vu-548,01058527,1791307571997,1791307574431,502,false,false,1502
vu-2037,03021077,1791307571970,1791307574431,502,false,false,1502
vu-8889,53008196,1791307571983,1791307574431,502,false,false,1502
vu-2591,10006907,1791307571995,1791307574431,502,false,false,1502
vu-77,01008157,1791307571974,1791307574431,502,false,false,1502
vu-9259,56003315,1791307571970,1791307574431,502,false,false,1502
vu-6868,39010295,1791307571968,1791307574431,502,false,false,1502
vu-4275,23006290,1791307571998,1791307574431,502,false,false,1502
vu-945,01100891,1791307571958,1791307574431,502,false,false,1502
vu-1167,02015946,1791307571963,1791307574431,502,false,false,1502
vu-3816,19014909,1791307571968,1791307574431,502,false,false,1502
vu-9139,55003419,1791307571970,1791307574431,502,false,false,1502
vu-5363,29007842,1791307571972,1791307574431,502,false,false,1502
vu-6401,36000250,1791307571989,1791307574431,502,false,false,1502
vu-3974,21014049,1791307571964,1791307574431,502,false,false,1502
vu-1489,02050276,1791307571963,1791307574431,502,false,false,1502
vu-7398,43005288,1791307571969,1791307574432,502,false,false,1502
vu-4692,26009445,1791307572000,1791307574432,502,false,false,1502
vu-1439,02044889,1791307572000,1791307574432,502,false,false,1502
vu-8004,48013247,1791307571970,1791307574432,502,false,false,1502
vu-4222,23000635,1791307571956,1791307574432,200,true,false,
vu-7709,46005476,1791307571949,1791307574432,502,false,false,1502
vu-1934,03010077,1791307571972,1791307574433,502,false,false,1502
vu-2780,12014360,1791307571970,1791307574433,502,false,false,1502
vu-6624,37018967,1791307571967,1791307574433,502,false,false,1502
vu-3779,19010966,1791307571962,1791307574434,502,false,false,1502
vu-8097,48023193,1791307571949,1791307574434,502,false,false,1502
vu-9611,59007962,1791307571983,1791307574434,502,false,false,1502
vu-4380,24007617,1791307571956,1791307574434,502,false,false,1502
vu-9111,55000439,1791307571974,1791307574434,502,false,false,1502
vu-277,01029579,1791307571983,1791307574434,502,false,false,1502
vu-7794,47004010,1791307571982,1791307574434,502,false,false,1502
vu-2449,09000781,1791307571984,1791307574435,502,false,false,1502
vu-8876,53006815,1791307571975,1791307574435,502,false,false,1502
vu-5213,28030556,1791307571953,1791307574435,502,false,false,1502
vu-5688,30005548,1791307571962,1791307574435,502,false,false,1502
vu-974,01103979,1791307571991,1791307574435,502,false,false,1502
vu-458,01048904,1791307571985,1791307574435,502,false,false,1502
vu-6781,39001011,1791307571983,1791307574435,502,false,false,1502
vu-8391,50004663,1791307571988,1791307574435,502,false,false,1502
vu-1479,02049189,1791307571964,1791307574436,502,false,false,1502
vu-4584,25019732,1791307572001,1791307574436,200,true,false,
vu-5808,31001278,1791307571992,1791307574436,502,false,false,1502
vu-8000,48012820,1791307571953,1791307574437,502,false,false,1502
vu-1999,03017019,1791307571972,1791307574437,502,false,false,1502
vu-3246,16009433,1791307571996,1791307574437,502,false,false,1502
vu-3952,21011702,1791307571994,1791307574437,502,false,false,1502
vu-1412,02041979,1791307571968,1791307574437,502,false,false,1502
vu-2898,14001422,1791307571995,1791307574437,502,false,false,1502
vu-536,01057227,1791307571999,1791307574437,502,false,false,1502
vu-9549,59001357,1791307571955,1791307574437,502,false,false,1502
vu-1903,03006762,1791307571964,1791307574437,502,false,false,1502
vu-212,01022612,1791307571996,1791307574437,502,false,false,1502
vu-9744,61005056,1791307571996,1791307574438,502,false,false,1502
vu-4610,26000686,1791307571998,1791307574438,502,false,false,1502
vu-525,01056045,1791307571996,1791307574438,502,false,false,1502
vu-1436,02044563,1791307571999,1791307574438,502,false,false,1502
vu-8126,48026296,1791307571989,1791307574438,502,false,false,1502
vu-6547,37010772,1791307571991,1791307574438,502,false,false,1502
vu-3105,15010873,1791307571999,1791307574438,502,false,false,1502
vu-4764,26017141,1791307571990,1791307574438,502,false,false,1502
vu-2228,05002298,1791307572000,1791307574438,502,false,false,1502
vu-7065,40020604,1791307571980,1791307574438,502,false,false,1502
vu-2078,03025448,1791307571991,1791307574438,502,false,false,1502
vu-6173,34007727,1791307571995,1791307574438,502,false,false,1502
vu-8833,53002237,1791307571988,1791307574438,502,false,false,1502
vu-8039,48016993,1791307571998,1791307574438,502,false,false,1502
vu-2594,10007227,1791307571996,1791307574438,502,false,false,1502
vu-4047,21021833,1791307571990,1791307574438,502,false,false,1502
vu-3511,18004242,1791307571990,1791307574438,502,false,false,1502
vu-4953,28002797,1791307571997,1791307574438,502,false,false,1502
vu-1769,02080388,1791307571988,1791307574438,502,false,false,1502
vu-8156,48029492,1791307571998,1791307574438,502,false,false,1502
vu-2167,04009319,1791307571998,1791307574438,502,false,false,1502
vu-4862,27004883,1791307571984,1791307574439,502,false,false,1502
vu-5285,28038243,1791307571973,1791307574439,502,false,false,1502
vu-8437,50009568,1791307571985,1791307574439,502,false,false,1502
vu-8917,53011186,1791307571997,1791307574439,502,false,false,1502
vu-3557,18009139,1791307571959,1791307574439,502,false,false,1502
vu-6341,35008260,1791307571953,1791307574439,200,true,false,
vu-7558,44010970,1791307571976,1791307574439,502,false,false,1502
vu-1296,02029652,1791307571957,1791307574439,502,false,false,1502
vu-7142,41007898,1791307571963,1791307574440,502,false,false,1502
vu-4463,25006852,1791307572000,1791307574440,502,false,false,1502
vu-1253,02025085,1791307571998,1791307574440,502,false,false,1502
vu-9092,54013482,1791307571969,1791307574440,502,false,false,1502
vu-4684,26008593,1791307572000,1791307574440,502,false,false,1502
vu-6114,34001432,1791307571997,1791307574440,502,false,false,1502
vu-7522,44007147,1791307571992,1791307574440,502,false,false,1502
vu-1953,03012106,1791307571969,1791307574440,502,false,false,1502
vu-1362,02036663,1791307571975,1791307574441,502,false,false,1502
vu-3322,17002013,1791307571976,1791307574441,502,false,false,1502
vu-2973,14009447,1791307571982,1791307574441,502,false,false,1502
vu-1965,03013391,1791307571975,1791307574441,502,false,false,1502
vu-1890,03005369,1791307571978,1791307574441,502,false,false,1502
vu-1770,02080498,1791307571965,1791307574441,502,false,false,1502
vu-2797,12016174,1791307571975,1791307574441,502,false,false,1502
vu-8022,48015171,1791307571963,1791307574441,502,false,false,1502
vu-8114,48025012,1791307571989,1791307574442,502,false,false,1502
vu-3601,18013826,1791307571986,1791307574442,502,false,false,1502
vu-4536,25014624,1791307571966,1791307574442,502,false,false,1502
vu-3851,21000954,1791307571993,1791307574442,502,false,false,1502
vu-1285,02028485,1791307571976,1791307574443,502,false,false,1502
vu-192,01020479,1791307571964,1791307574444,502,false,false,1502
vu-2127,04005032,1791307571992,1791307574445,502,false,false,1502
vu-2403,08004265,1791307571983,1791307574445,502,false,false,1502
vu-3878,21003828,1791307571991,1791307574445,502,false,false,1502
vu-9410,57007210,1791307571989,1791307574445,502,false,false,1502
vu-9331,56010974,1791307571989,1791307574445,502,false,false,1502
vu-3846,21000420,1791307571985,1791307574445,502,false,false,1502
vu-2781,12014466,1791307571983,1791307574445,502,false,false,1502
vu-571,01060992,1791307571980,1791307574445,502,false,false,1502
vu-2514,09007708,1791307571977,1791307574445,502,false,false,1502
vu-4349,24004319,1791307571982,1791307574446,502,false,false,1502
vu-9738,61004418,1791307571981,1791307574446,502,false,false,1502
vu-7120,41005549,1791307571985,1791307574446,502,false,false,1502
vu-8359,50001263,1791307571986,1791307574446,502,false,false,1502
vu-8140,48027786,1791307571985,1791307574446,502,false,false,1502
vu-7034,40017302,1791307571990,1791307574446,502,false,false,1502
vu-5461,29018287,1791307571983,1791307574446,502,false,false,1502
vu-2525,09008883,1791307571980,1791307574446,502,false,false,1502
vu-7089,41002245,1791307571980,1791307574446,502,false,false,1502
vu-6911,40004207,1791307571985,1791307574446,502,false,false,1502
vu-8674,51018294,1791307571985,1791307574446,502,false,false,1502
vu-1475,02048749,1791307571986,1791307574446,502,false,false,1502
vu-988,01105473,1791307571986,1791307574446,502,false,false,1502
vu-4841,27002640,1791307572000,1791307574446,502,false,false,1502
vu-6862,39009656,1791307571966,1791307574447,502,false,false,1502
vu-4950,28002473,1791307571997,1791307574447,502,false,false,1502
vu-7179,41011845,1791307571954,1791307574447,502,false,false,1502
vu-546,01058312,1791307571998,1791307574447,502,false,false,1502
vu-9945,64001321,1791307572000,1791307574448,502,false,false,1502
vu-530,01056582,1791307571997,1791307574448,502,false,false,1502
vu-647,01069088,1791307571984,1791307574448,502,false,false,1502
vu-3753,19008193,1791307571996,1791307574448,502,false,false,1502
vu-59,01006233,1791307571998,1791307574448,502,false,false,1502
vu-7597,44015118,1791307571949,1791307574449,502,false,false,1502
vu-405,01043253,1791307571989,1791307574449,502,false,false,1502
vu-2746,12010738,1791307571968,1791307574449,502,false,false,1502
vu-9774,61008242,1791307571998,1791307574449,502,false,false,1502
vu-8842,53003195,1791307571990,1791307574449,502,false,false,1502
vu-7355,43000708,1791307571951,1791307574449,502,false,false,1502
vu-3138,15014393,1791307571990,1791307574449,502,false,false,1502
vu-4329,24002190,1791307571994,1791307574449,502,false,false,1502
vu-9977,64004723,1791307571989,1791307574449,502,false,false,1502
vu-7437,43009436,1791307571999,1791307574449,502,false,false,1502
vu-327,01034911,1791307571996,1791307574449,502,false,false,1502
vu-2197,04012551,1791307571998,1791307574449,502,false,false,1502
vu-7123,41005872,1791307571992,1791307574449,502,false,false,1502
vu-2713,12007204,1791307572001,1791307574449,502,false,false,1502
vu-6703,38007957,1791307571983,1791307574450,502,false,false,1502
vu-2800,12016493,1791307571955,1791307574450,502,false,false,1502
vu-6358,35010071,1791307571955,1791307574450,200,true,false,
vu-2444,09000249,1791307572000,1791307574450,502,false,false,1502
vu-3268,16011771,1791307571963,1791307574450,502,false,false,1502
vu-597,01063768,1791307571995,1791307574450,502,false,false,1502
vu-3232,16007939,1791307571969,1791307574450,502,false,false,1502
vu-7658,46000034,1791307571959,1791307574451,502,false,false,1502
vu-8498,50016068,1791307571992,1791307574451,502,false,false,1502
vu-6710,38008702,1791307571985,1791307574451,502,false,false,1502
vu-8066,48019888,1791307571968,1791307574451,502,false,false,1502
vu-7385,43003905,1791307571987,1791307574451,502,false,false,1502
vu-9208,55010776,1791307571983,1791307574451,502,false,false,1502
vu-2467,09002704,1791307571981,1791307574451,502,false,false,1502
vu-258,01027538,1791307571976,1791307574452,502,false,false,1502
vu-6569,37013117,1791307571977,1791307574452,502,false,false,1502
vu-461,01049223,1791307571971,1791307574452,502,false,false,1502
vu-7575,44012777,1791307571960,1791307574452,200,true,false,
vu-9337,56011611,1791307571978,1791307574452,502,false,false,1502
vu-3281,16013155,1791307571963,1791307574452,502,false,false,1502
vu-6513,37007151,1791307571969,1791307574452,502,false,false,1502
vu-2626,11001132,1791307571996,1791307574453,502,false,false,1502
vu-2347,07002502,1791307571963,1791307574453,502,false,false,1502
vu-1785,02082114,1791307571994,1791307574454,502,false,false,1502
vu-5760,30013223,1791307571986,1791307574454,502,false,false,1502
vu-7239,42003780,1791307571994,1791307574454,502,false,false,1502
vu-6817,39004854,1791307571990,1791307574454,502,false,false,1502
vu-8274,49008028,1791307571988,1791307574454,502,false,false,1502
vu-9252,56002571,1791307571982,1791307574454,502,false,false,1502
vu-6838,39007094,1791307571985,1791307574454,502,false,false,1502
vu-2565,10004132,1791307571953,1791307574454,502,false,false,1502
vu-4747,26015330,1791307571984,1791307574454,502,false,false,1502
vu-3927,21009045,1791307571991,1791307574454,502,false,false,1502
vu-7548,44009909,1791307571953,1791307574455,502,false,false,1502
vu-7898,48001906,1791307572000,1791307574455,502,false,false,1502
vu-4126,22006796,1791307571998,1791307574456,502,false,false,1502
vu-6280,35001767,1791307571990,1791307574456,502,false,false,1502
vu-2709,12006778,1791307572000,1791307574456,502,false,false,1502
vu-3124,15012904,1791307571995,1791307574456,502,false,false,1502
vu-8077,48021059,1791307571958,1791307574456,502,false,false,1502
vu-4428,25003123,1791307571995,1791307574456,502,false,false,1502
vu-3896,21005743,1791307571957,1791307574456,502,false,false,1502
vu-3933,21009683,1791307571996,1791307574456,502,false,false,1502
vu-4869,27005627,1791307572000,1791307574456,502,false,false,1502
vu-3895,21005634,1791307571996,1791307574456,502,false,false,1502
vu-7528,44007785,1791307571998,1791307574456,502,false,false,1502
vu-2418,08005870,1791307571949,1791307574456,502,false,false,1502
vu-6884,40001329,1791307572000,1791307574456,502,false,false,1502
vu-7762,47000593,1791307571998,1791307574456,502,false,false,1502
vu-130,01013815,1791307572000,1791307574457,502,false,false,1502
vu-4654,26005388,1791307571999,1791307574457,502,false,false,1502
vu-9955,64002384,1791307571994,1791307574457,502,false,false,1502
vu-2246,05004222,1791307571999,1791307574457,502,false,false,1502
vu-3127,15013223,1791307571994,1791307574457,502,false,false,1502
vu-7262,42006231,1791307571992,1791307574457,502,false,false,1502
vu-9639,60000263,1791307571959,1791307574457,502,false,false,1502
vu-6175,34007940,1791307571998,1791307574457,502,false,false,1502
vu-6353,35009535,1791307571987,1791307574457,502,false,false,1502
vu-6994,40013044,1791307571960,1791307574457,502,false,false,1502
vu-5044,28012523,1791307571992,1791307574458,502,false,false,1502
vu-5303,29001397,1791307571956,1791307574458,502,false,false,1502
vu-7713,46005901,1791307571995,1791307574459,502,false,false,1502
vu-8046,48017741,1791307571965,1791307574459,502,false,false,1502
vu-7093,41002670,1791307572001,1791307574459,502,false,false,1502
vu-384,01041014,1791307572000,1791307574459,502,false,false,1502
vu-345,01036846,1791307571982,1791307574459,502,false,false,1502
vu-7815,47006244,1791307571974,1791307574459,502,false,false,1502
vu-5613,29034509,1791307571952,1791307574459,502,false,false,1502
vu-5916,32001550,1791307571959,1791307574460,200,true,false,
vu-4114,22005517,1791307571985,1791307574460,502,false,false,1502
vu-2509,09007175,1791307571975,1791307574460,502,false,false,1502
vu-8262,49006751,1791307571962,1791307574460,502,false,false,1502
vu-836,01089259,1791307571971,1791307574460,502,false,false,1502
vu-5947,32004855,1791307571967,1791307574460,502,false,false,1502
vu-9394,57005510,1791307571966,1791307574460,502,false,false,1502
vu-9878,63001893,1791307571966,1791307574460,502,false,false,1502
vu-119,01012644,1791307571967,1791307574460,502,false,false,1502
vu-7586,44013948,1791307571984,1791307574460,502,false,false,1502
vu-6496,37005345,1791307571966,1791307574460,502,false,false,1502
vu-7679,46002283,1791307571973,1791307574460,502,false,false,1502
vu-7367,43001989,1791307571969,1791307574461,502,false,false,1502
vu-826,01088192,1791307571971,1791307574461,502,false,false,1502
vu-8989,54002527,1791307571972,1791307574461,502,false,false,1502
vu-2402,08004159,1791307571962,1791307574461,502,false,false,1502
vu-1531,02054804,1791307571986,1791307574461,502,false,false,1502
vu-3001,14012448,1791307571998,1791307574462,502,false,false,1502
vu-9698,61000143,1791307571971,1791307574462,502,false,false,1502
vu-6084,33011082,1791307571999,1791307574462,502,false,false,1502
vu-9850,62006180,1791307572000,1791307574462,502,false,false,1502
vu-5351,29006551,1791307571962,1791307574462,502,false,false,1502
vu-5468,29019035,1791307571998,1791307574462,502,false,false,1502
vu-8295,49010263,1791307571989,1791307574462,502,false,false,1502
vu-2608,10008720,1791307571994,1791307574462,502,false,false,1502
vu-5178,28026812,1791307571994,1791307574462,502,false,false,1502
vu-8516,51001477,1791307571974,1791307574462,502,false,false,1502
vu-7150,41008748,1791307571995,1791307574462,502,false,false,1502
vu-9758,61006542,1791307571949,1791307574462,502,false,false,1502
vu-5076,28015935,1791307571978,1791307574462,200,true,false,
vu-1764,02079852,1791307571989,1791307574462,502,false,false,1502
vu-1474,02048643,1791307572001,1791307574462,502,false,false,1502
vu-4896,27008500,1791307571992,1791307574462,502,false,false,1502
vu-8130,48026722,1791307571983,1791307574462,502,false,false,1502
vu-1317,02031882,1791307571959,1791307574462,502,false,false,1502
vu-4975,28005146,1791307571965,1791307574463,502,false,false,1502
vu-7882,48000197,1791307571965,1791307574463,502,false,false,1502
vu-1652,02067887,1791307571990,1791307574463,502,false,false,1502
vu-2443,09000142,1791307571974,1791307574463,502,false,false,1502
vu-2614,10009358,1791307571996,1791307574463,502,false,false,1502
vu-7960,48008526,1791307571973,1791307574463,502,false,false,1502
vu-913,01097480,1791307571967,1791307574463,502,false,false,1502
vu-349,01037272,1791307571967,1791307574463,502,false,false,1502
vu-5660,30002565,1791307571966,1791307574463,502,false,false,1502
vu-7153,41009068,1791307571968,1791307574463,502,false,false,1502
vu-3694,19001903,1791307571969,1791307574464,502,false,false,1502
vu-6690,38006574,1791307571969,1791307574464,502,false,false,1502
vu-1268,02026679,1791307571997,1791307574466,502,false,false,1502
vu-3003,14012660,1791307571997,1791307574466,502,false,false,1502
vu-3671,18021290,1791307571985,1791307574467,502,false,false,1502
vu-3424,17012936,1791307571958,1791307574467,502,false,false,1502
vu-6500,37005771,1791307572001,1791307574467,502,false,false,1502
vu-6643,38001568,1791307571999,1791307574467,502,false,false,1502
vu-3575,18011055,1791307571998,1791307574467,502,false,false,1502
vu-3527,18005942,1791307571996,1791307574467,502,false,false,1502
vu-2031,03020434,1791307571955,1791307574467,502,false,false,1502
vu-2247,05004328,1791307571996,1791307574467,502,false,false,1502
vu-3981,21014795,1791307571963,1791307574468,502,false,false,1502
vu-680,01072606,1791307572000,1791307574468,502,false,false,1502
vu-3458,17016569,1791307571997,1791307574468,502,false,false,1502
vu-8480,50014137,1791307571990,1791307574468,502,false,false,1502
vu-8343,49015367,1791307572001,1791307574468,502,false,false,1502
vu-7970,48009600,1791307572001,1791307574468,502,false,false,1502
vu-1820,02085846,1791307571954,1791307574468,502,false,false,1502
vu-6543,37010346,1791307571952,1791307574468,502,false,false,1502
vu-6606,37017053,1791307571996,1791307574468,502,false,false,1502
vu-3147,15015358,1791307571996,1791307574468,502,false,false,1502
vu-6158,34006131,1791307571993,1791307574468,502,false,false,1502
vu-6195,34010085,1791307571993,1791307574468,502,false,false,1502
vu-3991,21015863,1791307571995,1791307574468,502,false,false,1502
vu-1236,02023280,1791307571996,1791307574468,502,false,false,1502
vu-1091,02007864,1791307571998,1791307574468,502,false,false,1502
vu-8281,49008776,1791307572000,1791307574468,502,false,false,1502
vu-3826,19015974,1791307571999,1791307574468,502,false,false,1502
vu-632,01067490,1791307571998,1791307574468,502,false,false,1502
vu-4888,27007650,1791307571990,1791307574468,502,false,false,1502
vu-28,01002886,1791307571974,1791307574468,502,false,false,1502
vu-1405,02041236,1791307571979,1791307574468,502,false,false,1502
vu-661,01070578,1791307571964,1791307574469,502,false,false,1502
vu-9740,61004632,1791307571966,1791307574469,502,false,false,1502
vu-4276,23006397,1791307572001,1791307574469,502,false,false,1502
vu-2887,14000252,1791307571995,1791307574469,502,false,false,1502
vu-7128,41006404,1791307571999,1791307574469,502,false,false,1502
vu-4367,24006232,1791307571997,1791307574469,502,false,false,1502
vu-3579,18011484,1791307571957,1791307574469,502,false,false,1502
vu-5932,32003256,1791307571989,1791307574469,502,false,false,1502
vu-8969,54000400,1791307571966,1791307574469,502,false,false,1502
vu-2423,08006402,1791307571949,1791307574469,502,false,false,1502
vu-8974,54000932,1791307571973,1791307574469,502,false,false,1502
vu-4688,26009018,1791307572001,1791307574469,502,false,false,1502
vu-7565,44011715,1791307571995,1791307574469,502,false,false,1502
vu-5882,31009157,1791307571953,1791307574469,502,false,false,1502
vu-1700,02073018,1791307571952,1791307574469,502,false,false,1502
vu-9488,58004576,1791307571969,1791307574469,502,false,false,1502
vu-2697,12005500,1791307571999,1791307574469,502,false,false,1502
vu-8501,50016388,1791307571965,1791307574469,502,false,false,1502
vu-5140,28022757,1791307571956,1791307574469,502,false,false,1502
vu-3037,15003611,1791307571999,1791307574469,502,false,false,1502
vu-7906,48002763,1791307571989,1791307574469,502,false,false,1502
vu-5921,32002087,1791307572000,1791307574470,502,false,false,1502
vu-4681,26008274,1791307572000,1791307574471,502,false,false,1502
vu-1301,02030183,1791307571982,1791307574472,502,false,false,1502
vu-3959,21012449,1791307571996,1791307574472,502,false,false,1502
vu-2375,08001285,1791307571956,1791307574472,502,false,false,1502
vu-334,01035675,1791307571957,1791307574472,502,false,false,1502
vu-4929,28000215,1791307571974,1791307574473,502,false,false,1502
vu-9251,56002465,1791307571976,1791307574473,502,false,false,1502
vu-5512,29023722,1791307571999,1791307574473,502,false,false,1502
vu-2830,13002896,1791307572000,1791307574473,502,false,false,1502
vu-5906,32000482,1791307571980,1791307574473,502,false,false,1502
vu-4905,27009460,1791307571981,1791307574473,502,false,false,1502
vu-9025,54006357,1791307571979,1791307574473,502,false,false,1502
vu-9521,58008083,1791307571972,1791307574473,502,false,false,1502
vu-3179,16002291,1791307571972,1791307574473,502,false,false,1502
vu-16,01001609,1791307571993,1791307574473,502,false,false,1502
vu-3849,21000741,1791307571983,1791307574473,502,false,false,1502
vu-4488,25009515,1791307571985,1791307574473,502,false,false,1502
vu-84,01008902,1791307571994,1791307574473,502,false,false,1502
vu-6215,34012255,1791307571985,1791307574473,502,false,false,1502
vu-6108,34000793,1791307571993,1791307574473,502,false,false,1502
vu-5514,29023934,1791307571999,1791307574473,502,false,false,1502
vu-893,01095346,1791307571966,1791307574473,502,false,false,1502
vu-2644,11003060,1791307571992,1791307574473,502,false,false,1502
vu-3254,16010283,1791307571999,1791307574473,502,false,false,1502
vu-8070,48020314,1791307571995,1791307574473,502,false,false,1502
vu-2428,08006933,1791307571975,1791307574473,502,false,false,1502
vu-4769,26017673,1791307571960,1791307574473,502,false,false,1502
vu-9780,61008879,1791307571967,1791307574473,502,false,false,1502
vu-137,01014579,1791307571964,1791307574473,502,false,false,1502
vu-4425,25002805,1791307571990,1791307574473,502,false,false,1502
vu-2722,12008172,1791307571989,1791307574474,502,false,false,1502
vu-5967,32006994,1791307572000,1791307574474,502,false,false,1502
vu-9916,63005936,1791307571967,1791307574474,502,false,false,1502
vu-5272,28036847,1791307571965,1791307574474,502,false,false,1502
vu-7155,41009281,1791307571963,1791307574474,502,false,false,1502
vu-390,01041651,1791307571974,1791307574474,502,false,false,1502
vu-5437,29015732,1791307571969,1791307574474,502,false,false,1502
vu-3115,15011941,1791307571992,1791307574474,502,false,false,1502
vu-9841,62005212,1791307571959,1791307574474,200,true,false,
vu-1101,02008926,1791307571964,1791307574474,502,false,false,1502
vu-6656,38002952,1791307571959,1791307574474,502,false,false,1502
vu-4262,23004904,1791307571998,1791307574474,502,false,false,1502
vu-9961,64003023,1791307571979,1791307574474,502,false,false,1502
vu-8598,51010207,1791307571974,1791307574474,502,false,false,1502
vu-708,01075589,1791307571970,1791307574474,502,false,false,1502
vu-2415,08005549,1791307571975,1791307574474,502,false,false,1502
vu-2187,04011484,1791307571996,1791307574474,502,false,false,1502
vu-6802,39003251,1791307571985,1791307574474,502,false,false,1502
vu-7664,46000676,1791307571973,1791307574474,502,false,false,1502
vu-9316,56009377,1791307571982,1791307574474,502,false,false,1502
vu-2148,04007279,1791307571962,1791307574475,502,false,false,1502
vu-6104,34000367,1791307571965,1791307574475,502,false,false,1502
vu-7513,44006190,1791307571973,1791307574475,502,false,false,1502
vu-7183,41012269,1791307571970,1791307574475,502,false,false,1502
vu-9435,57009868,1791307571966,1791307574475,502,false,false,1502
vu-149,01015861,1791307571970,1791307574475,502,false,false,1502
vu-7013,40015063,1791307571974,1791307574475,502,false,false,1502
vu-7070,41000205,1791307571990,1791307574475,502,false,false,1502
vu-8922,53011717,1791307571961,1791307574475,502,false,false,1502
vu-1954,03012212,1791307571972,1791307574476,502,false,false,1502
vu-7902,48002336,1791307571965,1791307574476,502,false,false,1502
vu-677,01072287,1791307571977,1791307574476,502,false,false,1502
vu-2481,09004195,1791307571977,1791307574476,502,false,false,1502
vu-2526,09008991,1791307571976,1791307574476,502,false,false,1502
vu-9583,59004978,1791307571968,1791307574476,502,false,false,1502
vu-6117,34001753,1791307571963,1791307574476,502,false,false,1502
vu-8967,54000187,1791307571980,1791307574476,502,false,false,1502
vu-3412,17011657,1791307571963,1791307574476,502,false,false,1502
vu-5268,28036419,1791307571971,1791307574476,502,false,false,1502
vu-6545,37010559,1791307571966,1791307574477,502,false,false,1502
vu-2461,09002063,1791307571979,1791307574477,502,false,false,1502
vu-3074,15007563,1791307571986,1791307574478,502,false,false,1502
vu-7962,48008740,1791307571965,1791307574478,502,false,false,1502
vu-4273,23006078,1791307571966,1791307574478,502,false,false,1502
vu-3780,19011072,1791307571964,1791307574478,502,false,false,1502
vu-611,01065257,1791307572001,1791307574478,502,false,false,1502
vu-6463,37001829,1791307572000,1791307574478,502,false,false,1502
vu-729,01077836,1791307572000,1791307574478,502,false,false,1502
vu-912,01097374,1791307571985,1791307574478,502,false,false,1502
vu-2885,14000037,1791307571995,1791307574478,502,false,false,1502
vu-1715,02074622,1791307571966,1791307574478,502,false,false,1502
vu-6382,35012624,1791307571990,1791307574479,502,false,false,1502
vu-8873,53006496,1791307571977,1791307574479,502,false,false,1502
vu-2028,03020115,1791307571975,1791307574479,502,false,false,1502
vu-9293,56006929,1791307571966,1791307574479,502,false,false,1502
vu-4784,26019279,1791307571956,1791307574480,502,false,false,1502
vu-5721,30009062,1791307571953,1791307574480,502,false,false,1502
vu-9409,57007103,1791307571988,1791307574480,502,false,false,1502
vu-6956,40008994,1791307571987,1791307574480,502,false,false,1502
vu-7845,47009437,1791307571959,1791307574481,502,false,false,1502
vu-8367,50002113,1791307571968,1791307574481,502,false,false,1502
vu-2804,13000125,1791307571959,1791307574481,502,false,false,1502
vu-8519,51001798,1791307571959,1791307574481,502,false,false,1502
vu-2129,04005244,1791307571958,1791307574481,502,false,false,1502
vu-7868,47011882,1791307571962,1791307574482,502,false,false,1502
vu-4106,22004666,1791307571958,1791307574482,502,false,false,1502
vu-2724,12008389,1791307571966,1791307574482,502,false,false,1502
vu-330,01035236,1791307571963,1791307574482,502,false,false,1502
vu-6666,38004016,1791307571957,1791307574482,502,false,false,1502
vu-7973,48009925,1791307571960,1791307574482,502,false,false,1502
vu-5686,30005333,1791307571952,1791307574483,502,false,false,1502
vu-1589,02061124,1791307571984,1791307574483,502,false,false,1502
vu-8690,51019995,1791307571955,1791307574484,200,true,false,
vu-9652,60001652,1791307571982,1791307574485,502,false,false,1502
vu-9694,60006130,1791307571967,1791307574485,200,true,false,
vu-6895,40002500,1791307571957,1791307574487,502,false,false,1502
vu-922,01098436,1791307571985,1791307574487,502,false,false,1502
vu-4341,24003469,1791307571973,1791307574487,502,false,false,1502
vu-9314,56009164,1791307571980,1791307574487,502,false,false,1502
vu-9244,56001719,1791307571978,1791307574487,502,false,false,1502
vu-3203,16004842,1791307571989,1791307574487,502,false,false,1502
vu-2483,09004409,1791307571973,1791307574487,502,false,false,1502
vu-4646,26004539,1791307571956,1791307574488,200,true,false,
vu-5981,33000082,1791307572001,1791307574489,200,true,false,
vu-3286,16013687,1791307571958,1791307574490,502,false,false,1502
vu-5435,29015519,1791307571965,1791307574490,200,true,false,
vu-112,01011900,1791307571997,1791307574493,502,false,false,1502
vu-9144,55003956,1791307571967,1791307574495,502,false,false,1502
vu-9137,55003207,1791307571981,1791307574495,502,false,false,1502
vu-4065,22000298,1791307571980,1791307574495,200,true,false,
vu-1842,03000254,1791307571964,1791307574495,502,false,false,1502
vu-7856,47010608,1791307571962,1791307574496,502,false,false,1502
vu-4882,27007012,1791307571953,1791307574497,502,false,false,1502
vu-7072,41000425,1791307571983,1791307574498,502,false,false,1502
vu-2685,12004221,1791307572000,1791307574499,502,false,false,1502
vu-2617,11000161,1791307571998,1791307574499,502,false,false,1502
vu-2882,13008437,1791307571989,1791307574500,502,false,false,1502
vu-3165,16000803,1791307571973,1791307574500,502,false,false,1502
vu-6653,38002632,1791307571974,1791307574500,502,false,false,1502
vu-6048,33007243,1791307571967,1791307574500,502,false,false,1502
vu-3309,17000625,1791307572000,1791307574501,502,false,false,1502
vu-3625,18016381,1791307571964,1791307574501,502,false,false,1502
vu-624,01066639,1791307571996,1791307574501,502,false,false,1502
vu-1017,01108566,1791307571996,1791307574501,502,false,false,1502
vu-711,01075911,1791307571971,1791307574501,502,false,false,1502
vu-4951,28002580,1791307571954,1791307574501,502,false,false,1502
vu-5915,32001444,1791307571967,1791307574501,502,false,false,1502
vu-4657,26005709,1791307571996,1791307574501,502,false,false,1502
vu-4049,21022046,1791307571973,1791307574501,502,false,false,1502
vu-6226,34013430,1791307571995,1791307574501,502,false,false,1502
vu-2260,05005710,1791307571958,1791307574501,502,false,false,1502
vu-682,01072820,1791307571976,1791307574501,502,false,false,1502
vu-5419,29013814,1791307571967,1791307574501,502,false,false,1502
vu-8798,52011185,1791307571968,1791307574501,502,false,false,1502
vu-2598,10007655,1791307571957,1791307574501,502,false,false,1502
vu-5780,30015359,1791307571965,1791307574501,502,false,false,1502
vu-4306,23009594,1791307571955,1791307574501,502,false,false,1502
vu-457,01048797,1791307571968,1791307574501,502,false,false,1502
vu-9559,59002419,1791307571973,1791307574501,502,false,false,1502
vu-6709,38008596,1791307571973,1791307574501,502,false,false,1502
vu-7416,43007202,1791307571956,1791307574501,502,false,false,1502
vu-9418,57008062,1791307571976,1791307574501,502,false,false,1502
vu-1025,02000842,1791307571966,1791307574501,502,false,false,1502
vu-1855,03001643,1791307571964,1791307574501,502,false,false,1502
vu-3265,16011452,1791307571963,1791307574501,502,false,false,1502
vu-891,01095132,1791307571990,1791307574502,502,false,false,1502
vu-1014,01108247,1791307571999,1791307574501,502,false,false,1502
vu-2237,05003259,1791307571974,1791307574501,502,false,false,1502
vu-876,01093533,1791307571968,1791307574502,502,false,false,1502
vu-3596,18013294,1791307571961,1791307574502,502,false,false,1502
vu-5245,28033971,1791307571948,1791307574502,502,false,false,1502
vu-1417,02042527,1791307572000,1791307574502,502,false,false,1502
vu-3879,21003935,1791307571953,1791307574502,502,false,false,1502
vu-376,01040161,1791307572001,1791307574502,502,false,false,1502
vu-3724,19005107,1791307571978,1791307574502,502,false,false,1502
vu-7910,48003191,1791307571963,1791307574502,502,false,false,1502
vu-4716,26012020,1791307572001,1791307574502,502,false,false,1502
vu-2477,09003768,1791307571971,1791307574502,502,false,false,1502
vu-5845,31005219,1791307571971,1791307574502,502,false,false,1502
vu-9174,55007151,1791307571967,1791307574502,502,false,false,1502
vu-8848,53003834,1791307571979,1791307574502,502,false,false,1502
vu-9845,62005640,1791307571974,1791307574502,502,false,false,1502
vu-767,01081900,1791307572001,1791307574502,502,false,false,1502
vu-3446,17015282,1791307571998,1791307574502,502,false,false,1502
vu-7008,40014532,1791307571976,1791307574502,502,false,false,1502
vu-9350,57000828,1791307571965,1791307574502,502,false,false,1502
vu-4068,22000618,1791307571997,1791307574502,502,false,false,1502
vu-3164,16000697,1791307571961,1791307574502,502,false,false,1502
vu-3635,18017446,1791307571973,1791307574503,502,false,false,1502
vu-2688,12004541,1791307571999,1791307574504,502,false,false,1502
vu-2927,14004522,1791307571959,1791307574506,200,true,false,
vu-9613,59008174,1791307571966,1791307574508,502,false,false,1502
vu-6883,40001221,1791307572001,1791307574508,502,false,false,1502
vu-9370,57002959,1791307571971,1791307574509,502,false,false,1502
vu-368,01039299,1791307571970,1791307574511,502,false,false,1502
vu-540,01057661,1791307571970,1791307574522,502,false,false,1502
vu-9103,54014650,1791307571976,1791307574524,502,false,false,1502
vu-7283,42008468,1791307571963,1791307574524,502,false,false,1502
vu-9544,59000824,1791307571975,1791307574524,502,false,false,1502
vu-659,01070365,1791307571978,1791307574525,502,false,false,1502
vu-503,01053705,1791307571969,1791307574525,502,false,false,1502
vu-2172,04009859,1791307571972,1791307574525,502,false,false,1502
vu-2298,06002816,1791307571969,1791307574526,502,false,false,1502
vu-2895,14001104,1791307571998,1791307574526,502,false,false,1502
vu-6481,37003748,1791307571989,1791307574526,502,false,false,1502
vu-2748,12010950,1791307571974,1791307574526,502,false,false,1502
vu-1932,03009862,1791307571963,1791307574526,502,false,false,1502
vu-7079,41001175,1791307571971,1791307574526,502,false,false,1502
vu-4722,26012660,1791307571959,1791307574526,502,false,false,1502
vu-6515,37007364,1791307572000,1791307574526,502,false,false,1502
vu-9749,61005587,1791307571979,1791307574526,502,false,false,1502
vu-8290,49009732,1791307571986,1791307574526,502,false,false,1502
vu-6073,33009911,1791307571965,1791307574526,502,false,false,1502
vu-1768,02080278,1791307571992,1791307574526,502,false,false,1502
vu-2859,13005989,1791307571986,1791307574526,502,false,false,1502
vu-70,01007408,1791307571996,1791307574526,502,false,false,1502
vu-897,01095772,1791307571981,1791307574526,502,false,false,1502
vu-3109,15011299,1791307571964,1791307574526,502,false,false,1502
vu-3319,17001693,1791307572000,1791307574526,502,false,false,1502
vu-6275,35001232,1791307571978,1791307574526,502,false,false,1502
vu-3902,21006381,1791307571970,1791307574526,502,false,false,1502
vu-286,01030538,1791307571999,1791307574526,502,false,false,1502
vu-7229,42002716,1791307571963,1791307574526,502,false,false,1502
vu-9474,58003086,1791307571973,1791307574526,502,false,false,1502
vu-6192,34009762,1791307571990,1791307574526,502,false,false,1502
vu-7371,43002415,1791307571967,1791307574526,502,false,false,1502
vu-463,01049437,1791307571985,1791307574526,502,false,false,1502
vu-2131,04005457,1791307571996,1791307574526,502,false,false,1502
vu-7833,47008162,1791307571976,1791307574526,502,false,false,1502
vu-3821,19015443,1791307571955,1791307574526,502,false,false,1502
vu-2199,04012764,1791307572000,1791307574526,502,false,false,1502
vu-5336,29004948,1791307571968,1791307574526,502,false,false,1502
vu-5099,28018388,1791307571960,1791307574526,502,false,false,1502
vu-6968,40010274,1791307571996,1791307574526,502,false,false,1502
vu-3015,15001262,1791307571998,1791307574527,502,false,false,1502
vu-8715,52002352,1791307571974,1791307574527,502,false,false,1502
vu-1992,03016270,1791307571995,1791307574527,502,false,false,1502
vu-8891,53008408,1791307571975,1791307574527,502,false,false,1502
vu-2111,04003307,1791307571991,1791307574527,502,false,false,1502
vu-3476,18000506,1791307571967,1791307574527,502,false,false,1502
vu-2495,09005686,1791307571974,1791307574527,502,false,false,1502
vu-9789,61009834,1791307571965,1791307574527,502,false,false,1502
vu-4086,22002533,1791307571963,1791307574527,502,false,false,1502
vu-9312,56008952,1791307571973,1791307574527,502,false,false,1502
vu-3308,17000516,1791307571979,1791307574527,502,false,false,1502
vu-7635,45003906,1791307571970,1791307574527,502,false,false,1502
vu-469,01050075,1791307571967,1791307574527,502,false,false,1502
vu-7259,42005909,1791307571988,1791307574527,502,false,false,1502
vu-3542,18007541,1791307571961,1791307574527,502,false,false,1502
vu-9582,59004872,1791307571973,1791307574527,502,false,false,1502
vu-2346,07002396,1791307571957,1791307574527,502,false,false,1502
vu-1409,02041660,1791307571969,1791307574527,502,false,false,1502
vu-8600,51010421,1791307571975,1791307574527,502,false,false,1502
vu-2440,08008208,1791307571975,1791307574527,502,false,false,1502
vu-7233,42003141,1791307571969,1791307574527,502,false,false,1502
vu-9823,62003289,1791307571976,1791307574527,502,false,false,1502
vu-8608,51011270,1791307571968,1791307574527,502,false,false,1502
vu-6452,37000641,1791307571974,1791307574527,502,false,false,1502
vu-7353,43000492,1791307571964,1791307574527,502,false,false,1502
vu-5299,29000970,1791307571973,1791307574527,502,false,false,1502
vu-9037,54007634,1791307571977,1791307574527,502,false,false,1502
vu-2551,10002632,1791307571996,1791307574527,502,false,false,1502
vu-7718,46006436,1791307571982,1791307574527,502,false,false,1502
vu-1407,02041448,1791307571975,1791307574527,502,false,false,1502
vu-9217,55011733,1791307571977,1791307574527,502,false,false,1502
vu-1057,02004246,1791307572000,1791307574528,502,false,false,1502
vu-5259,28035460,1791307571976,1791307574528,502,false,false,1502
vu-3515,18004667,1791307571982,1791307574528,502,false,false,1502
vu-6249,34015886,1791307571968,1791307574528,502,false,false,1502
vu-9466,58002233,1791307571967,1791307574528,502,false,false,1502
vu-9396,57005722,1791307571974,1791307574528,502,false,false,1502
vu-4372,24006766,1791307571952,1791307574528,502,false,false,1502
vu-5210,28030234,1791307571972,1791307574528,502,false,false,1502
vu-3550,18008393,1791307571976,1791307574528,502,false,false,1502
vu-3739,19006702,1791307571987,1791307574528,502,false,false,1502
vu-379,01040483,1791307571969,1791307574528,502,false,false,1502
vu-1373,02037831,1791307571978,1791307574528,502,false,false,1502
vu-8242,49004622,1791307571998,1791307574528,502,false,false,1502
vu-9822,62003183,1791307571973,1791307574528,502,false,false,1502
vu-8648,51015525,1791307571989,1791307574528,502,false,false,1502
vu-8979,54001463,1791307571978,1791307574528,502,false,false,1502
vu-9433,57009655,1791307571975,1791307574528,502,false,false,1502
vu-8796,52010973,1791307571973,1791307574528,502,false,false,1502
vu-1286,02028591,1791307571971,1791307574528,502,false,false,1502
vu-161,01017154,1791307571976,1791307574528,502,false,false,1502
vu-7776,47002089,1791307571950,1791307574528,502,false,false,1502
vu-9716,61002061,1791307571979,1791307574528,502,false,false,1502
vu-3624,18016275,1791307571994,1791307574528,502,false,false,1502
vu-794,01084776,1791307571968,1791307574528,502,false,false,1502
vu-1649,02067565,1791307571980,1791307574528,502,false,false,1502
vu-6379,35012302,1791307571988,1791307574528,502,false,false,1502
vu-3661,18020225,1791307571965,1791307574528,502,false,false,1502
vu-1265,02026360,1791307571999,1791307574528,502,false,false,1502
vu-5161,28024998,1791307571978,1791307574528,502,false,false,1502
vu-2401,08004053,1791307571973,1791307574528,502,false,false,1502
vu-8815,53000322,1791307571970,1791307574528,502,false,false,1502
vu-9342,56012156,1791307571974,1791307574528,502,false,false,1502
vu-8738,52004808,1791307571975,1791307574528,502,false,false,1502
vu-1299,02029971,1791307571981,1791307574528,502,false,false,1502
vu-5835,31004154,1791307571978,1791307574528,502,false,false,1502
vu-9938,64000576,1791307571976,1791307574528,502,false,false,1502
vu-9636,59010624,1791307571971,1791307574528,502,false,false,1502
vu-6519,37007790,1791307572000,1791307574528,502,false,false,1502
vu-8175,48031522,1791307571982,1791307574528,502,false,false,1502
vu-1601,02062400,1791307571984,1791307574528,502,false,false,1502
vu-4727,26013192,1791307571966,1791307574529,502,false,false,1502
vu-1216,02021153,1791307571998,1791307574528,502,false,false,1502
vu-3296,16014750,1791307571954,1791307574529,502,false,false,1502
vu-9288,56006396,1791307571974,1791307574529,502,false,false,1502
vu-8216,49001856,1791307571990,1791307574529,502,false,false,1502
vu-7693,46003774,1791307571969,1791307574529,502,false,false,1502
vu-9782,61009091,1791307571974,1791307574529,502,false,false,1502
vu-1134,02012437,1791307571993,1791307574529,502,false,false,1502
vu-3158,16000053,1791307571971,1791307574529,502,false,false,1502
vu-5637,30000115,1791307571986,1791307574529,502,false,false,1502
vu-7014,40015169,1791307571978,1791307574529,502,false,false,1502
vu-8777,52008954,1791307571979,1791307574529,502,false,false,1502
vu-5479,29020210,1791307571997,1791307574529,502,false,false,1502
vu-227,01024218,1791307571969,1791307574529,502,false,false,1502
vu-7402,43005713,1791307571958,1791307574529,502,false,false,1502
vu-8585,51008822,1791307571985,1791307574529,502,false,false,1502
vu-7799,47004543,1791307571976,1791307574529,502,false,false,1502
vu-3028,15002648,1791307571997,1791307574529,502,false,false,1502
vu-7370,43002307,1791307571972,1791307574529,502,false,false,1502
vu-591,01063129,1791307571990,1791307574529,502,false,false,1502
vu-4808,26021844,1791307571965,1791307574529,502,false,false,1502
vu-1404,02041129,1791307571973,1791307574529,502,false,false,1502
vu-8047,48017848,1791307571965,1791307574529,502,false,false,1502
vu-2839,13003854,1791307571986,1791307574529,502,false,false,1502
vu-5082,28016574,1791307571975,1791307574529,502,false,false,1502
vu-8865,53005646,1791307571988,1791307574529,502,false,false,1502
vu-8910,53010442,1791307571984,1791307574529,502,false,false,1502
vu-8803,52011719,1791307571978,1791307574529,502,false,false,1502
vu-8400,50005619,1791307571999,1791307574529,502,false,false,1502
vu-9807,62001574,1791307571977,1791307574529,502,false,false,1502
vu-9560,59002525,1791307571973,1791307574529,502,false,false,1502
vu-8888,53008089,1791307571983,1791307574529,502,false,false,1502
vu-9114,55000757,1791307571979,1791307574529,502,false,false,1502
vu-6049,33007349,1791307571954,1791307574529,502,false,false,1502
vu-9873,63001360,1791307571972,1791307574529,502,false,false,1502
vu-4034,21020444,1791307571958,1791307574529,502,false,false,1502
vu-9358,57001678,1791307571970,1791307574529,502,false,false,1502
vu-5850,31005751,1791307571961,1791307574529,502,false,false,1502
vu-3169,16001228,1791307571976,1791307574529,502,false,false,1502
vu-4779,26018743,1791307571973,1791307574530,502,false,false,1502
vu-4205,22015212,1791307571981,1791307574530,502,false,false,1502
vu-3400,17010377,1791307571996,1791307574533,502,false,false,1502
vu-6529,37008853,1791307571999,1791307574534,502,false,false,1502
vu-1048,02003290,1791307571999,1791307574534,502,false,false,1502
vu-3297,16014858,1791307571972,1791307574535,502,false,false,1502
vu-1791,02082751,1791307571978,1791307574535,502,false,false,1502
vu-4268,23005545,1791307571970,1791307574535,502,false,false,1502
vu-5217,28030983,1791307571965,1791307574536,502,false,false,1502
vu-2204,04013300,1791307571998,1791307574536,502,false,false,1502
vu-351,01037486,1791307571982,1791307574536,502,false,false,1502
vu-528,01056366,1791307571970,1791307574536,502,false,false,1502
vu-5415,29013387,1791307571976,1791307574536,502,false,false,1502
vu-4019,21018849,1791307571977,1791307574536,502,false,false,1502
vu-8923,53011823,1791307571970,1791307574536,502,false,false,1502
vu-4578,25019095,1791307571968,1791307574536,502,false,false,1502
vu-8328,49013774,1791307571984,1791307574536,502,false,false,1502
vu-7757,47000058,1791307571969,1791307574536,502,false,false,1502
vu-144,01015328,1791307571993,1791307574536,502,false,false,1502
vu-5522,29024791,1791307571998,1791307574536,502,false,false,1502
vu-5464,29018608,1791307571978,1791307574536,502,false,false,1502
vu-358,01038236,1791307571973,1791307574536,502,false,false,1502
vu-2074,03025023,1791307571971,1791307574536,502,false,false,1502
vu-9794,62000184,1791307571965,1791307574537,502,false,false,1502
vu-2893,14000892,1791307571969,1791307574537,502,false,false,1502
vu-6470,37002576,1791307571969,1791307574537,502,false,false,1502
vu-291,01031071,1791307571984,1791307574537,502,false,false,1502
vu-4648,26004751,1791307571958,1791307574537,502,false,false,1502
vu-7337,42014219,1791307571949,1791307574537,502,false,false,1502
vu-6696,38007211,1791307571949,1791307574537,502,false,false,1502
vu-4846,27003177,1791307571992,1791307574537,502,false,false,1502
vu-154,01016398,1791307571987,1791307574537,502,false,false,1502
vu-5011,28009004,1791307571978,1791307574537,502,false,false,1502
vu-1776,02081153,1791307571986,1791307574537,502,false,false,1502
vu-3451,17015819,1791307571989,1791307574537,502,false,false,1502
vu-3104,15010763,1791307571987,1791307574537,502,false,false,1502
vu-8788,52010124,1791307571956,1791307574537,502,false,false,1502
vu-1802,02083924,1791307571987,1791307574537,502,false,false,1502
vu-8443,50010205,1791307571992,1791307574537,502,false,false,1502
vu-5203,28029486,1791307571948,1791307574537,502,false,false,1502
vu-5945,32004643,1791307572001,1791307574537,502,false,false,1502
vu-4014,21018314,1791307571995,1791307574537,502,false,false,1502
vu-6987,40012301,1791307571961,1791307574537,502,false,false,1502
vu-6678,38005294,1791307571975,1791307574537,502,false,false,1502
vu-8866,53005752,1791307571986,1791307574537,502,false,false,1502
vu-1704,02073449,1791307571993,1791307574537,502,false,false,1502
vu-9087,54012951,1791307571957,1791307574537,502,false,false,1502
vu-3721,19004785,1791307571998,1791307574537,502,false,false,1502
vu-1710,02074088,1791307571992,1791307574537,502,false,false,1502
vu-8227,49003027,1791307571991,1791307574537,502,false,false,1502
vu-8160,48029921,1791307571988,1791307574537,502,false,false,1502
vu-8663,51017125,1791307571988,1791307574537,502,false,false,1502
vu-6476,37003216,1791307571978,1791307574537,502,false,false,1502
vu-6255,34016525,1791307571992,1791307574537,502,false,false,1502
vu-4361,24005595,1791307571997,1791307574537,502,false,false,1502
vu-1295,02029546,1791307571950,1791307574537,502,false,false,1502
vu-3942,21010638,1791307571991,1791307574537,502,false,false,1502
vu-9839,62004996,1791307571974,1791307574537,502,false,false,1502
vu-5619,29035151,1791307571989,1791307574537,502,false,false,1502
vu-1006,01107397,1791307571989,1791307574537,502,false,false,1502
vu-9790,61009941,1791307571962,1791307574537,502,false,false,1502
vu-2689,12004647,1791307571955,1791307574537,502,false,false,1502
vu-1213,02020833,1791307571964,1791307574537,502,false,false,1502
vu-7225,42002287,1791307571952,1791307574537,502,false,false,1502
vu-4336,24002936,1791307571990,1791307574537,502,false,false,1502
vu-188,01020053,1791307571984,1791307574538,502,false,false,1502
vu-4836,27002103,1791307571984,1791307574538,502,false,false,1502
vu-4868,27005521,1791307571980,1791307574538,502,false,false,1502
vu-3208,16005378,1791307571993,1791307574538,502,false,false,1502
vu-7506,44005446,1791307571969,1791307574538,502,false,false,1502
vu-443,01047302,1791307571963,1791307574538,502,false,false,1502
vu-4845,27003070,1791307571995,1791307574538,502,false,false,1502
vu-7404,43005926,1791307571983,1791307574538,502,false,false,1502
vu-2453,09001207,1791307571999,1791307574538,502,false,false,1502
vu-9625,59009453,1791307571993,1791307574538,502,false,false,1502
vu-3802,19013417,1791307571962,1791307574539,502,false,false,1502
vu-8425,50008294,1791307571988,1791307574539,502,false,false,1502
vu-9166,55006300,1791307571959,1791307574539,502,false,false,1502
vu-4559,25017073,1791307571955,1791307574539,502,false,false,1502
vu-1073,02005951,1791307571999,1791307574539,502,false,false,1502
vu-1414,02042199,1791307571972,1791307574539,502,false,false,1502
vu-1135,02012544,1791307571970,1791307574539,502,false,false,1502
vu-1569,02058997,1791307571983,1791307574539,502,false,false,1502
vu-2017,03018946,1791307571972,1791307574539,502,false,false,1502
vu-3089,15009165,1791307571982,1791307574539,502,false,false,1502
vu-2809,13000656,1791307571982,1791307574539,502,false,false,1502
vu-5806,31001064,1791307572001,1791307574540,502,false,false,1502
vu-7368,43002095,1791307571967,1791307574540,502,false,false,1502
vu-7360,43001239,1791307571954,1791307574540,502,false,false,1502
vu-757,01080837,1791307572001,1791307574540,502,false,false,1502
vu-5211,28030340,1791307571975,1791307574541,502,false,false,1502
vu-1948,03011570,1791307571971,1791307574541,502,false,false,1502
vu-5902,32000055,1791307571973,1791307574541,502,false,false,1502
vu-8693,52000006,1791307571952,1791307574541,502,false,false,1502
vu-925,01098756,1791307571962,1791307574541,502,false,false,1502
vu-686,01073244,1791307571976,1791307574541,502,false,false,1502
vu-6009,33003072,1791307571972,1791307574542,502,false,false,1502
vu-9700,61000356,1791307571969,1791307574542,502,false,false,1502
vu-2768,12013080,1791307571973,1791307574542,502,false,false,1502
vu-9723,61002806,1791307571973,1791307574542,502,false,false,1502
vu-2448,09000674,1791307571975,1791307574542,502,false,false,1502
vu-6688,38006360,1791307571996,1791307574542,502,false,false,1502
vu-7816,47006351,1791307571952,1791307574542,502,false,false,1502
vu-4478,25008449,1791307571976,1791307574542,502,false,false,1502
vu-6137,34003890,1791307571975,1791307574542,502,false,false,1502
vu-3238,16008580,1791307571994,1791307574542,502,false,false,1502
vu-3792,19012352,1791307571965,1791307574542,502,false,false,1502
vu-1717,02074834,1791307571993,1791307574542,502,false,false,1502
vu-5221,28031407,1791307571984,1791307574542,502,false,false,1502
vu-98,01010410,1791307571973,1791307574542,502,false,false,1502
vu-5030,28011030,1791307571993,1791307574542,502,false,false,1502
vu-3101,15010443,1791307571980,1791307574542,502,false,false,1502
vu-2137,04006100,1791307571988,1791307574542,502,false,false,1502
vu-8098,48023301,1791307571985,1791307574542,502,false,false,1502
vu-7695,46003986,1791307571967,1791307574542,502,false,false,1502
vu-9912,63005508,1791307571954,1791307574542,502,false,false,1502
vu-1946,03011358,1791307571981,1791307574542,502,false,false,1502
vu-373,01039834,1791307571972,1791307574542,502,false,false,1502
vu-3181,16002505,1791307571971,1791307574542,502,false,false,1502
vu-4152,22009567,1791307571970,1791307574543,502,false,false,1502
vu-7653,45005824,1791307571993,1791307574543,502,false,false,1502
vu-2442,09000035,1791307571980,1791307574543,502,false,false,1502
vu-166,01017692,1791307571975,1791307574543,502,false,false,1502
vu-2818,13001619,1791307571985,1791307574543,502,false,false,1502
vu-9072,54011358,1791307571971,1791307574543,502,false,false,1502
vu-2021,03019371,1791307571974,1791307574543,502,false,false,1502
vu-1084,02007121,1791307571993,1791307574543,502,false,false,1502
vu-5584,29031405,1791307571979,1791307574543,502,false,false,1502
vu-9052,54009230,1791307571974,1791307574546,502,false,false,1502
vu-1060,02004567,1791307571965,1791307574546,502,false,false,1502
vu-3563,18009777,1791307571977,1791307574547,502,false,false,1502
vu-3616,18015425,1791307571979,1791307574547,502,false,false,1502
vu-9042,54008166,1791307571975,1791307574547,502,false,false,1502
vu-6460,37001509,1791307571951,1791307574547,502,false,false,1502
vu-2468,09002810,1791307571983,1791307574547,502,false,false,1502
vu-8655,51016274,1791307571968,1791307574547,502,false,false,1502
vu-8966,54000079,1791307571981,1791307574547,502,false,false,1502
vu-7036,40017517,1791307571980,1791307574547,502,false,false,1502
vu-1280,02027953,1791307571979,1791307574547,502,false,false,1502
vu-6704,38008064,1791307571981,1791307574547,502,false,false,1502
vu-5023,28010285,1791307571965,1791307574548,502,false,false,1502
vu-9891,63003275,1791307571960,1791307574548,502,false,false,1502
vu-9460,58001589,1791307571959,1791307574548,502,false,false,1502
vu-5862,31007028,1791307571953,1791307574548,502,false,false,1502
vu-9482,58003935,1791307571978,1791307574549,502,false,false,1502
vu-2586,10006370,1791307571958,1791307574549,502,false,false,1502
vu-3188,16003249,1791307571988,1791307574549,502,false,false,1502
vu-7249,42004846,1791307571993,1791307574550,502,false,false,1502
vu-8429,50008718,1791307571980,1791307574550,502,false,false,1502
vu-6017,33003928,1791307572001,1791307574550,502,false,false,1502
vu-4297,23008635,1791307571997,1791307574550,502,false,false,1502
vu-4717,26012127,1791307571994,1791307574550,502,false,false,1502
vu-6522,37008110,1791307571956,1791307574550,502,false,false,1502
vu-9477,58003404,1791307571960,1791307574551,502,false,false,1502
vu-436,01046548,1791307571950,1791307574551,502,false,false,1502
vu-8021,48015065,1791307571994,1791307574551,502,false,false,1502
vu-4894,27008288,1791307571984,1791307574551,502,false,false,1502
vu-5559,29028732,1791307571989,1791307574551,502,false,false,1502
vu-6060,33008526,1791307571996,1791307574551,502,false,false,1502
vu-5327,29003974,1791307571989,1791307574551,502,false,false,1502
vu-9911,63005402,1791307571995,1791307574551,502,false,false,1502
vu-2821,13001938,1791307571981,1791307574551,502,false,false,1502
vu-1571,02059209,1791307571981,1791307574552,502,false,false,1502
vu-9233,56000549,1791307571973,1791307574552,502,false,false,1502
vu-2124,04004708,1791307571993,1791307574552,502,false,false,1502
vu-3953,21011808,1791307571967,1791307574553,502,false,false,1502
vu-8025,48015494,1791307571972,1791307574553,502,false,false,1502
vu-5214,28030662,1791307571977,1791307574553,502,false,false,1502
vu-1477,02048968,1791307572001,1791307574554,200,true,false,
vu-6592,37015565,1791307571982,1791307574554,502,false,false,1502
vu-9499,58005744,1791307571975,1791307574555,502,false,false,1502
vu-9276,56005122,1791307571979,1791307574555,502,false,false,1502
vu-8813,53000110,1791307571952,1791307574555,200,true,false,
vu-9073,54011465,1791307571979,1791307574556,502,false,false,1502
vu-395,01042185,1791307571958,1791307574557,200,true,false,
vu-6813,39004429,1791307571964,1791307574557,502,false,false,1502
vu-744,01079453,1791307571973,1791307574557,502,false,false,1502
vu-9098,54014120,1791307571979,1791307574557,502,false,false,1502
vu-8131,48026828,1791307571992,1791307574558,502,false,false,1502
vu-8125,48026189,1791307571991,1791307574559,502,false,false,1502
vu-1527,02054378,1791307571972,1791307574559,502,false,false,1502
vu-1359,02036344,1791307571973,1791307574560,502,false,false,1502
vu-3128,15013330,1791307571997,1791307574560,502,false,false,1502
vu-3898,21005955,1791307571967,1791307574560,502,false,false,1502
vu-3502,18003278,1791307571995,1791307574560,502,false,false,1502
vu-2502,09006430,1791307571966,1791307574561,502,false,false,1502
vu-8249,49005370,1791307571985,1791307574561,502,false,false,1502
vu-62,01006552,1791307571976,1791307574561,502,false,false,1502
vu-5089,28017317,1791307571981,1791307574561,502,false,false,1502
vu-1446,02045659,1791307571969,1791307574561,502,false,false,1502
vu-8366,50002007,1791307571969,1791307574561,502,false,false,1502
vu-6301,35004000,1791307571990,1791307574561,502,false,false,1502
vu-1365,02036981,1791307571976,1791307574561,502,false,false,1502
vu-3291,16014220,1791307571998,1791307574561,502,false,false,1502
vu-8432,50009038,1791307571988,1791307574561,502,false,false,1502
vu-2252,05004859,1791307571969,1791307574561,502,false,false,1502
vu-1709,02073982,1791307571988,1791307574561,502,false,false,1502
vu-5340,29005375,1791307571964,1791307574561,502,false,false,1502
vu-1054,02003927,1791307571967,1791307574561,502,false,false,1502
vu-6440,36004405,1791307571971,1791307574561,502,false,false,1502
vu-6209,34011608,1791307571989,1791307574562,502,false,false,1502
vu-9944,64001214,1791307571978,1791307574562,502,false,false,1502
vu-2817,13001512,1791307571982,1791307574563,502,false,false,1502
vu-3377,17007922,1791307571980,1791307574563,502,false,false,1502
vu-1638,02066338,1791307571958,1791307574564,200,true,false,
vu-5629,29036216,1791307571987,1791307574565,500,false,false,1500
vu-6762,38014230,1791307571978,1791307574566,502,false,false,1502
vu-2289,06001849,1791307571982,1791307574566,502,false,false,1502
vu-9513,58007234,1791307571979,1791307574566,502,false,false,1502
vu-3229,16007618,1791307571991,1791307574566,502,false,false,1502
vu-2022,03019478,1791307571974,1791307574566,502,false,false,1502
vu-707,01075482,1791307571972,1791307574566,502,false,false,1502
vu-5554,29028199,1791307571983,1791307574567,502,false,false,1502
vu-3605,18014252,1791307571983,1791307574567,502,false,false,1502
vu-2749,12011057,1791307571974,1791307574567,502,false,false,1502
vu-2069,03024491,1791307571988,1791307574567,502,false,false,1502
vu-6254,34016419,1791307571997,1791307574567,502,false,false,1502
vu-1175,02016795,1791307571981,1791307574567,502,false,false,1502
vu-190,01020265,1791307571974,1791307574568,500,false,false,1500
vu-8931,53012676,1791307571974,1791307574569,502,false,false,1502
vu-7448,43010609,1791307571979,1791307574569,502,false,false,1502
vu-5614,29034615,1791307571986,1791307574569,502,false,false,1502
vu-8521,51002012,1791307571967,1791307574570,502,false,false,1502
vu-4977,28005362,1791307571971,1791307574570,502,false,false,1502
vu-6983,40011874,1791307571979,1791307574570,502,false,false,1502
vu-215,01022933,1791307571963,1791307574570,502,false,false,1502
vu-4990,28006751,1791307571951,1791307574571,502,false,false,1502
vu-621,01066321,1791307571996,1791307574571,502,false,false,1502
vu-7495,44004278,1791307571963,1791307574571,502,false,false,1502
vu-2537,10001137,1791307571949,1791307574571,502,false,false,1502
vu-3392,17009525,1791307571977,1791307574571,502,false,false,1502
vu-7455,44000011,1791307571972,1791307574571,502,false,false,1502
vu-5032,28011242,1791307571990,1791307574572,502,false,false,1502
vu-727,01077623,1791307572001,1791307574572,502,false,false,1502
vu-4825,27000925,1791307571961,1791307574572,502,false,false,1502
vu-3193,16003780,1791307571986,1791307574572,502,false,false,1502
vu-6295,35003363,1791307571960,1791307574572,502,false,false,1502
vu-7840,47008906,1791307571966,1791307574572,502,false,false,1502
vu-6312,35005169,1791307571953,1791307574572,502,false,false,1502
vu-2877,13007905,1791307571966,1791307574572,502,false,false,1502
vu-4847,27003283,1791307571993,1791307574572,502,false,false,1502
vu-2868,13006947,1791307571969,1791307574572,502,false,false,1502
vu-487,01051996,1791307571978,1791307574572,502,false,false,1502
vu-4917,27010735,1791307571951,1791307574573,500,false,false,1500
vu-6240,34014925,1791307571957,1791307574573,200,true,false,
vu-9692,60005918,1791307571974,1791307574575,502,false,false,1502
vu-5314,29002571,1791307571993,1791307574575,502,false,false,1502
vu-7104,41003845,1791307571995,1791307574577,502,false,false,1502
vu-159,01016941,1791307571986,1791307574577,502,false,false,1502
vu-7109,41004378,1791307571986,1791307574577,502,false,false,1502
vu-138,01014685,1791307571989,1791307574578,502,false,false,1502
vu-3120,15012473,1791307571963,1791307574578,502,false,false,1502
vu-8457,50011695,1791307571980,1791307574578,502,false,false,1502
vu-8767,52007891,1791307571978,1791307574578,502,false,false,1502
vu-9017,54005506,1791307571972,1791307574578,502,false,false,1502
vu-2751,12011269,1791307571975,1791307574578,502,false,false,1502
vu-1883,03004625,1791307571973,1791307574579,500,false,false,1500
vu-4861,27004777,1791307571970,1791307574579,502,false,false,1502
vu-9202,55010137,1791307571979,1791307574580,502,false,false,1502
vu-8032,48016245,1791307571960,1791307574580,502,false,false,1502
vu-175,01018664,1791307571976,1791307574580,502,false,false,1502
vu-4986,28006326,1791307571958,1791307574581,502,false,false,1502
vu-8913,53010761,1791307571967,1791307574581,502,false,false,1502
vu-9970,64003980,1791307571951,1791307574581,502,false,false,1502
vu-1987,03015734,1791307571979,1791307574581,502,false,false,1502
vu-7731,46007817,1791307571955,1791307574581,502,false,false,1502
vu-5020,28009966,1791307571962,1791307574581,502,false,false,1502
vu-5038,28011884,1791307571962,1791307574581,502,false,false,1502
vu-814,01086915,1791307571964,1791307574581,502,false,false,1502
vu-2919,14003671,1791307571967,1791307574581,502,false,false,1502
vu-962,01102704,1791307571965,1791307574581,502,false,false,1502
vu-4447,25005153,1791307571982,1791307574581,502,false,false,1502
vu-5220,28031301,1791307571962,1791307574581,502,false,false,1502
vu-6555,37011622,1791307571955,1791307574581,502,false,false,1502
vu-260,01027752,1791307571984,1791307574581,502,false,false,1502
vu-5074,28015723,1791307571960,1791307574582,502,false,false,1502
vu-2306,06003674,1791307571956,1791307574582,502,false,false,1502
vu-1690,02071955,1791307571986,1791307574582,502,false,false,1502
vu-6647,38001993,1791307571974,1791307574582,502,false,false,1502
vu-1008,01107609,1791307572001,1791307574582,502,false,false,1502
vu-1271,02026997,1791307571961,1791307574582,502,false,false,1502
vu-1377,02038255,1791307571974,1791307574583,502,false,false,1502
vu-8884,53007664,1791307571981,1791307574583,502,false,false,1502
vu-4667,26006781,1791307571989,1791307574583,502,false,false,1502
vu-3375,17007706,1791307571984,1791307574584,502,false,false,1502
vu-2574,10005089,1791307571967,1791307574584,502,false,false,1502
vu-6634,38000607,1791307571972,1791307574585,502,false,false,1502
vu-518,01055299,1791307571976,1791307574585,502,false,false,1502
vu-1971,03014032,1791307571975,1791307574585,502,false,false,1502
vu-3746,19007447,1791307571952,1791307574586,200,true,false,
vu-7167,41010563,1791307571968,1791307574587,502,false,false,1502
vu-8104,48023943,1791307571952,1791307574587,502,false,false,1502
vu-2166,04009213,1791307571972,1791307574587,502,false,false,1502
vu-5175,28026493,1791307571959,1791307574587,502,false,false,1502
vu-9210,55010989,1791307571975,1791307574588,502,false,false,1502
vu-1547,02056547,1791307571960,1791307574588,502,false,false,1502
vu-5707,30007569,1791307571960,1791307574588,502,false,false,1502
vu-4678,26007954,1791307571959,1791307574588,502,false,false,1502
vu-2983,14010515,1791307571979,1791307574588,502,false,false,1502
vu-250,01026681,1791307571957,1791307574588,502,false,false,1502
vu-1599,02062188,1791307571949,1791307574588,502,false,false,1502
vu-8976,54001145,1791307571981,1791307574589,502,false,false,1502
vu-4802,26021205,1791307571982,1791307574591,502,false,false,1502
vu-6449,37000316,1791307571955,1791307574592,200,true,false,
vu-2390,08002879,1791307571976,1791307574592,502,false,false,1502
vu-5408,29012639,1791307571960,1791307574593,502,false,false,1502
vu-2397,08003624,1791307571977,1791307574596,500,false,false,1500
vu-8856,53004687,1791307571962,1791307574596,502,false,false,1502
vu-1523,02053945,1791307572001,1791307574596,502,false,false,1502
vu-6253,34016312,1791307571958,1791307574596,502,false,false,1502
vu-3255,16010389,1791307571961,1791307574596,502,false,false,1502
vu-6316,35005594,1791307571951,1791307574596,502,false,false,1502
vu-2389,08002773,1791307571964,1791307574597,502,false,false,1502
vu-6377,35012089,1791307571964,1791307574597,502,false,false,1502
vu-9574,59004021,1791307571970,1791307574597,502,false,false,1502
vu-2934,14005272,1791307571979,1791307574597,502,false,false,1502
vu-5887,31009689,1791307571977,1791307574597,502,false,false,1502
vu-6354,35009643,1791307571984,1791307574597,502,false,false,1502
vu-2555,10003067,1791307571965,1791307574597,502,false,false,1502
vu-785,01083816,1791307571970,1791307574597,502,false,false,1502
vu-9044,54008379,1791307571974,1791307574597,502,false,false,1502
vu-977,01104297,1791307571958,1791307574597,502,false,false,1502
vu-5206,28029808,1791307571952,1791307574597,502,false,false,1502
vu-9198,55009712,1791307571968,1791307574597,502,false,false,1502
vu-8772,52008423,1791307571974,1791307574597,502,false,false,1502
vu-244,01026042,1791307571968,1791307574597,502,false,false,1502
vu-9853,62006501,1791307571971,1791307574597,502,false,false,1502
vu-1512,02052762,1791307571960,1791307574597,502,false,false,1502
vu-2498,09006005,1791307571976,1791307574598,502,false,false,1502
vu-1822,02086064,1791307571970,1791307574598,502,false,false,1502
vu-7076,41000856,1791307571973,1791307574598,502,false,false,1502
vu-5485,29020847,1791307571989,1791307574598,502,false,false,1502
vu-2857,13005777,1791307571980,1791307574599,502,false,false,1502
vu-8291,49009838,1791307571977,1791307574600,502,false,false,1502
vu-8741,52005126,1791307571980,1791307574600,502,false,false,1502
vu-9781,61008985,1791307571983,1791307574600,502,false,false,1502
vu-8591,51009463,1791307571967,1791307574601,502,false,false,1502
vu-3078,15007988,1791307571984,1791307574601,502,false,false,1502
vu-8732,52004163,1791307571975,1791307574601,502,false,false,1502
vu-553,01059068,1791307571992,1791307574601,502,false,false,1502
vu-6733,38011145,1791307571950,1791307574601,502,false,false,1502
vu-6047,33007137,1791307571960,1791307574601,502,false,false,1502
vu-6314,35005382,1791307571963,1791307574601,502,false,false,1502
vu-2345,07002289,1791307571983,1791307574601,502,false,false,1502
vu-2104,04002557,1791307571965,1791307574601,502,false,false,1502
vu-5633,29036640,1791307571960,1791307574601,502,false,false,1502
vu-5047,28012843,1791307571966,1791307574601,502,false,false,1502
vu-8091,48022551,1791307571983,1791307574601,502,false,false,1502
vu-5488,29021167,1791307571996,1791307574601,502,false,false,1502
vu-1019,02000205,1791307571954,1791307574601,502,false,false,1502
vu-2499,09006111,1791307571948,1791307574601,502,false,false,1502
vu-5235,28032902,1791307571960,1791307574601,502,false,false,1502
vu-7287,42008894,1791307571955,1791307574602,502,false,false,1502
vu-9705,61000889,1791307571991,1791307574602,502,false,false,1502
vu-6786,39001545,1791307571960,1791307574602,502,false,false,1502
vu-1212,02020726,1791307572001,1791307574602,502,false,false,1502
vu-4588,25020157,1791307571962,1791307574602,502,false,false,1502
vu-6796,39002611,1791307571986,1791307574602,502,false,false,1502
vu-7266,42006657,1791307571994,1791307574602,502,false,false,1502
vu-5985,33000510,1791307571995,1791307574602,502,false,false,1502
vu-8165,48030455,1791307571983,1791307574602,502,false,false,1502
vu-6671,38004548,1791307571966,1791307574602,502,false,false,1502
vu-321,01034273,1791307571994,1791307574602,502,false,false,1502
vu-2587,10006477,1791307571997,1791307574602,502,false,false,1502
vu-4961,28003651,1791307571995,1791307574602,502,false,false,1502
vu-3417,17012190,1791307571998,1791307574602,502,false,false,1502
vu-9952,64002066,1791307571997,1791307574602,502,false,false,1502
vu-7151,41008854,1791307571964,1791307574602,502,false,false,1502
vu-1029,02001266,1791307571996,1791307574602,502,false,false,1502
vu-7526,44007572,1791307571978,1791307574602,502,false,false,1502
vu-712,01076021,1791307571980,1791307574602,502,false,false,1502
vu-85,01009008,1791307571995,1791307574602,502,false,false,1502
vu-5973,32007631,1791307571992,1791307574603,502,false,false,1502
vu-9933,64000043,1791307571970,1791307574603,502,false,false,1502
vu-4958,28003332,1791307571958,1791307574604,502,false,false,1502
vu-3310,17000732,1791307571967,1791307574605,502,false,false,1502
vu-4368,24006338,1791307571953,1791307574605,502,false,false,1502
vu-5014,28009325,1791307571948,1791307574606,502,false,false,1502
vu-9680,60004640,1791307571963,1791307574606,502,false,false,1502
vu-5791,30016539,1791307571953,1791307574606,502,false,false,1502
vu-6356,35009856,1791307571962,1791307574606,502,false,false,1502
vu-1275,02027422,1791307571953,1791307574607,502,false,false,1502
vu-5550,29027774,1791307571962,1791307574607,200,true,false,
vu-5963,32006566,1791307571967,1791307574608,502,false,false,1502
vu-2694,12005181,1791307572001,1791307574608,200,true,false,
vu-714,01076235,1791307571968,1791307574609,502,false,false,1502
vu-7201,41014192,1791307571970,1791307574609,502,false,false,1502
vu-4072,22001043,1791307571984,1791307574609,502,false,false,1502
vu-6072,33009805,1791307571965,1791307574609,502,false,false,1502
vu-9656,60002078,1791307571977,1791307574609,502,false,false,1502
vu-5412,29013067,1791307571971,1791307574609,502,false,false,1502
vu-7943,48006715,1791307571971,1791307574610,502,false,false,1502
vu-3185,16002931,1791307571967,1791307574611,502,false,false,1502
vu-9756,61006330,1791307571972,1791307574612,502,false,false,1502
vu-6750,38012954,1791307571958,1791307574612,502,false,false,1502
vu-3762,19009153,1791307571962,1791307574612,502,false,false,1502
vu-3559,18009353,1791307571968,1791307574612,502,false,false,1502
vu-3709,19003508,1791307571962,1791307574612,502,false,false,1502
vu-68,01007195,1791307571961,1791307574612,502,false,false,1502
vu-1899,03006331,1791307571972,1791307574612,502,false,false,1502
vu-5251,28034609,1791307571968,1791307574612,502,false,false,1502
vu-1620,02064419,1791307571963,1791307574612,502,false,false,1502
vu-2765,12012759,1791307571960,1791307574612,502,false,false,1502
vu-1872,03003450,1791307571962,1791307574612,502,false,false,1502
vu-5306,29001719,1791307571966,1791307574612,502,false,false,1502
vu-4495,25010259,1791307571957,1791307574612,502,false,false,1502
vu-2690,12004753,1791307572001,1791307574612,502,false,false,1502
vu-671,01071647,1791307571960,1791307574612,502,false,false,1502
vu-574,01061311,1791307571967,1791307574612,502,false,false,1502
vu-4502,25011005,1791307571961,1791307574613,502,false,false,1502
vu-4221,23000529,1791307571950,1791307574613,200,true,false,
vu-6512,37007045,1791307571963,1791307574613,502,false,false,1502
vu-4010,21017888,1791307571965,1791307574613,502,false,false,1502
vu-3272,16012196,1791307571966,1791307574613,502,false,false,1502
vu-5841,31004793,1791307571957,1791307574613,502,false,false,1502
vu-8035,48016565,1791307571965,1791307574613,502,false,false,1502
vu-6879,40000795,1791307571966,1791307574613,502,false,false,1502
vu-282,01030112,1791307571956,1791307574613,502,false,false,1502
vu-71,01007514,1791307571965,1791307574613,502,false,false,1502
vu-4908,27009778,1791307571968,1791307574614,502,false,false,1502
vu-7101,41003526,1791307571961,1791307574614,502,false,false,1502
vu-9360,57001896,1791307571954,1791307574614,502,false,false,1502
vu-1383,02038894,1791307571957,1791307574614,200,true,false,
vu-9040,54007953,1791307571960,1791307574614,502,false,false,1502
vu-5172,28026173,1791307571950,1791307574615,200,true,false,
vu-1672,02070034,1791307571966,1791307574616,502,false,false,1502
vu-3368,17006953,1791307571953,1791307574616,200,true,false,
vu-9762,61006967,1791307571970,1791307574617,502,false,false,1502
vu-6368,35011133,1791307571955,1791307574617,502,false,false,1502
vu-7604,45000591,1791307571961,1791307574617,502,false,false,1502
vu-4195,22014147,1791307571962,1791307574617,502,false,false,1502
vu-7372,43002522,1791307571961,1791307574617,502,false,false,1502
vu-8757,52006828,1791307571955,1791307574617,502,false,false,1502
vu-9994,64006538,1791307571950,1791307574617,200,true,false,
vu-2303,06003349,1791307571955,1791307574618,502,false,false,1502
vu-8453,50011269,1791307571961,1791307574618,502,false,false,1502
vu-4797,26020671,1791307571949,1791307574618,502,false,false,1502
vu-4087,22002639,1791307571959,1791307574619,502,false,false,1502
vu-3107,15011087,1791307571959,1791307574619,200,true,false,
vu-5606,29033763,1791307571950,1791307574620,200,true,false,
vu-1109,02009779,1791307571960,1791307574620,502,false,false,1502
vu-1088,02007546,1791307571967,1791307574620,502,false,false,1502
vu-4325,24001764,1791307571960,1791307574620,502,false,false,1502
vu-7928,48005112,1791307571964,1791307574621,502,false,false,1502
vu-7118,41005337,1791307571961,1791307574621,502,false,false,1502
vu-2612,10009146,1791307571959,1791307574622,502,false,false,1502
vu-4300,23008954,1791307571961,1791307574622,502,false,false,1502
vu-1901,03006546,1791307571968,1791307574622,502,false,false,1502
vu-1940,03010719,1791307571966,1791307574622,502,false,false,1502
vu-7729,46007605,1791307571960,1791307574623,502,false,false,1502
vu-6851,39008480,1791307572001,1791307574623,502,false,false,1502
vu-9121,55001501,1791307571961,1791307574623,502,false,false,1502
vu-1082,02006908,1791307571958,1791307574623,502,false,false,1502
vu-5751,30012263,1791307571951,1791307574623,502,false,false,1502
vu-9476,58003298,1791307571958,1791307574623,502,false,false,1502
vu-9798,62000612,1791307571960,1791307574623,502,false,false,1502
vu-3996,21016399,1791307571950,1791307574623,502,false,false,1502
vu-8837,53002663,1791307571958,1791307574623,502,false,false,1502
vu-6387,35013156,1791307571953,1791307574623,502,false,false,1502
vu-3521,18005305,1791307571961,1791307574623,502,false,false,1502
vu-6281,35001873,1791307571968,1791307574623,502,false,false,1502
vu-3995,21016293,1791307571963,1791307574623,502,false,false,1502
vu-3853,21001167,1791307571967,1791307574623,502,false,false,1502
vu-8927,53012248,1791307571961,1791307574624,502,false,false,1502
vu-5764,30013648,1791307571966,1791307574624,502,false,false,1502
vu-655,01069940,1791307571960,1791307574624,502,false,false,1502
vu-2625,11001025,1791307571962,1791307574625,502,false,false,1502
vu-6392,35013688,1791307571962,1791307574626,200,true,false,
vu-4064,22000192,1791307571957,1791307574627,502,false,false,1502
vu-1633,02065805,1791307571954,1791307574630,200,true,false,
vu-2989,14011161,1791307571984,1791307574630,502,false,false,1502
vu-3565,18009990,1791307571950,1791307574630,200,true,false,
vu-575,01061419,1791307571987,1791307574630,502,false,false,1502
vu-7682,46002601,1791307571965,1791307574630,200,true,false,
vu-5165,28025425,1791307571952,1791307574632,502,false,false,1502
vu-6867,39010187,1791307571964,1791307574632,502,false,false,1502
vu-6490,37004706,1791307571959,1791307574632,502,false,false,1502
vu-9561,59002631,1791307571972,1791307574632,502,false,false,1502
vu-7208,42000467,1791307571961,1791307574632,502,false,false,1502
vu-8139,48027680,1791307571953,1791307574633,502,false,false,1502
vu-9419,57008168,1791307571954,1791307574633,200,true,false,
vu-7054,40019433,1791307571965,1791307574634,502,false,false,1502
vu-3240,16008795,1791307571954,1791307574634,200,true,false,
vu-5517,29024255,1791307571956,1791307574634,502,false,false,1502
vu-4680,26008167,1791307571964,1791307574635,502,false,false,1502
vu-5583,29031295,1791307571957,1791307574636,502,false,false,1502
vu-9877,63001787,1791307571958,1791307574638,200,true,false,
vu-2788,12015213,1791307571958,1791307574639,200,true,false,
vu-1161,02015307,1791307571984,1791307574640,502,false,false,1502
vu-7598,44015226,1791307571975,1791307574643,200,true,false,
vu-407,01043466,1791307571987,1791307574644,502,false,false,1502
vu-7295,42009747,1791307571958,1791307574644,502,false,false,1502
vu-7291,42009321,1791307571965,1791307574645,502,false,false,1502
vu-5774,30014715,1791307571988,1791307574646,502,false,false,1502
vu-2750,12011163,1791307571974,1791307574647,502,false,false,1502
vu-7873,47012415,1791307571966,1791307574647,502,false,false,1502
vu-455,01048581,1791307571964,1791307574647,502,false,false,1502
vu-9829,62003929,1791307571972,1791307574648,502,false,false,1502
vu-7889,48000944,1791307571948,1791307574648,502,false,false,1502
vu-1969,03013817,1791307571968,1791307574648,502,false,false,1502
vu-2808,13000550,1791307571984,1791307574649,502,false,false,1502
vu-3488,18001784,1791307571970,1791307574652,502,false,false,1502
vu-5355,29006978,1791307571970,1791307574652,200,true,false,
vu-5018,28009754,1791307571953,1791307574653,200,true,false,
vu-6639,38001141,1791307571962,1791307574653,200,true,false,
vu-2195,04012337,1791307571960,1791307574654,502,false,false,1502
vu-6979,40011448,1791307571991,1791307574654,502,false,false,1502
vu-5463,29018502,1791307571952,1791307574654,200,true,false,
vu-3920,21008297,1791307571953,1791307574655,502,false,false,1502
vu-4521,25013028,1791307571965,1791307574655,200,true,false,
vu-1456,02046726,1791307572001,1791307574655,200,true,false,
vu-4771,26017888,1791307571955,1791307574656,502,false,false,1502
vu-6912,40004314,1791307571955,1791307574656,502,false,false,1502
vu-1526,02054268,1791307572001,1791307574656,502,false,false,1502
vu-5787,30016111,1791307571950,1791307574658,502,false,false,1502
vu-4236,23002126,1791307571987,1791307574660,502,false,false,1502
vu-4293,23008209,1791307571965,1791307574661,502,false,false,1502
vu-4532,25014199,1791307571987,1791307574662,502,false,false,1502
vu-5848,31005538,1791307571973,1791307574662,502,false,false,1502
vu-570,01060886,1791307571950,1791307574663,502,false,false,1502
vu-4070,22000831,1791307571962,1791307574663,502,false,false,1502
vu-9588,59005509,1791307571980,1791307574668,502,false,false,1502
vu-6561,37012260,1791307571964,1791307574670,502,false,false,1502
vu-8835,53002449,1791307571969,1791307574670,502,false,false,1502
vu-8406,50006256,1791307571990,1791307574671,502,false,false,1502
vu-2223,05001764,1791307571971,1791307574671,502,false,false,1502
vu-5130,28021693,1791307571975,1791307574672,502,false,false,1502
vu-7983,48011000,1791307571988,1791307574672,502,false,false,1502
vu-2731,12009141,1791307571962,1791307574672,502,false,false,1502
vu-860,01091829,1791307571969,1791307574672,502,false,false,1502
vu-9108,55000119,1791307571983,1791307574672,502,false,false,1502
vu-241,01025716,1791307571986,1791307574672,502,false,false,1502
vu-1708,02073875,1791307571960,1791307574672,502,false,false,1502
vu-2061,03023636,1791307571970,1791307574672,502,false,false,1502
vu-1155,02014669,1791307571965,1791307574672,502,false,false,1502
vu-5724,30009382,1791307571957,1791307574672,502,false,false,1502
vu-1222,02021792,1791307571965,1791307574672,502,false,false,1502
vu-7975,48010142,1791307571962,1791307574672,502,false,false,1502
vu-787,01084030,1791307571965,1791307574672,502,false,false,1502
vu-8538,51003824,1791307571960,1791307574672,502,false,false,1502
vu-3649,18018936,1791307571970,1791307574672,502,false,false,1502
vu-8750,52006084,1791307571976,1791307574672,502,false,false,1502
vu-9123,55001714,1791307571978,1791307574672,502,false,false,1502
vu-1911,03007624,1791307571969,1791307574672,502,false,false,1502
vu-3926,21008936,1791307571964,1791307574672,502,false,false,1502
vu-1891,03005475,1791307571969,1791307574672,502,false,false,1502
vu-4016,21018527,1791307571961,1791307574672,502,false,false,1502
vu-7571,44012351,1791307571964,1791307574672,502,false,false,1502
vu-7010,40014744,1791307571974,1791307574672,502,false,false,1502
vu-9778,61008667,1791307571950,1791307574672,502,false,false,1502
vu-6575,37013755,1791307571959,1791307574672,502,false,false,1502
vu-2755,12011696,1791307571979,1791307574672,502,false,false,1502
vu-1919,03008474,1791307571970,1791307574672,502,false,false,1502
vu-2904,14002066,1791307571966,1791307574673,502,false,false,1502
vu-3558,18009245,1791307571964,1791307574673,502,false,false,1502
vu-4243,23002874,1791307571969,1791307574673,502,false,false,1502
vu-4606,26000258,1791307571961,1791307574673,502,false,false,1502
vu-6223,34013111,1791307571963,1791307574673,502,false,false,1502
vu-9432,57009549,1791307571957,1791307574673,502,false,false,1502
vu-2652,12000702,1791307571972,1791307574673,502,false,false,1502
vu-9177,55007471,1791307571971,1791307574673,502,false,false,1502
vu-676,01072180,1791307571979,1791307574673,502,false,false,1502
vu-494,01052747,1791307571965,1791307574673,502,false,false,1502
vu-9592,59005937,1791307571968,1791307574673,502,false,false,1502
vu-4758,26016503,1791307571975,1791307574673,502,false,false,1502
vu-1381,02038682,1791307571962,1791307574673,502,false,false,1502
vu-4136,22007864,1791307571967,1791307574673,502,false,false,1502
vu-171,01018235,1791307571978,1791307574673,502,false,false,1502
vu-4575,25018777,1791307571965,1791307574673,502,false,false,1502
vu-1882,03004518,1791307571975,1791307574673,502,false,false,1502
vu-1327,02032944,1791307571984,1791307574673,502,false,false,1502
vu-1788,02082432,1791307571960,1791307574674,502,false,false,1502
vu-451,01048155,1791307571991,1791307574674,502,false,false,1502
vu-5294,29000434,1791307571975,1791307574674,502,false,false,1502
vu-365,01038981,1791307571979,1791307574674,502,false,false,1502
vu-5729,30009913,1791307571966,1791307574674,502,false,false,1502
vu-1809,02084668,1791307571970,1791307574675,502,false,false,1502
vu-92,01009762,1791307571966,1791307574675,502,false,false,1502
vu-3489,18001890,1791307571969,1791307574677,502,false,false,1502
vu-778,01083072,1791307571966,1791307574678,502,false,false,1502
vu-851,01090868,1791307571970,1791307574680,502,false,false,1502
vu-3681,19000522,1791307571987,1791307574680,502,false,false,1502
vu-8158,48029707,1791307571967,1791307574681,502,false,false,1502
vu-5136,28022333,1791307571975,1791307574681,502,false,false,1502
vu-4729,26013404,1791307571972,1791307574681,502,false,false,1502
vu-3040,15003933,1791307571970,1791307574681,502,false,false,1502
vu-9291,56006717,1791307571975,1791307574682,502,false,false,1502
vu-1428,02043708,1791307571963,1791307574682,502,false,false,1502
vu-9429,57009230,1791307571968,1791307574682,502,false,false,1502
vu-6362,35010495,1791307571965,1791307574682,502,false,false,1502
vu-8851,53004154,1791307571972,1791307574682,502,false,false,1502
vu-9507,58006595,1791307571979,1791307574682,502,false,false,1502
vu-3434,17014005,1791307571991,1791307574684,502,false,false,1502
vu-3567,18010203,1791307571985,1791307574684,502,false,false,1502
vu-5395,29011255,1791307571952,1791307574684,502,false,false,1502
vu-9214,55011414,1791307571968,1791307574684,502,false,false,1502
vu-6102,34000154,1791307571962,1791307574684,502,false,false,1502
vu-2634,11001987,1791307571967,1791307574685,502,false,false,1502
vu-94,01009975,1791307571962,1791307574686,502,false,false,1502
vu-3344,17004374,1791307571959,1791307574686,502,false,false,1502
vu-4112,22005304,1791307571964,1791307574687,502,false,false,1502
vu-8322,49013137,1791307571985,1791307574688,502,false,false,1502
vu-7460,44000543,1791307571951,1791307574688,502,false,false,1502
vu-6491,37004812,1791307571956,1791307574688,200,true,false,
vu-6538,37009814,1791307571972,1791307574690,502,false,false,1502
vu-1898,03006222,1791307571968,1791307574690,502,false,false,1502
vu-7282,42008362,1791307571950,1791307574690,200,true,false,
vu-5876,31008519,1791307571952,1791307574691,502,false,false,1502
vu-2387,08002559,1791307571953,1791307574691,502,false,false,1502
vu-9863,63000294,1791307571962,1791307574691,502,false,false,1502
vu-8926,53012142,1791307571982,1791307574693,502,false,false,1502
vu-5669,30003522,1791307571968,1791307574694,502,false,false,1502
vu-6769,38014974,1791307571955,1791307574694,200,true,false,
vu-9383,57004340,1791307571973,1791307574694,502,false,false,1502
vu-8954,53015120,1791307571959,1791307574697,502,false,false,1502
vu-4904,27009353,1791307571966,1791307574697,200,true,false,
vu-4571,25018351,1791307571986,1791307574697,502,false,false,1502
vu-8595,51009888,1791307571954,1791307574697,502,false,false,1502
vu-4655,26005494,1791307571953,1791307574699,502,false,false,1502
vu-4730,26013511,1791307571986,1791307574702,502,false,false,1502
vu-2546,10002097,1791307571973,1791307574703,200,true,false,
vu-1353,02035707,1791307571978,1791307574705,502,false,false,1502
vu-9747,61005375,1791307571966,1791307574705,502,false,false,1502
vu-1958,03012643,1791307571977,1791307574705,502,false,false,1502
vu-4389,24008579,1791307571975,1791307574706,502,false,false,1502
vu-723,01077194,1791307571971,1791307574706,502,false,false,1502
vu-1836,02087550,1791307571963,1791307574707,502,false,false,1502
vu-2740,12010098,1791307571973,1791307574707,502,false,false,1502
vu-1961,03012966,1791307571965,1791307574707,502,false,false,1502
vu-350,01037379,1791307571980,1791307574707,502,false,false,1502
vu-2618,11000271,1791307571968,1791307574707,502,false,false,1502
vu-4381,24007724,1791307571967,1791307574707,502,false,false,1502
vu-2785,12014892,1791307571972,1791307574707,502,false,false,1502
vu-8483,50014456,1791307571990,1791307574707,502,false,false,1502
vu-3333,17003187,1791307571987,1791307574707,502,false,false,1502
vu-9097,54014013,1791307571971,1791307574707,502,false,false,1502
vu-4885,27007330,1791307571985,1791307574707,502,false,false,1502
vu-7683,46002707,1791307571971,1791307574707,502,false,false,1502
vu-3151,15015786,1791307571961,1791307574707,502,false,false,1502
vu-4556,25016755,1791307571993,1791307574707,502,false,false,1502
vu-9751,61005799,1791307571977,1791307574707,502,false,false,1502
vu-5445,29016586,1791307571980,1791307574707,502,false,false,1502
vu-3594,18013082,1791307571974,1791307574707,502,false,false,1502
vu-6291,35002938,1791307571962,1791307574707,502,false,false,1502
vu-1996,03016700,1791307571972,1791307574707,502,false,false,1502
vu-6976,40011130,1791307571977,1791307574707,502,false,false,1502
vu-7987,48011425,1791307571966,1791307574707,502,false,false,1502
vu-3198,16004312,1791307571969,1791307574707,502,false,false,1502
vu-2671,12002728,1791307571968,1791307574707,502,false,false,1502
vu-5568,29029694,1791307571982,1791307574707,502,false,false,1502
vu-618,01066003,1791307571961,1791307574707,502,false,false,1502
vu-4992,28006967,1791307571965,1791307574708,502,false,false,1502
vu-5708,30007675,1791307571967,1791307574708,502,false,false,1502
vu-6109,34000899,1791307571970,1791307574708,502,false,false,1502
vu-9995,64006645,1791307571967,1791307574708,502,false,false,1502
vu-7212,42000893,1791307571961,1791307574708,502,false,false,1502
vu-5480,29020316,1791307571961,1791307574708,502,false,false,1502
vu-6944,40007715,1791307571965,1791307574708,502,false,false,1502
vu-9268,56004272,1791307571969,1791307574708,502,false,false,1502
vu-1255,02025298,1791307571966,1791307574708,502,false,false,1502
vu-3444,17015070,1791307571969,1791307574708,502,false,false,1502
vu-705,01075266,1791307571979,1791307574709,502,false,false,1502
vu-5436,29015625,1791307571976,1791307574709,502,false,false,1502
vu-9395,57005616,1791307571975,1791307574709,502,false,false,1502
vu-1904,03006870,1791307571949,1791307574709,502,false,false,1502
vu-2300,06003028,1791307571984,1791307574709,502,false,false,1502
vu-9282,56005759,1791307571973,1791307574710,502,false,false,1502
vu-9498,58005638,1791307571964,1791307574710,502,false,false,1502
vu-6686,38006146,1791307571966,1791307574710,502,false,false,1502
vu-5065,28014762,1791307571979,1791307574710,502,false,false,1502
vu-2490,09005153,1791307571971,1791307574710,502,false,false,1502
vu-2217,05001125,1791307571970,1791307574710,502,false,false,1502
vu-9033,54007208,1791307571980,1791307574710,502,false,false,1502
vu-9162,55005876,1791307571980,1791307574710,502,false,false,1502
vu-8011,48013995,1791307571963,1791307574710,502,false,false,1502
vu-4150,22009352,1791307571968,1791307574710,502,false,false,1502
vu-7808,47005500,1791307571969,1791307574710,502,false,false,1502
vu-775,01082753,1791307571963,1791307574710,502,false,false,1502
vu-8038,48016884,1791307571968,1791307574710,502,false,false,1502
vu-6199,34010517,1791307571956,1791307574710,502,false,false,1502
vu-5371,29008693,1791307571972,1791307574710,502,false,false,1502
vu-6920,40005164,1791307571971,1791307574710,502,false,false,1502
vu-5193,28028416,1791307571961,1791307574711,502,false,false,1502
vu-3930,21009364,1791307571964,1791307574711,502,false,false,1502
vu-2515,09007817,1791307571974,1791307574711,502,false,false,1502
vu-6239,34014816,1791307571977,1791307574711,502,false,false,1502
vu-2736,12009673,1791307571966,1791307574711,502,false,false,1502
vu-497,01053065,1791307571964,1791307574711,502,false,false,1502
vu-9494,58005213,1791307571963,1791307574711,502,false,false,1502
vu-856,01091401,1791307571971,1791307574711,502,false,false,1502
vu-57,01006019,1791307571956,1791307574711,502,false,false,1502
vu-4954,28002904,1791307571962,1791307574711,502,false,false,1502
vu-7199,41013976,1791307571972,1791307574711,502,false,false,1502
vu-7697,46004199,1791307571977,1791307574711,502,false,false,1502
vu-8584,51008716,1791307571968,1791307574711,502,false,false,1502
vu-726,01077515,1791307571972,1791307574711,502,false,false,1502
vu-7869,47011988,1791307571958,1791307574711,502,false,false,1502
vu-3800,19013203,1791307571953,1791307574711,502,false,false,1502
vu-8488,50014987,1791307571970,1791307574711,502,false,false,1502
vu-5828,31003411,1791307571964,1791307574711,502,false,false,1502
vu-9785,61009410,1791307571962,1791307574711,502,false,false,1502
vu-6892,40002182,1791307571974,1791307574711,502,false,false,1502
vu-9833,62004357,1791307571975,1791307574711,502,false,false,1502
vu-9542,59000612,1791307571970,1791307574711,502,false,false,1502
vu-4404,25000573,1791307571985,1791307574711,502,false,false,1502
vu-5484,29020741,1791307571964,1791307574711,502,false,false,1502
vu-8763,52007466,1791307571977,1791307574711,502,false,false,1502
vu-7117,41005231,1791307571984,1791307574711,502,false,false,1502
vu-1104,02009246,1791307571955,1791307574711,502,false,false,1502
vu-3684,19000841,1791307571969,1791307574711,502,false,false,1502
vu-1579,02060062,1791307571983,1791307574711,502,false,false,1502
vu-9800,62000825,1791307571973,1791307574711,502,false,false,1502
vu-5321,29003328,1791307571969,1791307574711,502,false,false,1502
vu-5308,29001931,1791307571962,1791307574711,502,false,false,1502
vu-9647,60001121,1791307571972,1791307574711,502,false,false,1502
vu-3562,18009671,1791307571962,1791307574711,502,false,false,1502
vu-9352,57001040,1791307571983,1791307574711,502,false,false,1502
vu-7555,44010652,1791307571963,1791307574711,502,false,false,1502
vu-8029,48015923,1791307571953,1791307574711,502,false,false,1502
vu-873,01093213,1791307571968,1791307574712,502,false,false,1502
vu-9157,55005342,1791307571964,1791307574712,502,false,false,1502
vu-863,01092150,1791307571966,1791307574712,502,false,false,1502
vu-4226,23001062,1791307571972,1791307574712,502,false,false,1502
vu-6770,38015080,1791307571963,1791307574712,502,false,false,1502
vu-7764,47000806,1791307571953,1791307574712,502,false,false,1502
vu-21,01002141,1791307571976,1791307574712,502,false,false,1502
vu-6399,36000037,1791307571966,1791307574712,502,false,false,1502
vu-2853,13005351,1791307571975,1791307574712,502,false,false,1502
vu-507,01054131,1791307571968,1791307574712,502,false,false,1502
vu-4881,27006906,1791307571961,1791307574712,502,false,false,1502
vu-3838,19017252,1791307571970,1791307574712,502,false,false,1502
vu-3660,18020118,1791307571961,1791307574712,502,false,false,1502
vu-6657,38003058,1791307571970,1791307574712,502,false,false,1502
vu-1983,03015308,1791307571968,1791307574712,502,false,false,1502
vu-1908,03007300,1791307571964,1791307574712,502,false,false,1502
vu-6610,37017477,1791307571947,1791307574712,502,false,false,1502
vu-1607,02063038,1791307571968,1791307574712,502,false,false,1502
vu-4691,26009339,1791307571967,1791307574712,502,false,false,1502
vu-2408,08004797,1791307571980,1791307574712,502,false,false,1502
vu-9146,55004171,1791307571979,1791307574712,502,false,false,1502
vu-7703,46004838,1791307571971,1791307574712,502,false,false,1502
vu-5854,31006177,1791307571981,1791307574712,502,false,false,1502
vu-2036,03020971,1791307571967,1791307574712,502,false,false,1502
vu-8850,53004047,1791307571967,1791307574712,502,false,false,1502
vu-1943,03011038,1791307571975,1791307574712,502,false,false,1502
vu-9195,55009392,1791307571973,1791307574712,502,false,false,1502
vu-3366,17006737,1791307571963,1791307574712,502,false,false,1502
vu-1860,03002175,1791307571977,1791307574712,502,false,false,1502
vu-6412,36001423,1791307571965,1791307574712,502,false,false,1502
vu-779,01083179,1791307571972,1791307574712,502,false,false,1502
vu-2280,06000889,1791307571980,1791307574713,502,false,false,1502
vu-5326,29003866,1791307571977,1791307574713,502,false,false,1502
vu-3284,16013473,1791307571973,1791307574713,502,false,false,1502
vu-2426,08006721,1791307571980,1791307574713,502,false,false,1502
vu-6319,35005913,1791307571958,1791307574713,502,false,false,1502
vu-8313,49012182,1791307571951,1791307574713,502,false,false,1502
vu-4699,26010203,1791307571971,1791307574713,502,false,false,1502
vu-3433,17013898,1791307571969,1791307574713,502,false,false,1502
vu-4096,22003597,1791307571966,1791307574713,502,false,false,1502
vu-8701,52000857,1791307571975,1791307574713,502,false,false,1502
vu-1568,02058891,1791307571986,1791307574713,502,false,false,1502
vu-9379,57003916,1791307571963,1791307574713,502,false,false,1502
vu-2764,12012653,1791307571979,1791307574713,502,false,false,1502
vu-9485,58004258,1791307571973,1791307574713,502,false,false,1502
vu-6626,37019180,1791307571962,1791307574713,502,false,false,1502
vu-3000,14012340,1791307571965,1791307574713,502,false,false,1502
vu-3445,17015176,1791307571979,1791307574713,502,false,false,1502
vu-8497,50015962,1791307571964,1791307574713,502,false,false,1502
vu-7622,45002525,1791307571981,1791307574713,502,false,false,1502
vu-5620,29035258,1791307571984,1791307574713,502,false,false,1502
vu-9739,61004525,1791307571976,1791307574713,502,false,false,1502
vu-9591,59005831,1791307571971,1791307574713,502,false,false,1502
vu-2020,03019265,1791307571974,1791307574713,502,false,false,1502
vu-1156,02014775,1791307571962,1791307574713,502,false,false,1502
vu-7312,42011553,1791307571966,1791307574713,502,false,false,1502
vu-5273,28036954,1791307571971,1791307574713,502,false,false,1502
vu-7772,47001658,1791307571984,1791307574714,502,false,false,1502
vu-1273,02027210,1791307571968,1791307574714,502,false,false,1502
vu-8780,52009273,1791307571975,1791307574714,502,false,false,1502
vu-8127,48026402,1791307571991,1791307574714,502,false,false,1502
vu-2244,05004009,1791307571954,1791307574714,502,false,false,1502
vu-8605,51010951,1791307571975,1791307574714,502,false,false,1502
vu-4985,28006218,1791307571962,1791307574715,502,false,false,1502
vu-3139,15014499,1791307571961,1791307574715,502,false,false,1502
vu-8315,49012394,1791307571964,1791307574715,200,true,false,
vu-101,01010733,1791307571974,1791307574717,502,false,false,1502
vu-235,01025073,1791307571948,1791307574717,502,false,false,1502
vu-207,01022081,1791307571958,1791307574717,200,true,false,
vu-5169,28025852,1791307571953,1791307574718,200,true,false,
vu-4026,21019593,1791307571978,1791307574718,502,false,false,1502
vu-2479,09003980,1791307571978,1791307574718,502,false,false,1502
vu-3285,16013580,1791307571954,1791307574719,502,false,false,1502
vu-3365,17006627,1791307571963,1791307574719,502,false,false,1502
vu-6645,38001781,1791307571970,1791307574720,502,false,false,1502
vu-4250,23003623,1791307571969,1791307574720,502,false,false,1502
vu-8805,52011933,1791307571964,1791307574720,502,false,false,1502
vu-8849,53003941,1791307571977,1791307574720,502,false,false,1502
vu-9508,58006701,1791307571974,1791307574721,502,false,false,1502
vu-2485,09004621,1791307571970,1791307574721,502,false,false,1502
vu-8299,49010687,1791307571984,1791307574721,502,false,false,1502
vu-3430,17013576,1791307571981,1791307574721,502,false,false,1502
vu-4227,23001169,1791307571972,1791307574721,502,false,false,1502
vu-827,01088298,1791307571969,1791307574721,502,false,false,1502
vu-8228,49003133,1791307571985,1791307574721,502,false,false,1502
vu-9183,55008110,1791307571971,1791307574721,502,false,false,1502
vu-2741,12010205,1791307571981,1791307574721,502,false,false,1502
vu-7445,43010290,1791307571975,1791307574721,502,false,false,1502
vu-8904,53009798,1791307571973,1791307574721,502,false,false,1502
vu-1664,02069166,1791307571986,1791307574721,502,false,false,1502
vu-8361,50001475,1791307571965,1791307574721,502,false,false,1502
vu-3395,17009844,1791307571969,1791307574721,502,false,false,1502
vu-4531,25014093,1791307571980,1791307574721,502,false,false,1502
vu-7373,43002629,1791307571965,1791307574721,502,false,false,1502
vu-6914,40004526,1791307571970,1791307574721,502,false,false,1502
vu-269,01028713,1791307571963,1791307574721,502,false,false,1502
vu-1424,02043276,1791307571964,1791307574721,502,false,false,1502
vu-6745,38012420,1791307571971,1791307574721,502,false,false,1502
vu-8919,53011398,1791307571970,1791307574721,502,false,false,1502
vu-7948,48007248,1791307571966,1791307574721,502,false,false,1502
vu-1388,02039425,1791307571971,1791307574721,502,false,false,1502
vu-9846,62005751,1791307571956,1791307574721,502,false,false,1502
vu-5367,29008268,1791307571969,1791307574722,502,false,false,1502
vu-6156,34005915,1791307571959,1791307574722,502,false,false,1502
vu-1056,02004139,1791307571994,1791307574722,502,false,false,1502
vu-480,01051249,1791307571973,1791307574722,502,false,false,1502
vu-2908,14002492,1791307571960,1791307574722,502,false,false,1502
vu-4237,23002232,1791307571979,1791307574722,502,false,false,1502
vu-7754,46010265,1791307571967,1791307574722,502,false,false,1502
vu-4256,23004265,1791307571967,1791307574722,502,false,false,1502
vu-5726,30009594,1791307571955,1791307574722,502,false,false,1502
vu-6612,37017691,1791307571971,1791307574722,502,false,false,1502
vu-6443,36004724,1791307571958,1791307574722,502,false,false,1502
vu-6263,34017378,1791307571965,1791307574722,502,false,false,1502
vu-7751,46009946,1791307571966,1791307574722,502,false,false,1502
vu-7744,46009200,1791307571956,1791307574723,200,true,false,
vu-2994,14011700,1791307571961,1791307574723,502,false,false,1502
vu-6638,38001035,1791307571955,1791307574724,200,true,false,
vu-4231,23001594,1791307571956,1791307574724,502,false,false,1502
vu-2810,13000762,1791307571954,1791307574725,502,false,false,1502
vu-5037,28011778,1791307571979,1791307574726,502,false,false,1502
vu-4611,26000793,1791307572001,1791307574727,200,true,false,
vu-8662,51017018,1791307571988,1791307574727,500,false,false,1500
vu-6857,39009118,1791307571958,1791307574728,200,true,false,
vu-691,01073776,1791307571967,1791307574728,502,false,false,1502
vu-4653,26005282,1791307571962,1791307574729,502,false,false,1502
vu-8510,51000833,1791307571961,1791307574729,502,false,false,1502
vu-7935,48005861,1791307571966,1791307574730,502,false,false,1502
vu-9837,62004783,1791307571971,1791307574731,502,false,false,1502
vu-1302,02030289,1791307571978,1791307574731,502,false,false,1502
vu-1092,02007971,1791307571992,1791307574733,502,false,false,1502
vu-9926,63007000,1791307571980,1791307574734,502,false,false,1502
vu-4469,25007492,1791307571954,1791307574734,200,true,false,
vu-9254,56002784,1791307571979,1791307574735,502,false,false,1502
vu-9280,56005547,1791307571957,1791307574736,502,false,false,1502
vu-557,01059498,1791307571953,1791307574736,502,false,false,1502
vu-4134,22007652,1791307571993,1791307574737,200,true,false,
vu-9219,55011945,1791307571981,1791307574738,502,false,false,1502
vu-5054,28013593,1791307571952,1791307574738,502,false,false,1502
vu-5661,30002671,1791307571981,1791307574739,502,false,false,1502
vu-2969,14009019,1791307571960,1791307574740,200,true,false,
vu-4069,22000724,1791307571961,1791307574740,200,true,false,
vu-769,01082113,1791307571965,1791307574741,502,false,false,1502
vu-309,01032997,1791307571973,1791307574742,502,false,false,1502
vu-5846,31005326,1791307571978,1791307574742,502,false,false,1502
vu-3214,16006017,1791307571990,1791307574742,502,false,false,1502
vu-8493,50015528,1791307571975,1791307574742,502,false,false,1502
vu-9940,64000790,1791307571976,1791307574742,502,false,false,1502
vu-5869,31007774,1791307571984,1791307574742,502,false,false,1502
vu-9155,55005129,1791307571969,1791307574742,502,false,false,1502
vu-8163,48030240,1791307571978,1791307574742,502,false,false,1502
vu-710,01075804,1791307571973,1791307574742,502,false,false,1502
vu-6044,33006818,1791307571964,1791307574742,502,false,false,1502
vu-2987,14010943,1791307571979,1791307574742,502,false,false,1502
vu-7430,43008692,1791307571980,1791307574743,502,false,false,1502
vu-7639,45004331,1791307571984,1791307574743,502,false,false,1502
vu-9035,54007420,1791307571977,1791307574743,502,false,false,1502
vu-6186,34009120,1791307571968,1791307574743,502,false,false,1502
vu-8270,49007603,1791307571967,1791307574743,502,false,false,1502
vu-2282,06001102,1791307571984,1791307574743,502,false,false,1502
vu-8330,49013986,1791307571982,1791307574743,502,false,false,1502
vu-8069,48020207,1791307571980,1791307574743,502,false,false,1502
vu-7564,44011608,1791307571978,1791307574743,502,false,false,1502
vu-5236,28033011,1791307571979,1791307574743,502,false,false,1502
vu-1635,02066018,1791307571986,1791307574743,502,false,false,1502
vu-7068,40020925,1791307571976,1791307574743,502,false,false,1502
vu-5426,29014563,1791307571982,1791307574743,502,false,false,1502
vu-5026,28010605,1791307571970,1791307574743,502,false,false,1502
vu-9848,62005967,1791307571950,1791307574743,200,true,false,
vu-4218,23000210,1791307571954,1791307574744,502,false,false,1502
vu-9855,62006719,1791307571969,1791307574744,502,false,false,1502
vu-894,01095452,1791307571972,1791307574744,502,false,false,1502
vu-559,01059711,1791307571983,1791307574745,502,false,false,1502
vu-1667,02069496,1791307571986,1791307574745,502,false,false,1502
vu-7879,47013054,1791307571979,1791307574746,502,false,false,1502
vu-9606,59007428,1791307571976,1791307574746,502,false,false,1502
vu-9104,54014757,1791307571971,1791307574747,502,false,false,1502
vu-314,01033530,1791307571960,1791307574747,502,false,false,1502
vu-853,01091080,1791307571978,1791307574749,502,false,false,1502
vu-7009,40014638,1791307571952,1791307574749,200,true,false,
vu-5158,28024671,1791307571983,1791307574750,502,false,false,1502
vu-1613,02063676,1791307571958,1791307574750,502,false,false,1502
vu-2550,10002524,1791307571979,1791307574750,502,false,false,1502
vu-2669,12002515,1791307572001,1791307574750,200,true,false,
vu-7012,40014957,1791307571969,1791307574750,502,false,false,1502
vu-7298,42010066,1791307571976,1791307574751,502,false,false,1502
vu-9565,59003063,1791307571960,1791307574752,200,true,false,
vu-3726,19005320,1791307571950,1791307574753,200,true,false,
vu-3401,17010484,1791307571949,1791307574754,200,true,false,
vu-4855,27004137,1791307571956,1791307574756,502,false,false,1502
vu-1936,03010291,1791307571980,1791307574756,502,false,false,1502
vu-6771,38015186,1791307571961,1791307574756,200,true,false,
vu-9857,62006932,1791307571969,1791307574756,200,true,false,
vu-780,01083286,1791307571948,1791307574759,502,false,false,1502
vu-9638,60000157,1791307571972,1791307574760,502,false,false,1502
vu-1204,02019876,1791307571980,1791307574760,502,false,false,1502
vu-9830,62004036,1791307571978,1791307574761,502,false,false,1502
vu-1300,02030077,1791307571977,1791307574763,502,false,false,1502
vu-7268,42006871,1791307571955,1791307574765,200,true,false,
vu-2287,06001636,1791307571965,1791307574766,502,false,false,1502
vu-903,01096415,1791307571985,1791307574766,502,false,false,1502
vu-9075,54011677,1791307571978,1791307574766,502,false,false,1502
vu-9545,59000931,1791307571977,1791307574767,502,false,false,1502
vu-7260,42006016,1791307571989,1791307574768,200,true,false,
vu-45,01004717,1791307571986,1791307574768,502,false,false,1502
vu-8669,51017763,1791307571959,1791307574769,502,false,false,1502
vu-3817,19015015,1791307571977,1791307574771,502,false,false,1502
vu-4,01000321,1791307571973,1791307574772,502,false,false,1502
vu-616,01065790,1791307571977,1791307574773,502,false,false,1502
vu-6562,37012367,1791307571987,1791307574775,502,false,false,1502
vu-6062,33008738,1791307571954,1791307574776,200,true,false,
vu-7827,47007523,1791307571981,1791307574776,502,false,false,1502
vu-9434,57009761,1791307571977,1791307574777,502,false,false,1502
vu-9819,62002862,1791307571965,1791307574778,502,false,false,1502
vu-6525,37008429,1791307571966,1791307574778,502,false,false,1502
vu-875,01093426,1791307571979,1791307574778,502,false,false,1502
vu-8972,54000718,1791307571975,1791307574778,502,false,false,1502
vu-6138,34003996,1791307571972,1791307574781,502,false,false,1502
vu-7810,47005712,1791307571983,1791307574782,502,false,false,1502
vu-2761,12012333,1791307571977,1791307574782,502,false,false,1502
vu-3667,18020864,1791307571960,1791307574783,200,true,false,
vu-1592,02061443,1791307571982,1791307574783,502,false,false,1502
vu-5339,29005268,1791307571971,1791307574783,502,false,false,1502
vu-216,01023041,1791307571971,1791307574784,502,false,false,1502
vu-5266,28036207,1791307571976,1791307574784,502,false,false,1502
vu-6568,37013011,1791307571977,1791307574784,502,false,false,1502
vu-5489,29021274,1791307571983,1791307574784,502,false,false,1502
vu-4818,27000180,1791307571983,1791307574784,500,false,false,1500
vu-270,01028821,1791307571986,1791307574784,502,false,false,1502
vu-9571,59003702,1791307571987,1791307574784,502,false,false,1502
vu-7652,45005717,1791307571979,1791307574784,502,false,false,1502
vu-6821,39005280,1791307571983,1791307574784,502,false,false,1502
vu-4671,26007208,1791307571993,1791307574784,502,false,false,1502
vu-8624,51012970,1791307571974,1791307574784,502,false,false,1502
vu-1340,02034326,1791307571972,1791307574784,502,false,false,1502
vu-6317,35005700,1791307571980,1791307574784,502,false,false,1502
vu-2489,09005047,1791307571978,1791307574784,502,false,false,1502
vu-3056,15005641,1791307571989,1791307574784,502,false,false,1502
vu-1629,02065381,1791307571982,1791307574784,502,false,false,1502
vu-9805,62001357,1791307571971,1791307574784,502,false,false,1502
vu-2816,13001404,1791307571985,1791307574784,502,false,false,1502
vu-8751,52006191,1791307571978,1791307574784,502,false,false,1502
vu-4789,26019817,1791307571970,1791307574784,502,false,false,1502
vu-669,01071435,1791307571981,1791307574784,502,false,false,1502
vu-1981,03015095,1791307571971,1791307574784,502,false,false,1502
vu-5250,28034503,1791307571970,1791307574784,502,false,false,1502
vu-2743,12010419,1791307571978,1791307574784,502,false,false,1502
vu-5595,29032587,1791307571988,1791307574784,502,false,false,1502
vu-7611,45001341,1791307571993,1791307574784,502,false,false,1502
vu-426,01045485,1791307571984,1791307574784,502,false,false,1502
vu-5805,31000958,1791307571986,1791307574784,502,false,false,1502
vu-9651,60001546,1791307571994,1791307574784,502,false,false,1502
vu-7930,48005324,1791307571984,1791307574784,502,false,false,1502
vu-5899,31010966,1791307571959,1791307574784,502,false,false,1502
vu-9954,64002278,1791307571975,1791307574784,502,false,false,1502
vu-5681,30004800,1791307571979,1791307574784,502,false,false,1502
vu-1853,03001430,1791307571971,1791307574784,502,false,false,1502
vu-3745,19007340,1791307571969,1791307574784,502,false,false,1502
vu-366,01039087,1791307571981,1791307574784,502,false,false,1502
vu-1743,02077598,1791307571991,1791307574784,502,false,false,1502
vu-9241,56001401,1791307571984,1791307574784,502,false,false,1502
vu-890,01095026,1791307571979,1791307574784,502,false,false,1502
vu-6863,39009762,1791307571961,1791307574784,502,false,false,1502
vu-6774,39000267,1791307571982,1791307574784,502,false,false,1502
vu-9903,63004549,1791307571977,1791307574784,502,false,false,1502
vu-1154,02014563,1791307571983,1791307574784,502,false,false,1502
vu-715,01076341,1791307571956,1791307574784,502,false,false,1502
vu-4761,26016821,1791307571992,1791307574785,502,false,false,1502
vu-5528,29025428,1791307571972,1791307574785,502,false,false,1502
vu-9568,59003382,1791307571961,1791307574785,502,false,false,1502
vu-9586,59005297,1791307571975,1791307574784,502,false,false,1502
vu-1575,02059635,1791307571988,1791307574785,502,false,false,1502
vu-3481,18001040,1791307571985,1791307574785,502,false,false,1502
vu-5085,28016892,1791307571973,1791307574785,502,false,false,1502
vu-7421,43007735,1791307571984,1791307574785,502,false,false,1502
vu-6660,38003377,1791307571976,1791307574785,502,false,false,1502
vu-781,01083392,1791307571967,1791307574785,502,false,false,1502
vu-658,01070259,1791307571977,1791307574785,502,false,false,1502
vu-1750,02078342,1791307571991,1791307574785,502,false,false,1502
vu-681,01072714,1791307571977,1791307574785,502,false,false,1502
vu-4145,22008822,1791307571965,1791307574785,502,false,false,1502
vu-6885,40001435,1791307571976,1791307574785,502,false,false,1502
vu-6099,33012681,1791307571984,1791307574785,502,false,false,1502
vu-3650,18019046,1791307571966,1791307574785,502,false,false,1502
vu-2056,03023104,1791307571989,1791307574785,502,false,false,1502
vu-9668,60003359,1791307571957,1791307574785,502,false,false,1502
vu-7881,48000089,1791307571993,1791307574785,502,false,false,1502
vu-8592,51009569,1791307571977,1791307574785,502,false,false,1502
vu-3513,18004455,1791307571989,1791307574785,502,false,false,1502
vu-8459,50011907,1791307571986,1791307574785,502,false,false,1502
vu-8470,50013075,1791307571987,1791307574785,502,false,false,1502
vu-1876,03003876,1791307571969,1791307574785,502,false,false,1502
vu-9321,56009907,1791307571981,1791307574785,502,false,false,1502
vu-2486,09004727,1791307571981,1791307574785,502,false,false,1502
vu-9467,58002339,1791307571974,1791307574785,502,false,false,1502
vu-904,01096522,1791307571987,1791307574785,502,false,false,1502
vu-7848,47009757,1791307571971,1791307574785,502,false,false,1502
vu-8644,51015101,1791307571987,1791307574785,502,false,false,1502
vu-8867,53005858,1791307571977,1791307574785,502,false,false,1502
vu-5740,30011093,1791307571982,1791307574785,502,false,false,1502
vu-1406,02041342,1791307571981,1791307574785,502,false,false,1502
vu-8446,50010524,1791307571997,1791307574785,502,false,false,1502
vu-8852,53004260,1791307571972,1791307574785,502,false,false,1502
vu-3655,18019584,1791307571981,1791307574785,502,false,false,1502
vu-688,01073457,1791307571973,1791307574785,502,false,false,1502
vu-7062,40020286,1791307571985,1791307574785,502,false,false,1502
vu-8365,50001901,1791307571967,1791307574785,502,false,false,1502
vu-980,01104616,1791307571987,1791307574785,502,false,false,1502
vu-9258,56003209,1791307571975,1791307574785,502,false,false,1502
vu-307,01032785,1791307571977,1791307574785,502,false,false,1502
vu-5966,32006887,1791307571973,1791307574785,502,false,false,1502
vu-6746,38012526,1791307571990,1791307574785,502,false,false,1502
vu-8200,49000154,1791307571984,1791307574785,502,false,false,1502
vu-8823,53001172,1791307571974,1791307574785,502,false,false,1502
vu-7456,44000117,1791307571980,1791307574785,502,false,false,1502
vu-2196,04012444,1791307571971,1791307574785,502,false,false,1502
vu-2178,04010520,1791307571996,1791307574785,502,false,false,1502
vu-9546,59001037,1791307571970,1791307574785,502,false,false,1502
vu-1595,02061762,1791307571984,1791307574785,502,false,false,1502
vu-476,01050823,1791307571974,1791307574785,502,false,false,1502
vu-7925,48004790,1791307571986,1791307574785,502,false,false,1502
vu-2212,05000590,1791307571963,1791307574785,502,false,false,1502
vu-9112,55000545,1791307571975,1791307574785,502,false,false,1502
vu-3970,21013622,1791307571996,1791307574785,502,false,false,1502
vu-7593,44014691,1791307571981,1791307574785,502,false,false,1502
vu-924,01098649,1791307571988,1791307574785,502,false,false,1502
vu-706,01075375,1791307571974,1791307574786,502,false,false,1502
vu-6728,38010614,1791307571972,1791307574786,502,false,false,1502
vu-9927,63007107,1791307571969,1791307574786,502,false,false,1502
vu-845,01090225,1791307571977,1791307574786,502,false,false,1502
vu-1472,02048430,1791307571990,1791307574786,502,false,false,1502
vu-6888,40001756,1791307571982,1791307574786,502,false,false,1502
vu-7581,44013416,1791307571972,1791307574786,502,false,false,1502
vu-78,01008264,1791307571981,1791307574786,502,false,false,1502
vu-9204,55010352,1791307571997,1791307574786,502,false,false,1502
vu-2940,14005913,1791307571976,1791307574786,502,false,false,1502
vu-4848,27003390,1791307571962,1791307574786,502,false,false,1502
vu-2534,10000818,1791307571978,1791307574786,502,false,false,1502
vu-9906,63004868,1791307571970,1791307574786,502,false,false,1502
vu-8378,50003281,1791307571984,1791307574786,502,false,false,1502
vu-4565,25017711,1791307571980,1791307574786,502,false,false,1502
vu-1394,02040064,1791307571972,1791307574786,502,false,false,1502
vu-7786,47003158,1791307571974,1791307574786,502,false,false,1502
vu-6265,35000166,1791307571966,1791307574786,502,false,false,1502
vu-234,01024967,1791307571971,1791307574786,502,false,false,1502
vu-3207,16005272,1791307571965,1791307574786,502,false,false,1502
vu-6514,37007258,1791307571978,1791307574786,502,false,false,1502
vu-9804,62001250,1791307571978,1791307574786,502,false,false,1502
vu-9618,59008705,1791307571971,1791307574787,502,false,false,1502
vu-9069,54011040,1791307571977,1791307574787,502,false,false,1502
vu-7761,47000487,1791307571994,1791307574787,502,false,false,1502
vu-2792,12015639,1791307571977,1791307574787,502,false,false,1502
vu-7599,45000059,1791307571969,1791307574788,200,true,false,
vu-8789,52010230,1791307571960,1791307574789,502,false,false,1502
vu-747,01079772,1791307572001,1791307574789,502,false,false,1502
vu-5598,29032907,1791307571976,1791307574790,502,false,false,1502
vu-8155,48029386,1791307571987,1791307574793,502,false,false,1502
vu-342,01036525,1791307571979,1791307574793,502,false,false,1502
vu-5734,30010450,1791307571987,1791307574793,500,false,false,1500
vu-2043,03021716,1791307571971,1791307574793,502,false,false,1502
vu-1052,02003714,1791307571971,1791307574793,502,false,false,1502
vu-9068,54010934,1791307571980,1791307574794,502,false,false,1502
vu-8717,52002564,1791307571980,1791307574794,502,false,false,1502
vu-8897,53009051,1791307571980,1791307574794,502,false,false,1502
vu-9422,57008487,1791307571978,1791307574794,502,false,false,1502
vu-9452,58000739,1791307571976,1791307574794,502,false,false,1502
vu-4234,23001914,1791307571977,1791307574794,502,false,false,1502
vu-2304,06003457,1791307571984,1791307574794,502,false,false,1502
vu-2803,13000019,1791307571980,1791307574794,502,false,false,1502
vu-4661,26006133,1791307571980,1791307574794,502,false,false,1502
vu-5978,32008166,1791307571981,1791307574794,502,false,false,1502
vu-8706,52001388,1791307571984,1791307574794,502,false,false,1502
vu-6841,39007415,1791307571965,1791307574794,502,false,false,1502
vu-9196,55009499,1791307571974,1791307574794,502,false,false,1502
vu-5243,28033759,1791307571977,1791307574794,502,false,false,1502
vu-1725,02075683,1791307571965,1791307574794,502,false,false,1502
vu-6840,39007307,1791307571981,1791307574795,502,false,false,1502
vu-2838,13003747,1791307571981,1791307574795,502,false,false,1502
vu-9655,60001971,1791307571983,1791307574795,502,false,false,1502
vu-1636,02066124,1791307571986,1791307574795,502,false,false,1502
vu-2353,07003145,1791307571987,1791307574796,502,false,false,1502
vu-3965,21013087,1791307571976,1791307574796,502,false,false,1502
vu-1538,02055580,1791307571987,1791307574796,502,false,false,1502
vu-3729,19005639,1791307571991,1791307574796,502,false,false,1502
vu-4914,27010416,1791307571994,1791307574796,502,false,false,1502
vu-936,01099936,1791307571987,1791307574796,502,false,false,1502
vu-1644,02067004,1791307571988,1791307574796,502,false,false,1502
vu-6477,37003322,1791307571977,1791307574796,502,false,false,1502
vu-1618,02064207,1791307571985,1791307574796,502,false,false,1502
vu-6236,34014493,1791307571954,1791307574796,200,true,false,
vu-6386,35013050,1791307571985,1791307574796,502,false,false,1502
vu-3421,17012615,1791307571996,1791307574796,502,false,false,1502
vu-8744,52005445,1791307571983,1791307574797,502,false,false,1502
vu-8445,50010418,1791307571987,1791307574797,502,false,false,1502
vu-8766,52007785,1791307571979,1791307574797,502,false,false,1502
vu-4213,22016064,1791307571962,1791307574797,502,false,false,1502
vu-1560,02058015,1791307571981,1791307574797,502,false,false,1502
vu-4890,27007863,1791307571994,1791307574798,502,false,false,1502
vu-8699,52000644,1791307571973,1791307574798,502,false,false,1502
vu-7914,48003617,1791307571984,1791307574799,502,false,false,1502
vu-2343,07002075,1791307571979,1791307574800,502,false,false,1502
vu-9310,56008738,1791307571974,1791307574800,502,false,false,1502
vu-620,01066215,1791307571971,1791307574800,502,false,false,1502
vu-3352,17005232,1791307571971,1791307574800,502,false,false,1502
vu-9902,63004443,1791307571986,1791307574800,502,false,false,1502
vu-5035,28011564,1791307571981,1791307574801,502,false,false,1502
vu-9330,56010868,1791307571971,1791307574801,502,false,false,1502
vu-3737,19006489,1791307571980,1791307574801,502,false,false,1502
vu-8174,48031414,1791307571989,1791307574801,502,false,false,1502
vu-9192,55009073,1791307571973,1791307574801,502,false,false,1502
vu-9151,55004704,1791307571979,1791307574801,502,false,false,1502
vu-9472,58002874,1791307571977,1791307574801,502,false,false,1502
vu-9371,57003065,1791307571975,1791307574801,502,false,false,1502
vu-9562,59002737,1791307571976,1791307574801,502,false,false,1502
vu-8302,49011007,1791307571988,1791307574801,502,false,false,1502
vu-563,01060138,1791307571982,1791307574801,502,false,false,1502
vu-9479,58003617,1791307571983,1791307574801,502,false,false,1502
vu-7050,40019008,1791307571987,1791307574801,502,false,false,1502
vu-4715,26011914,1791307571975,1791307574801,502,false,false,1502
vu-5711,30007995,1791307571981,1791307574801,502,false,false,1502
vu-9654,60001865,1791307571976,1791307574801,502,false,false,1502
vu-2051,03022571,1791307571989,1791307574801,502,false,false,1502
vu-2299,06002922,1791307571987,1791307574801,502,false,false,1502
vu-8099,48023408,1791307571990,1791307574801,502,false,false,1502
vu-6435,36003873,1791307571990,1791307574801,502,false,false,1502
vu-7439,43009649,1791307571990,1791307574801,502,false,false,1502
vu-2276,06000464,1791307571983,1791307574801,502,false,false,1502
vu-8063,48019566,1791307571985,1791307574801,502,false,false,1502
vu-9539,59000293,1791307571970,1791307574801,502,false,false,1502
vu-2542,10001667,1791307571978,1791307574801,502,false,false,1502
vu-8754,52006509,1791307571972,1791307574801,502,false,false,1502
vu-4075,22001362,1791307571985,1791307574801,502,false,false,1502
vu-5095,28017960,1791307571976,1791307574801,502,false,false,1502
vu-2850,13005031,1791307571983,1791307574801,502,false,false,1502
vu-135,01014362,1791307571971,1791307574801,502,false,false,1502
vu-9056,54009657,1791307571983,1791307574801,502,false,false,1502
vu-1621,02064526,1791307571984,1791307574801,502,false,false,1502
vu-7162,41010030,1791307571957,1791307574801,502,false,false,1502
vu-8698,52000537,1791307571971,1791307574801,502,false,false,1502
vu-7614,45001667,1791307571979,1791307574801,502,false,false,1502
vu-758,01080943,1791307571973,1791307574801,502,false,false,1502
vu-7630,45003375,1791307571989,1791307574801,502,false,false,1502
vu-8434,50009250,1791307571977,1791307574801,502,false,false,1502
vu-189,01020159,1791307571993,1791307574801,502,false,false,1502
vu-9223,55012371,1791307571980,1791307574801,502,false,false,1502
vu-3524,18005624,1791307571993,1791307574801,502,false,false,1502
vu-5120,28020628,1791307571983,1791307574801,502,false,false,1502
vu-8246,49005050,1791307571986,1791307574801,502,false,false,1502
vu-2436,08007782,1791307571981,1791307574801,502,false,false,1502
vu-5482,29020528,1791307571981,1791307574801,502,false,false,1502
vu-9619,59008812,1791307571995,1791307574801,502,false,false,1502
vu-4364,24005914,1791307571974,1791307574801,502,false,false,1502
vu-9517,58007659,1791307571978,1791307574801,502,false,false,1502
vu-4422,25002486,1791307571994,1791307574801,502,false,false,1502
vu-7727,46007392,1791307571981,1791307574801,502,false,false,1502
vu-5888,31009797,1791307571982,1791307574801,502,false,false,1502
vu-7025,40016346,1791307571984,1791307574802,502,false,false,1502
vu-4183,22012868,1791307571965,1791307574802,502,false,false,1502
vu-2292,06002174,1791307571985,1791307574802,502,false,false,1502
vu-7466,44001181,1791307571983,1791307574802,502,false,false,1502
vu-2273,06000144,1791307571979,1791307574802,502,false,false,1502
vu-4582,25019520,1791307571988,1791307574802,502,false,false,1502
vu-5677,30004374,1791307571985,1791307574802,502,false,false,1502
vu-2432,08007358,1791307571980,1791307574802,502,false,false,1502
vu-4697,26009985,1791307571982,1791307574802,502,false,false,1502
vu-1632,02065699,1791307571987,1791307574802,502,false,false,1502
vu-2073,03024917,1791307571992,1791307574802,502,false,false,1502
vu-3156,15016318,1791307571980,1791307574802,502,false,false,1502
vu-3492,18002209,1791307571988,1791307574802,502,false,false,1502
vu-7470,44001606,1791307571988,1791307574802,502,false,false,1502
vu-9001,54003803,1791307571977,1791307574802,502,false,false,1502
vu-7813,47006030,1791307571976,1791307574802,502,false,false,1502
vu-5587,29031734,1791307571985,1791307574802,502,false,false,1502
vu-5868,31007667,1791307571976,1791307574802,502,false,false,1502
vu-7814,47006136,1791307571982,1791307574802,502,false,false,1502
vu-361,01038555,1791307571980,1791307574802,502,false,false,1502
vu-2647,12000171,1791307571994,1791307574802,502,false,false,1502
vu-1186,02017963,1791307571985,1791307574802,502,false,false,1502
vu-4305,23009487,1791307572000,1791307574802,502,false,false,1502
vu-3280,16013048,1791307571981,1791307574802,502,false,false,1502
vu-3543,18007647,1791307571980,1791307574802,502,false,false,1502
vu-2285,06001423,1791307571983,1791307574802,502,false,false,1502
vu-3215,16006124,1791307571984,1791307574802,502,false,false,1502
vu-8403,50005937,1791307571982,1791307574802,502,false,false,1502
vu-1578,02059956,1791307571983,1791307574802,502,false,false,1502
vu-5939,32004004,1791307571973,1791307574802,502,false,false,1502
vu-9872,63001254,1791307571975,1791307574802,502,false,false,1502
vu-1177,02017007,1791307571974,1791307574802,502,false,false,1502
vu-1583,02060487,1791307571984,1791307574802,502,false,false,1502
vu-1907,03007192,1791307571969,1791307574803,500,false,false,1500
vu-1603,02062614,1791307571985,1791307574803,502,false,false,1502
vu-2771,12013403,1791307571974,1791307574803,502,false,false,1502
vu-3852,21001061,1791307571999,1791307574805,502,false,false,1502
vu-6517,37007576,1791307571995,1791307574805,502,false,false,1502
vu-8350,50000308,1791307571999,1791307574806,502,false,false,1502
vu-8544,51004461,1791307571995,1791307574806,502,false,false,1502
vu-5674,30004055,1791307571993,1791307574807,502,false,false,1502
vu-442,01047194,1791307571955,1791307574809,200,true,false,
vu-9505,58006382,1791307571981,1791307574812,200,true,false,
vu-4901,27009031,1791307571951,1791307574814,502,false,false,1502
vu-6475,37003109,1791307571978,1791307574814,502,false,false,1502
vu-4444,25004834,1791307571986,1791307574815,502,false,false,1502
vu-8,01000752,1791307571954,1791307574815,200,true,false,
vu-6397,35014219,1791307571965,1791307574815,502,false,false,1502
vu-9988,64005897,1791307571983,1791307574815,502,false,false,1502
vu-2732,12009247,1791307571991,1791307574815,502,false,false,1502
vu-6210,34011717,1791307571988,1791307574815,502,false,false,1502
vu-633,01067597,1791307571977,1791307574815,502,false,false,1502
vu-5679,30004588,1791307571990,1791307574815,502,false,false,1502
vu-7419,43007522,1791307571969,1791307574816,502,false,false,1502
vu-5655,30002033,1791307571998,1791307574817,502,false,false,1502
vu-531,01056691,1791307571999,1791307574818,502,false,false,1502
vu-2890,14000570,1791307571996,1791307574819,502,false,false,1502
vu-3220,16006656,1791307571990,1791307574820,500,false,false,1500
vu-9632,59010197,1791307571993,1791307574821,502,false,false,1502
vu-1209,02020407,1791307571993,1791307574822,502,false,false,1502
vu-5738,30010879,1791307571988,1791307574822,502,false,false,1502
vu-2825,13002364,1791307571988,1791307574824,502,false,false,1502
vu-9711,61001530,1791307571983,1791307574825,500,false,false,1500
vu-5499,29022339,1791307571995,1791307574828,502,false,false,1502
vu-6021,33004362,1791307571999,1791307574829,502,false,false,1502
vu-7043,40018264,1791307571989,1791307574829,502,false,false,1502
vu-8444,50010312,1791307571986,1791307574829,502,false,false,1502
vu-771,01082327,1791307571995,1791307574829,502,false,false,1502
vu-1258,02025616,1791307571993,1791307574830,502,false,false,1502
vu-6182,34008696,1791307571995,1791307574830,502,false,false,1502
vu-2155,04008042,1791307571993,1791307574830,502,false,false,1502
vu-6194,34009976,1791307571992,1791307574831,502,false,false,1502
vu-4346,24004001,1791307571991,1791307574832,502,false,false,1502
vu-750,01080092,1791307572001,1791307574832,500,false,false,1500
vu-6541,37010133,1791307571998,1791307574833,500,false,false,1500
vu-8002,48013033,1791307571996,1791307574835,502,false,false,1502
vu-9237,56000976,1791307571992,1791307574835,502,false,false,1502
vu-4299,23008848,1791307571957,1791307574836,200,true,false,
vu-113,01012006,1791307571998,1791307574838,502,false,false,1502
vu-8190,48033123,1791307571997,1791307574839,500,false,false,1500
vu-6096,33012358,1791307571992,1791307574839,502,false,false,1502
vu-8737,52004701,1791307571949,1791307574840,200,true,false,
vu-5829,31003517,1791307571953,1791307574840,502,false,false,1502
vu-5719,30008846,1791307571982,1791307574844,500,false,false,1500
vu-5934,32003470,1791307571962,1791307574846,200,true,false,
vu-3804,19013629,1791307571970,1791307574846,200,true,false,
vu-1854,03001537,1791307571962,1791307574847,502,false,false,1502
vu-6211,34011825,1791307571992,1791307574848,502,false,false,1502
vu-5781,30015468,1791307571955,1791307574850,200,true,false,
vu-6819,39005067,1791307571994,1791307574851,502,false,false,1502
vu-2931,14004954,1791307571994,1791307574852,502,false,false,1502
vu-986,01105260,1791307571991,1791307574853,502,false,false,1502
vu-3880,21004041,1791307571995,1791307574853,500,false,false,1500
vu-292,01031177,1791307571998,1791307574855,500,false,false,1500
vu-5532,29025854,1791307571987,1791307574856,502,false,false,1502
vu-3593,18012976,1791307571954,1791307574857,200,true,false,
vu-3459,17016677,1791307571995,1791307574862,502,false,false,1502
vu-5470,29019249,1791307571998,1791307574862,502,false,false,1502
vu-1217,02021259,1791307571995,1791307574863,500,false,false,1500
vu-5547,29027456,1791307571990,1791307574865,502,false,false,1502
vu-9852,62006395,1791307571999,1791307574865,502,false,false,1502
vu-9870,63001041,1791307571999,1791307574865,502,false,false,1502
vu-2619,11000380,1791307571998,1791307574867,500,false,false,1500
vu-6473,37002895,1791307571983,1791307574868,200,true,false,
vu-5933,32003363,1791307571994,1791307574869,502,false,false,1502
vu-2533,10000712,1791307571972,1791307574870,200,true,false,
vu-2684,12004115,1791307571999,1791307574871,502,false,false,1502
vu-372,01039728,1791307572000,1791307574874,502,false,false,1502
vu-2089,04000960,1791307571994,1791307574874,502,false,false,1502
vu-5447,29016800,1791307571998,1791307574874,502,false,false,1502
vu-6528,37008747,1791307571972,1791307574875,200,true,false,
vu-178,01018984,1791307572000,1791307574879,502,false,false,1502
vu-7835,47008375,1791307571953,1791307574880,500,false,false,1500
vu-6018,33004036,1791307571996,1791307574880,502,false,false,1502
vu-2159,04008468,1791307571951,1791307574882,200,true,false,
vu-3186,16003037,1791307571957,1791307574882,200,true,false,
vu-6067,33009271,1791307571994,1791307574883,500,false,false,1500
vu-2046,03022039,1791307571996,1791307574887,502,false,false,1502
vu-7969,48009493,1791307572000,1791307574887,502,false,false,1502
vu-3588,18012445,1791307571999,1791307574887,502,false,false,1502
vu-3580,18011591,1791307571965,1791307574887,502,false,false,1502
vu-1486,02049954,1791307572001,1791307574887,502,false,false,1502
vu-2120,04004278,1791307571988,1791307574887,502,false,false,1502
vu-4128,22007010,1791307571991,1791307574887,502,false,false,1502
vu-2265,05006245,1791307571998,1791307574887,502,false,false,1502
vu-4282,23007039,1791307572000,1791307574887,502,false,false,1502
vu-5897,31010753,1791307571956,1791307574889,200,true,false,
vu-7640,45004439,1791307571997,1791307574890,502,false,false,1502
vu-716,01076447,1791307571973,1791307574891,200,true,false,
vu-6531,37009066,1791307571996,1791307574891,502,false,false,1502
vu-4238,23002339,1791307571999,1791307574892,502,false,false,1502
vu-2487,09004835,1791307571949,1791307574895,200,true,false,
vu-4910,27009990,1791307571996,1791307574895,502,false,false,1502
vu-651,01069515,1791307571948,1791307574897,502,false,false,1502
vu-9681,60004746,1791307571961,1791307574897,200,true,false,
vu-3330,17002869,1791307571960,1791307574898,200,true,false,
vu-8172,48031201,1791307571959,1791307574900,200,true,false,
vu-4707,26011061,1791307572000,1791307574900,502,false,false,1502
vu-8067,48019994,1791307571973,1791307574900,502,false,false,1502
vu-1499,02051360,1791307572000,1791307574901,502,false,false,1502
vu-737,01078695,1791307571963,1791307574904,200,true,false,
vu-1692,02072167,1791307571984,1791307574904,502,false,false,1502
vu-8209,49001112,1791307571965,1791307574904,502,false,false,1502
vu-5944,32004535,1791307572000,1791307574904,502,false,false,1502
vu-6558,37011941,1791307571998,1791307574904,502,false,false,1502
vu-2921,14003885,1791307571994,1791307574904,502,false,false,1502
vu-8349,50000201,1791307572000,1791307574904,502,false,false,1502
vu-7332,42013681,1791307571998,1791307574904,502,false,false,1502
vu-6621,37018649,1791307571958,1791307574905,502,false,false,1502
vu-4683,26008487,1791307571963,1791307574905,502,false,false,1502
vu-4509,25011749,1791307571960,1791307574905,502,false,false,1502
vu-5492,29021593,1791307571962,1791307574906,200,true,false,
vu-3713,19003933,1791307571955,1791307574906,200,true,false,
vu-2035,03020864,1791307571962,1791307574906,502,false,false,1502
vu-4220,23000423,1791307571997,1791307574908,502,false,false,1502
vu-6037,33006072,1791307571994,1791307574909,500,false,false,1500
vu-2910,14002705,1791307571996,1791307574910,502,false,false,1502
vu-7578,44013096,1791307571958,1791307574910,200,true,false,
vu-5993,33001367,1791307571951,1791307574911,502,false,false,1502
vu-4178,22012337,1791307571958,1791307574912,200,true,false,
vu-7663,46000568,1791307571971,1791307574912,200,true,false,
vu-7206,42000254,1791307571953,1791307574913,502,false,false,1502
vu-4960,28003544,1791307571965,1791307574914,200,true,false,
vu-4036,21020656,1791307572000,1791307574918,500,false,false,1500
vu-9608,59007642,1791307571950,1791307574918,200,true,false,
vu-2871,13007266,1791307571996,1791307574918,502,false,false,1502
vu-9895,63003699,1791307571998,1791307574919,502,false,false,1502
vu-7462,44000756,1791307571955,1791307574920,502,false,false,1502
vu-7909,48003084,1791307571958,1791307574920,502,false,false,1502
vu-7534,44008422,1791307571964,1791307574921,200,true,false,
vu-2450,09000889,1791307571982,1791307574921,200,true,false,
vu-3256,16010495,1791307571953,1791307574922,200,true,false,
vu-2798,12016280,1791307571961,1791307574922,502,false,false,1502
vu-5735,30010558,1791307571953,1791307574925,200,true,false,
vu-7357,43000920,1791307571955,1791307574926,200,true,false,
vu-1392,02039852,1791307571948,1791307574927,502,false,false,1502
vu-7493,44004066,1791307571979,1791307574928,200,true,false,
vu-2864,13006521,1791307571954,1791307574929,502,false,false,1502
vu-4144,22008715,1791307571956,1791307574929,200,true,false,
vu-6485,37004174,1791307571962,1791307574931,200,true,false,
vu-1457,02046832,1791307571959,1791307574933,200,true,false,
vu-6942,40007503,1791307571959,1791307574933,502,false,false,1502
vu-9372,57003172,1791307571952,1791307574936,200,true,false,
vu-1894,03005795,1791307571951,1791307574936,200,true,false,
vu-3973,21013943,1791307571995,1791307574937,200,true,false,
vu-2092,04001278,1791307571960,1791307574937,502,false,false,1502
vu-4665,26006567,1791307571956,1791307574940,200,true,false,
vu-2452,09001101,1791307571951,1791307574941,200,true,false,
vu-8286,49009307,1791307571957,1791307574942,502,false,false,1502
vu-7985,48011212,1791307571957,1791307574942,502,false,false,1502
vu-5672,30003843,1791307571955,1791307574943,200,true,false,
vu-6086,33011295,1791307571966,1791307574946,200,true,false,
vu-7901,48002229,1791307571953,1791307574946,200,true,false,
vu-5003,28008149,1791307571962,1791307574947,502,false,false,1502
vu-5138,28022545,1791307571953,1791307574948,502,false,false,1502
vu-8194,48033551,1791307571955,1791307574949,200,true,false,
vu-3038,15003717,1791307571998,1791307574951,502,false,false,1502
vu-6438,36004192,1791307571969,1791307574951,200,true,false,
vu-9455,58001058,1791307571957,1791307574953,200,true,false,
vu-8571,51007331,1791307571960,1791307574958,200,true,false,
vu-5877,31008626,1791307571954,1791307574962,200,true,false,
vu-9813,62002220,1791307571960,1791307574963,502,false,false,1502
vu-6537,37009708,1791307571957,1791307574963,200,true,false,
vu-8894,53008730,1791307571957,1791307574963,200,true,false,
vu-5654,30001927,1791307571954,1791307574964,502,false,false,1502
vu-8283,49008989,1791307571968,1791307574965,200,true,false,
vu-6623,37018861,1791307571950,1791307574965,200,true,false,
vu-1755,02078887,1791307571964,1791307574966,502,false,false,1502
vu-4082,22002108,1791307571951,1791307574975,200,true,false,
vu-1754,02078777,1791307571951,1791307574985,200,true,false,
vu-3525,18005730,1791307571958,1791307574986,502,false,false,1502
vu-6065,33009058,1791307571997,1791307574991,502,false,false,1502
vu-3978,21014477,1791307571991,1791307574992,502,false,false,1502
vu-884,01094386,1791307571956,1791307574995,502,false,false,1502
vu-6681,38005614,1791307571958,1791307574998,200,true,false,
vu-8864,53005540,1791307571986,1791307575000,200,true,false,
vu-8078,48021165,1791307571955,1791307575006,200,true,false,
vu-5505,29022978,1791307571959,1791307575006,200,true,false,
vu-1434,02044347,1791307572001,1791307575008,502,false,false,1502
vu-4249,23003517,1791307571954,1791307575008,502,false,false,1502
vu-1418,02042633,1791307572001,1791307575011,502,false,false,1502
vu-4224,23000848,1791307571958,1791307575011,200,true,false,
vu-4944,28001825,1791307571953,1791307575011,200,true,false,
vu-6427,36003022,1791307572001,1791307575013,200,true,false,
vu-9612,59008068,1791307571951,1791307575018,200,true,false,
vu-5083,28016680,1791307571954,1791307575023,200,true,false,
vu-7063,40020392,1791307571959,1791307575028,200,true,false,
vu-3314,17001159,1791307571998,1791307575028,502,false,false,1502
vu-5510,29023509,1791307571954,1791307575029,200,true,false,
vu-8734,52004378,1791307571979,1791307575033,200,true,false,
vu-6184,34008908,1791307571967,1791307575036,200,true,false,
vu-7037,40017623,1791307571957,1791307575038,200,true,false,
vu-8535,51003505,1791307571954,1791307575040,200,true,false,
vu-8938,53013419,1791307571975,1791307575041,200,true,false,
vu-6982,40011767,1791307571955,1791307575042,200,true,false,
vu-9117,55001076,1791307571978,1791307575044,200,true,false,
vu-3748,19007659,1791307571949,1791307575045,200,true,false,
vu-6357,35009964,1791307571956,1791307575045,502,false,false,1502
vu-2348,07002609,1791307571986,1791307575047,200,true,false,
vu-1363,02036769,1791307571950,1791307575048,200,true,false,
vu-8807,52012145,1791307571949,1791307575049,200,true,false,
vu-6611,37017584,1791307572001,1791307575051,200,true,false,
vu-8935,53013100,1791307571951,1791307575053,200,true,false,
vu-5957,32005926,1791307571952,1791307575055,200,true,false,
vu-1449,02045981,1791307571961,1791307575055,200,true,false,
vu-9875,63001572,1791307571954,1791307575058,200,true,false,
vu-4189,22013509,1791307571953,1791307575059,200,true,false,
vu-2796,12016068,1791307571948,1791307575060,200,true,false,
vu-2716,12007523,1791307571967,1791307575060,502,false,false,1502
vu-2093,04001384,1791307571951,1791307575064,200,true,false,
vu-7284,42008574,1791307571951,1791307575066,200,true,false,
vu-7624,45002737,1791307571984,1791307575070,200,true,false,
vu-8583,51008608,1791307571965,1791307575076,200,true,false,
vu-4936,28000963,1791307571954,1791307575077,200,true,false,
vu-8316,49012500,1791307571953,1791307575084,200,true,false,
vu-9674,60003997,1791307571956,1791307575084,200,true,false,
vu-5928,32002832,1791307571954,1791307575085,502,false,false,1502
vu-8949,53014588,1791307571977,1791307575087,200,true,false,
vu-8555,51005629,1791307571956,1791307575088,200,true,false,
vu-650,01069407,1791307571962,1791307575088,502,false,false,1502
vu-4999,28007720,1791307571953,1791307575092,200,true,false,
vu-8393,50004875,1791307571951,1791307575092,200,true,false,
vu-1450,02046087,1791307572001,1791307575105,200,true,false,
vu-9913,63005615,1791307571964,1791307575108,200,true,false,
vu-7817,47006457,1791307571954,1791307575110,200,true,false,
vu-524,01055938,1791307571955,1791307575114,200,true,false,
vu-7743,46009094,1791307571951,1791307575115,200,true,false,
vu-6893,40002288,1791307571958,1791307575116,200,true,false,
vu-4055,21022689,1791307571950,1791307575120,502,false,false,1502
vu-1739,02077173,1791307571963,1791307575121,200,true,false,
vu-8778,52009060,1791307571957,1791307575122,200,true,false,
vu-4098,22003809,1791307571960,1791307575123,502,false,false,1502
vu-9105,54014863,1791307571983,1791307575124,200,true,false,
vu-8161,48030027,1791307571972,1791307575128,200,true,false,
vu-1467,02047897,1791307571951,1791307575130,200,true,false,
vu-5407,29012532,1791307571968,1791307575134,200,true,false,
vu-7944,48006821,1791307571961,1791307575137,200,true,false,
vu-8618,51012333,1791307571954,1791307575138,200,true,false,
vu-7621,45002417,1791307571947,1791307575141,200,true,false,
vu-2203,04013193,1791307571958,1791307575144,200,true,false,
vu-4898,27008712,1791307571953,1791307575148,200,true,false,
vu-6461,37001616,1791307571950,1791307575151,200,true,false,
vu-3324,17002226,1791307571965,1791307575151,200,true,false,
vu-832,01088832,1791307571958,1791307575152,200,true,false,
vu-7940,48006396,1791307571950,1791307575155,200,true,false,
vu-2660,12001552,1791307572001,1791307575157,200,true,false,
vu-4561,25017285,1791307571970,1791307575158,200,true,false,
vu-3664,18020545,1791307571969,1791307575158,502,false,false,1502
vu-9676,60004211,1791307571957,1791307575163,200,true,false,
vu-2667,12002302,1791307571960,1791307575167,200,true,false,
vu-905,01096629,1791307571958,1791307575174,200,true,false,
vu-2153,04007828,1791307571958,1791307575177,200,true,false,
vu-7193,41013336,1791307571986,1791307575178,200,true,false,
vu-3999,21016718,1791307571952,1791307575183,200,true,false,
vu-6480,37003641,1791307571951,1791307575186,200,true,false,
vu-1862,03002387,1791307571967,1791307575187,200,true,false,
vu-6651,38002419,1791307571955,1791307575190,200,true,false,
vu-9854,62006611,1791307571959,1791307575192,200,true,false,
vu-9423,57008593,1791307571957,1791307575193,200,true,false,
vu-3369,17007059,1791307571962,1791307575193,502,false,false,1502
vu-3077,15007882,1791307571950,1791307575194,200,true,false,
vu-2784,12014786,1791307571976,1791307575195,200,true,false,
vu-4251,23003732,1791307571958,1791307575200,200,true,false,
vu-4778,26018636,1791307572001,1791307575201,200,true,false,
vu-264,01028179,1791307571957,1791307575201,200,true,false,
vu-2621,11000592,1791307571952,1791307575201,502,false,false,1502
vu-4659,26005921,1791307571955,1791307575202,200,true,false,
vu-3153,15015998,1791307571951,1791307575203,200,true,false,
vu-6692,38006786,1791307571954,1791307575205,200,true,false,
vu-1174,02016689,1791307571951,1791307575208,200,true,false,
vu-5118,28020416,1791307571969,1791307575211,200,true,false,
vu-7839,47008799,1791307571958,1791307575214,200,true,false,
vu-9332,56011080,1791307571952,1791307575215,200,true,false,
vu-4650,26004964,1791307571961,1791307575215,502,false,false,1502
vu-9728,61003342,1791307571960,1791307575217,200,true,false,
vu-5031,28011136,1791307571955,1791307575220,200,true,false,
vu-4514,25012282,1791307571954,1791307575224,200,true,false,
vu-8491,50015308,1791307571950,1791307575228,200,true,false,
vu-1753,02078667,1791307571959,1791307575232,200,true,false,
vu-6749,38012846,1791307571954,1791307575234,200,true,false,
vu-3226,16007295,1791307571959,1791307575237,200,true,false,
vu-8657,51016487,1791307571954,1791307575242,200,true,false,
vu-9725,61003018,1791307571976,1791307575247,200,true,false,
vu-6238,34014709,1791307571949,1791307575247,200,true,false,
vu-5312,29002358,1791307571960,1791307575248,200,true,false,
vu-8148,48028641,1791307571960,1791307575252,200,true,false,
vu-4286,23007464,1791307571960,1791307575252,200,true,false,
vu-1974,03014350,1791307571978,1791307575253,200,true,false,
vu-9869,63000934,1791307571951,1791307575253,502,false,false,1502
vu-4157,22010100,1791307571950,1791307575254,502,false,false,1502
vu-3298,16014964,1791307571949,1791307575257,200,true,false,
vu-4942,28001613,1791307571956,1791307575258,502,false,false,1502
vu-8558,51005948,1791307571957,1791307575258,200,true,false,
vu-5232,28032580,1791307571954,1791307575260,200,true,false,
vu-3249,16009752,1791307571952,1791307575261,200,true,false,
vu-8167,48030668,1791307571950,1791307575261,502,false,false,1502
vu-285,01030431,1791307571950,1791307575262,200,true,false,
vu-6264,35000060,1791307571953,1791307575264,200,true,false,
vu-8606,51011058,1791307572001,1791307575267,200,true,false,
vu-2354,07003251,1791307571960,1791307575267,200,true,false,
vu-5709,30007782,1791307571962,1791307575267,502,false,false,1502
vu-6245,34015460,1791307571960,1791307575268,200,true,false,
vu-579,01061846,1791307571954,1791307575269,200,true,false,
vu-4810,26022056,1791307571952,1791307575272,200,true,false,
vu-6394,35013901,1791307571956,1791307575273,200,true,false,
vu-1501,02051576,1791307571964,1791307575276,200,true,false,
vu-10,01000966,1791307571957,1791307575277,200,true,false,
vu-2929,14004739,1791307571953,1791307575277,200,true,false,
vu-4391,24008792,1791307571955,1791307575279,200,true,false,
vu-1691,02072061,1791307571956,1791307575280,502,false,false,1502
vu-692,01073882,1791307571947,1791307575281,200,true,false,
vu-7570,44012245,1791307571961,1791307575281,200,true,false,
vu-4432,25003554,1791307572001,1791307575283,200,true,false,
vu-4512,25012070,1791307571960,1791307575286,200,true,false,
vu-5892,31010222,1791307571948,1791307575287,200,true,false,
vu-7995,48012284,1791307571959,1791307575288,502,false,false,1502
vu-2552,10002740,1791307571977,1791307575288,200,true,false,
vu-4766,26017353,1791307571959,1791307575290,200,true,false,
vu-4547,25015796,1791307571973,1791307575293,200,true,false,
vu-683,01072926,1791307571948,1791307575295,200,true,false,
vu-9605,59007321,1791307571964,1791307575297,200,true,false,
vu-9053,54009336,1791307571955,1791307575298,200,true,false,
vu-2009,03018091,1791307571950,1791307575300,200,true,false,
vu-3123,15012798,1791307571954,1791307575302,200,true,false,
vu-8988,54002421,1791307571958,1791307575303,200,true,false,
vu-7381,43003480,1791307571966,1791307575305,200,true,false,
vu-6628,37019392,1791307571972,1791307575306,200,true,false,
vu-1803,02084030,1791307571960,1791307575307,502,false,false,1502
vu-3221,16006762,1791307571955,1791307575315,200,true,false,
vu-3044,15004359,1791307571951,1791307575321,200,true,false,
vu-2067,03024277,1791307571954,1791307575327,200,true,false,
vu-4503,25011111,1791307571959,1791307575327,200,true,false,
vu-8427,50008506,1791307571952,1791307575328,502,false,false,1502
vu-2561,10003707,1791307571956,1791307575333,200,true,false,
vu-9601,59006895,1791307571954,1791307575337,200,true,false,
vu-1805,02084242,1791307571957,1791307575340,200,true,false,
vu-4468,25007384,1791307571974,1791307575345,200,true,false,
vu-2600,10007868,1791307571968,1791307575348,200,true,false,
vu-5001,28007935,1791307571949,1791307575357,200,true,false,
vu-9156,55005236,1791307571952,1791307575358,502,false,false,1502
vu-7645,45004970,1791307571951,1791307575359,200,true,false,
vu-1423,02043170,1791307571958,1791307575361,200,true,false,
vu-2677,12003366,1791307572001,1791307575362,200,true,false,
vu-9213,55011308,1791307571948,1791307575365,200,true,false,
vu-7947,48007142,1791307571960,1791307575368,200,true,false,
vu-1532,02054911,1791307572001,1791307575368,200,true,false,
vu-660,01070471,1791307571956,1791307575371,200,true,false,
vu-9203,55010244,1791307571949,1791307575371,200,true,false,
vu-6751,38013061,1791307571956,1791307575373,200,true,false,
vu-6507,37006514,1791307571958,1791307575375,200,true,false,
vu-1426,02043492,1791307571956,1791307575378,200,true,false,
vu-2317,06004863,1791307571952,1791307575380,200,true,false,
vu-5842,31004899,1791307571960,1791307575383,200,true,false,
vu-9951,64001959,1791307571961,1791307575384,502,false,false,1502
vu-7715,46006117,1791307571992,1791307575385,200,true,false,
vu-1863,03002493,1791307571968,1791307575386,200,true,false,
vu-9388,57004871,1791307571976,1791307575387,200,true,false,
vu-7800,47004649,1791307572001,1791307575390,200,true,false,
vu-9374,57003385,1791307571966,1791307575390,200,true,false,
vu-1660,02068738,1791307571951,1791307575392,502,false,false,1502
vu-6685,38006040,1791307572001,1791307575392,200,true,false,
vu-8573,51007543,1791307571956,1791307575394,200,true,false,
vu-7135,41007154,1791307571958,1791307575394,200,true,false,
vu-8505,51000300,1791307571956,1791307575395,200,true,false,
vu-1887,03005050,1791307571952,1791307575396,200,true,false,
vu-7644,45004864,1791307571960,1791307575397,200,true,false,
vu-1524,02054052,1791307571964,1791307575397,502,false,false,1502
vu-1834,02087338,1791307571958,1791307575398,502,false,false,1502
vu-1810,02084774,1791307571952,1791307575401,200,true,false,
vu-549,01058637,1791307571955,1791307575405,200,true,false,
vu-3947,21011169,1791307571952,1791307575407,200,true,false,
vu-4053,21022475,1791307571954,1791307575417,200,true,false,
vu-1463,02047470,1791307571960,1791307575419,200,true,false,
vu-8529,51002864,1791307571967,1791307575422,200,true,false,
vu-4601,25021539,1791307571960,1791307575428,200,true,false,
vu-9193,55009180,1791307571972,1791307575431,200,true,false,
vu-6145,34004743,1791307571956,1791307575436,200,true,false,
vu-1944,03011144,1791307571964,1791307575439,502,false,false,1502
vu-7187,41012695,1791307571962,1791307575439,200,true,false,
vu-3901,21006274,1791307571961,1791307575441,200,true,false,
vu-2772,12013510,1791307571950,1791307575456,200,true,false,
vu-6494,37005132,1791307571963,1791307575458,200,true,false,
vu-5100,28018495,1791307571948,1791307575459,200,true,false,
vu-615,01065683,1791307571956,1791307575461,200,true,false,
vu-5821,31002664,1791307571948,1791307575463,200,true,false,
vu-4816,26022693,1791307571956,1791307575467,200,true,false,
vu-9309,56008631,1791307571959,1791307575468,200,true,false,
vu-429,01045804,1791307571987,1791307575471,200,true,false,
vu-2367,08000432,1791307571957,1791307575471,200,true,false,
vu-8567,51006904,1791307571958,1791307575471,502,false,false,1502
vu-341,01036419,1791307571974,1791307575472,200,true,false,
vu-3039,15003825,1791307571957,1791307575475,200,true,false,
vu-381,01040695,1791307572001,1791307575476,200,true,false,
vu-6949,40008247,1791307571949,1791307575477,200,true,false,
vu-9450,58000527,1791307571987,1791307575478,200,true,false,
vu-7412,43006776,1791307571954,1791307575478,502,false,false,1502
vu-6469,37002470,1791307571973,1791307575480,200,true,false,
vu-5347,29006124,1791307571953,1791307575482,200,true,false,
vu-3338,17003721,1791307571971,1791307575484,200,true,false,
vu-1740,02077280,1791307571952,1791307575486,200,true,false,
vu-6432,36003554,1791307571954,1791307575487,200,true,false,
vu-511,01054555,1791307571962,1791307575488,502,false,false,1502
vu-398,01042506,1791307571966,1791307575489,200,true,false,
vu-7755,46010371,1791307571953,1791307575491,200,true,false,
vu-9473,58002980,1791307571947,1791307575492,200,true,false,
vu-7433,43009010,1791307571948,1791307575493,502,false,false,1502
vu-4959,28003438,1791307571959,1791307575493,200,true,false,
vu-8642,51014888,1791307571956,1791307575496,200,true,false,
vu-6202,34010843,1791307571948,1791307575497,200,true,false,
vu-7378,43003161,1791307571968,1791307575498,200,true,false,
vu-9020,54005826,1791307571974,1791307575502,200,true,false,
vu-203,01021653,1791307571967,1791307575503,200,true,false,
vu-3868,21002763,1791307571955,1791307575504,200,true,false,
vu-8515,51001369,1791307571966,1791307575504,200,true,false,
vu-2216,05001018,1791307571956,1791307575505,502,false,false,1502
vu-8384,50003919,1791307571957,1791307575505,200,true,false,
vu-34,01003534,1791307571957,1791307575505,200,true,false,
vu-5397,29011468,1791307571961,1791307575505,502,false,false,1502
vu-8020,48014957,1791307571949,1791307575507,200,true,false,
vu-1166,02015839,1791307571955,1791307575507,200,true,false,
vu-3266,16011559,1791307571953,1791307575507,200,true,false,
vu-4339,24003256,1791307571986,1791307575508,200,true,false,
vu-5276,28037274,1791307571971,1791307575509,200,true,false,
vu-7787,47003264,1791307571959,1791307575509,502,false,false,1502
vu-1416,02042421,1791307571959,1791307575509,502,false,false,1502
vu-72,01007623,1791307571950,1791307575512,200,true,false,
vu-8467,50012756,1791307571958,1791307575512,200,true,false,
vu-2968,14008912,1791307571953,1791307575513,200,true,false,
vu-6782,39001119,1791307571951,1791307575515,200,true,false,
vu-8795,52010867,1791307571965,1791307575515,502,false,false,1502
vu-569,01060780,1791307571959,1791307575521,200,true,false,
vu-9136,55003101,1791307571949,1791307575522,200,true,false,
vu-2232,05002725,1791307571958,1791307575524,200,true,false,
vu-9704,61000782,1791307571964,1791307575526,200,true,false,
vu-7585,44013842,1791307571956,1791307575526,200,true,false,
vu-377,01040271,1791307571959,1791307575528,200,true,false,
vu-6482,37003856,1791307571985,1791307575530,200,true,false,
vu-6497,37005451,1791307571967,1791307575535,200,true,false,
vu-653,01069728,1791307571956,1791307575539,200,true,false,
vu-7349,43000064,1791307571956,1791307575540,200,true,false,
vu-9809,62001789,1791307571958,1791307575541,502,false,false,1502
vu-7508,44005659,1791307571959,1791307575541,200,true,false,
vu-7272,42007296,1791307571960,1791307575547,200,true,false,
vu-5164,28025319,1791307571984,1791307575553,200,true,false,
vu-6787,39001653,1791307571957,1791307575558,200,true,false,
vu-8878,53007027,1791307571955,1791307575562,200,true,false,
vu-3442,17014858,1791307572001,1791307575564,200,true,false,
vu-9922,63006573,1791307571965,1791307575567,200,true,false,
vu-1307,02030820,1791307571949,1791307575572,200,true,false,
vu-3590,18012658,1791307571974,1791307575577,200,true,false,
vu-6790,39001971,1791307571980,1791307575579,200,true,false,
vu-3244,16009220,1791307571958,1791307575582,200,true,false,
vu-6805,39003571,1791307571962,1791307575585,200,true,false,
vu-1790,02082645,1791307571950,1791307575588,200,true,false,
vu-1728,02076003,1791307571965,1791307575591,200,true,false,
vu-3439,17014538,1791307571963,1791307575591,200,true,false,
vu-766,01081794,1791307572001,1791307575596,200,true,false,
vu-7894,48001479,1791307571958,1791307575596,200,true,false,
vu-5546,29027346,1791307571957,1791307575597,502,false,false,1502
vu-5562,29029050,1791307571951,1791307575598,200,true,false,
vu-9894,63003593,1791307571951,1791307575598,200,true,false,
vu-4316,24000800,1791307571953,1791307575599,200,true,false,
vu-3288,16013900,1791307571962,1791307575601,200,true,false,
vu-3342,17004154,1791307571953,1791307575601,200,true,false,
vu-932,01099511,1791307571950,1791307575602,502,false,false,1502
vu-7220,42001749,1791307571966,1791307575604,200,true,false,
vu-4102,22004239,1791307571957,1791307575608,200,true,false,
vu-872,01093107,1791307571954,1791307575613,200,true,false,
vu-9963,64003235,1791307571958,1791307575613,200,true,false,
vu-7377,43003054,1791307571978,1791307575613,200,true,false,
vu-1188,02018175,1791307571955,1791307575613,200,true,false,
vu-9520,58007977,1791307571955,1791307575615,502,false,false,1502
vu-2629,11001453,1791307571953,1791307575615,200,true,false,
vu-5642,30000648,1791307571962,1791307575616,502,false,false,1502
vu-7945,48006928,1791307571957,1791307575619,200,true,false,
vu-288,01030753,1791307571970,1791307575620,200,true,false,
vu-6649,38002206,1791307571967,1791307575621,200,true,false,
vu-4496,25010366,1791307571952,1791307575622,200,true,false,
vu-7246,42004527,1791307571966,1791307575624,200,true,false,
vu-4513,25012176,1791307571955,1791307575625,200,true,false,
vu-4916,27010628,1791307571952,1791307575625,200,true,false,
vu-1741,02077386,1791307571954,1791307575626,502,false,false,1502
vu-1249,02024661,1791307571956,1791307575628,200,true,false,
vu-7937,48006074,1791307571949,1791307575630,200,true,false,
vu-8524,51002332,1791307571953,1791307575631,200,true,false,
vu-6395,35014007,1791307571958,1791307575632,200,true,false,
vu-3496,18002633,1791307571952,1791307575636,200,true,false,
vu-6935,40006758,1791307571958,1791307575638,200,true,false,
vu-8955,53015228,1791307571960,1791307575638,200,true,false,
vu-6155,34005808,1791307571951,1791307575639,502,false,false,1502
vu-3172,16001546,1791307571963,1791307575640,200,true,false,
vu-7699,46004411,1791307571965,1791307575641,200,true,false,
vu-565,01060354,1791307571958,1791307575642,200,true,false,
vu-5919,32001870,1791307571986,1791307575644,200,true,false,
vu-4163,22010738,1791307571982,1791307575645,200,true,false,
vu-8620,51012545,1791307571961,1791307575646,200,true,false,
vu-9801,62000931,1791307571958,1791307575646,502,false,false,1502
vu-9443,57010719,1791307571953,1791307575647,200,true,false,
vu-6070,33009590,1791307571961,1791307575648,200,true,false,
vu-2164,04009001,1791307571957,1791307575651,200,true,false,
vu-82,01008689,1791307571956,1791307575658,200,true,false,
vu-4457,25006215,1791307571954,1791307575659,200,true,false,
vu-363,01038768,1791307571953,1791307575661,200,true,false,
vu-5912,32001124,1791307571957,1791307575663,200,true,false,
vu-8847,53003728,1791307571971,1791307575667,200,true,false,
vu-7203,41014404,1791307571953,1791307575669,200,true,false,
vu-4452,25005684,1791307571963,1791307575671,200,true,false,
vu-9129,55002355,1791307571955,1791307575675,200,true,false,
vu-8537,51003718,1791307571957,1791307575676,200,true,false,
vu-4288,23007678,1791307571962,1791307575677,200,true,false,
vu-8672,51018081,1791307571960,1791307575683,200,true,false,
vu-9142,55003740,1791307571976,1791307575685,200,true,false,
vu-1037,02002118,1791307571958,1791307575687,200,true,false,
vu-532,01056799,1791307571957,1791307575689,200,true,false,
vu-452,01048262,1791307571954,1791307575691,200,true,false,
vu-5110,28019564,1791307571953,1791307575692,502,false,false,1502
vu-8096,48023085,1791307571958,1791307575695,200,true,false,
vu-768,01082007,1791307571955,1791307575696,200,true,false,
vu-9673,60003891,1791307571952,1791307575699,200,true,false,
vu-7425,43008160,1791307571962,1791307575702,200,true,false,
vu-7941,48006502,1791307571948,1791307575704,200,true,false,
vu-7139,41007578,1791307571962,1791307575710,200,true,false,
vu-7888,48000836,1791307571957,1791307575712,200,true,false,
vu-8973,54000825,1791307571972,1791307575712,200,true,false,
vu-7191,41013121,1791307571957,1791307575713,502,false,false,1502
vu-612,01065364,1791307571971,1791307575715,200,true,false,
vu-8764,52007572,1791307571957,1791307575716,200,true,false,
vu-295,01031500,1791307571949,1791307575717,502,false,false,1502
vu-386,01041226,1791307571969,1791307575718,200,true,false,
vu-498,01053171,1791307571948,1791307575719,200,true,false,
vu-7537,44008740,1791307571955,1791307575720,200,true,false,
vu-2860,13006095,1791307571951,1791307575720,200,true,false,
vu-5150,28023821,1791307571980,1791307575724,200,true,false,
vu-2795,12015960,1791307571950,1791307575724,200,true,false,
vu-4822,27000605,1791307571953,1791307575724,200,true,false,
vu-2103,04002451,1791307571959,1791307575725,502,false,false,1502
vu-8507,51000514,1791307571954,1791307575727,200,true,false,
vu-608,01064938,1791307571960,1791307575729,200,true,false,
vu-3102,15010549,1791307571988,1791307575731,200,true,false,
vu-3888,21004890,1791307571954,1791307575731,200,true,false,
vu-9746,61005269,1791307572001,1791307575733,200,true,false,
vu-7934,48005752,1791307571954,1791307575735,200,true,false,
vu-1871,03003344,1791307571949,1791307575736,200,true,false,
vu-6046,33007031,1791307571960,1791307575742,200,true,false,
vu-3637,18017658,1791307571974,1791307575746,200,true,false,
vu-3708,19003401,1791307571959,1791307575747,200,true,false,
vu-4116,22005729,1791307571964,1791307575748,502,false,false,1502
vu-5077,28016041,1791307571960,1791307575751,200,true,false,
vu-3304,17000092,1791307571968,1791307575752,502,false,false,1502
vu-2393,08003198,1791307571956,1791307575752,200,true,false,
vu-5147,28023502,1791307571952,1791307575756,200,true,false,
vu-4500,25010792,1791307571961,1791307575758,502,false,false,1502
vu-6370,35011346,1791307571956,1791307575761,502,false,false,1502
vu-6454,37000859,1791307571956,1791307575762,502,false,false,1502
vu-6146,34004849,1791307571959,1791307575763,502,false,false,1502
vu-9491,58004895,1791307571949,1791307575766,502,false,false,1502
vu-9271,56004591,1791307571951,1791307575766,502,false,false,1502
vu-1030,02001373,1791307571967,1791307575771,502,false,false,1502
vu-7883,48000304,1791307571951,1791307575771,502,false,false,1502
vu-804,01085843,1791307571967,1791307575772,502,false,false,1502
vu-1982,03015201,1791307571957,1791307575774,502,false,false,1502
vu-5258,28035354,1791307571951,1791307575774,502,false,false,1502
vu-3508,18003921,1791307571950,1791307575774,502,false,false,1502
vu-1975,03014456,1791307571963,1791307575775,502,false,false,1502
vu-8793,52010655,1791307571962,1791307575777,502,false,false,1502
vu-8664,51017231,1791307571956,1791307575778,502,false,false,1502
vu-4800,26020991,1791307571952,1791307575784,502,false,false,1502
vu-339,01036207,1791307571951,1791307575787,200,true,false,
vu-9552,59001675,1791307571964,1791307575787,502,false,false,1502
vu-2949,14006877,1791307571980,1791307575789,200,true,false,
vu-116,01012325,1791307571952,1791307575790,502,false,false,1502
vu-1118,02010738,1791307571958,1791307575791,502,false,false,1502
vu-2055,03022998,1791307571952,1791307575792,502,false,false,1502
vu-3210,16005593,1791307571990,1791307575794,200,true,false,
vu-5084,28016786,1791307571949,1791307575794,502,false,false,1502
vu-9604,59007215,1791307571957,1791307575796,502,false,false,1502
vu-3049,15004893,1791307571962,1791307575797,502,false,false,1502
vu-1318,02031988,1791307571960,1791307575798,502,false,false,1502
vu-2991,14011376,1791307571957,1791307575799,200,true,false,
vu-7390,43004435,1791307571948,1791307575799,200,true,false,
vu-8746,52005658,1791307571958,1791307575800,502,false,false,1502
vu-3506,18003706,1791307571957,1791307575800,502,false,false,1502
vu-9222,55012264,1791307571959,1791307575801,200,true,false,
vu-8570,51007225,1791307571955,1791307575802,502,false,false,1502
vu-1304,02030502,1791307571964,1791307575804,502,false,false,1502
vu-1819,02085736,1791307571963,1791307575805,502,false,false,1502
vu-8687,51019676,1791307571968,1791307575806,502,false,false,1502
vu-6279,35001660,1791307571957,1791307575806,502,false,false,1502
vu-8539,51003930,1791307571955,1791307575807,200,true,false,
vu-4200,22014679,1791307571965,1791307575808,200,true,false,
vu-9589,59005615,1791307571968,1791307575808,502,false,false,1502
vu-2728,12008817,1791307571960,1791307575809,502,false,false,1502
vu-5811,31001596,1791307571953,1791307575810,200,true,false,
vu-1677,02070573,1791307571954,1791307575810,502,false,false,1502
vu-910,01097160,1791307571966,1791307575810,502,false,false,1502
vu-5166,28025532,1791307571961,1791307575810,200,true,false,
vu-3194,16003886,1791307571956,1791307575811,502,false,false,1502
vu-2512,09007494,1791307571977,1791307575812,200,true,false,
vu-3778,19010859,1791307571956,1791307575813,502,false,false,1502
vu-5741,30011199,1791307571954,1791307575816,502,false,false,1502
vu-1433,02044239,1791307571963,1791307575822,502,false,false,1502
vu-6836,39006882,1791307571953,1791307575824,502,false,false,1502
vu-9971,64004086,1791307571955,1791307575825,200,true,false,
vu-5929,32002938,1791307572001,1791307575826,502,false,false,1502
vu-6261,34017165,1791307571956,1791307575826,502,false,false,1502
vu-6526,37008535,1791307571970,1791307575826,200,true,false,
vu-483,01051570,1791307571967,1791307575826,502,false,false,1502
vu-4105,22004560,1791307571963,1791307575826,200,true,false,
vu-3114,15011834,1791307571969,1791307575829,200,true,false,
vu-9525,58008509,1791307571967,1791307575829,502,false,false,1502
vu-1269,02026785,1791307571955,1791307575831,502,false,false,1502
vu-8398,50005406,1791307571956,1791307575831,200,true,false,
vu-8785,52009805,1791307571950,1791307575832,502,false,false,1502
vu-156,01016612,1791307571961,1791307575832,200,true,false,
vu-440,01046980,1791307571956,1791307575833,502,false,false,1502
vu-7741,46008882,1791307571956,1791307575838,502,false,false,1502
vu-3384,17008668,1791307571959,1791307575839,502,false,false,1502
vu-3613,18015106,1791307571956,1791307575844,502,false,false,1502
vu-11,01001074,1791307571951,1791307575845,200,true,false,
vu-6943,40007609,1791307572001,1791307575849,502,false,false,1502
vu-1724,02075577,1791307571952,1791307575849,502,false,false,1502
vu-4706,26010955,1791307571960,1791307575849,200,true,false,
vu-3924,21008724,1791307571965,1791307575850,502,false,false,1502
vu-65,01006874,1791307571956,1791307575850,200,true,false,
vu-2894,14000998,1791307571964,1791307575852,502,false,false,1502
vu-9426,57008911,1791307571968,1791307575852,502,false,false,1502
vu-6970,40010487,1791307571972,1791307575853,502,false,false,1502
vu-9327,56010547,1791307571970,1791307575856,200,true,false,
vu-5995,33001580,1791307571957,1791307575864,200,true,false,
vu-5871,31007987,1791307571948,1791307575867,502,false,false,1502
vu-2341,07001863,1791307571951,1791307575869,200,true,false,
vu-7596,44015011,1791307571955,1791307575869,502,false,false,1502
vu-1415,02042313,1791307572001,1791307575870,200,true,false,
vu-3617,18015531,1791307571951,1791307575871,502,false,false,1502
vu-9481,58003829,1791307571962,1791307575873,502,false,false,1502
vu-8630,51013608,1791307571961,1791307575879,200,true,false,
vu-6119,34001965,1791307571960,1791307575879,502,false,false,1502
vu-3362,17006305,1791307571970,1791307575881,502,false,false,1502
vu-95,01010088,1791307571952,1791307575884,200,true,false,
vu-3004,15000087,1791307571961,1791307575885,502,false,false,1502
vu-9141,55003632,1791307571974,1791307575886,502,false,false,1502
vu-1935,03010185,1791307571972,1791307575887,502,false,false,1502
vu-4042,21021297,1791307571956,1791307575893,200,true,false,
vu-5466,29018821,1791307571956,1791307575894,502,false,false,1502
vu-3874,21003402,1791307571968,1791307575896,502,false,false,1502
vu-7156,41009387,1791307571962,1791307575898,502,false,false,1502
vu-4834,27001886,1791307571965,1791307575900,200,true,false,
vu-8294,49010157,1791307571957,1791307575900,502,false,false,1502
vu-1506,02052115,1791307571968,1791307575901,502,false,false,1502
vu-6715,38009234,1791307571951,1791307575904,502,false,false,1502
vu-7612,45001453,1791307571970,1791307575906,502,false,false,1502
vu-6407,36000889,1791307571954,1791307575907,502,false,false,1502
vu-3329,17002762,1791307571949,1791307575917,200,true,false,
vu-4025,21019486,1791307571955,1791307575918,502,false,false,1502
vu-1846,03000685,1791307571964,1791307575919,502,false,false,1502
vu-3418,17012296,1791307571962,1791307575920,502,false,false,1502
vu-6268,35000484,1791307571970,1791307575920,200,true,false,
vu-1585,02060700,1791307571963,1791307575924,500,false,false,1500
vu-6823,39005493,1791307571954,1791307575924,502,false,false,1502
vu-9065,54010613,1791307571970,1791307575925,502,false,false,1502
vu-6103,34000260,1791307571954,1791307575925,502,false,false,1502
vu-1160,02015200,1791307571964,1791307575925,502,false,false,1502
vu-1200,02019451,1791307571950,1791307575926,502,false,false,1502
vu-8709,52001709,1791307571958,1791307575926,502,false,false,1502
vu-1995,03016592,1791307571954,1791307575926,502,false,false,1502
vu-5636,30000009,1791307571958,1791307575926,502,false,false,1502
vu-1892,03005581,1791307571956,1791307575926,502,false,false,1502
vu-9054,54009443,1791307571952,1791307575926,502,false,false,1502
vu-3606,18014358,1791307571955,1791307575926,502,false,false,1502
vu-7587,44014054,1791307571961,1791307575927,502,false,false,1502
vu-9131,55002568,1791307571957,1791307575927,502,false,false,1502
vu-582,01062166,1791307571955,1791307575927,502,false,false,1502
vu-323,01034486,1791307571960,1791307575927,502,false,false,1502
vu-9284,56005971,1791307571959,1791307575927,502,false,false,1502
vu-9553,59001782,1791307571969,1791307575928,502,false,false,1502
vu-3382,17008455,1791307571955,1791307575928,502,false,false,1502
vu-2291,06002066,1791307571955,1791307575928,502,false,false,1502
vu-7028,40016664,1791307571960,1791307575928,502,false,false,1502
vu-5072,28015509,1791307571961,1791307575928,502,false,false,1502
vu-7544,44009483,1791307571961,1791307575928,502,false,false,1502
vu-346,01036953,1791307571955,1791307575928,502,false,false,1502
vu-4051,21022260,1791307571952,1791307575928,502,false,false,1502
vu-1065,02005101,1791307571955,1791307575928,502,false,false,1502
vu-9734,61003993,1791307571957,1791307575928,502,false,false,1502
vu-4156,22009993,1791307571953,1791307575928,502,false,false,1502
vu-8018,48014742,1791307571957,1791307575928,502,false,false,1502
vu-4301,23009061,1791307571964,1791307575929,502,false,false,1502
vu-6120,34002075,1791307571959,1791307575929,502,false,false,1502
vu-6152,34005488,1791307571966,1791307575929,502,false,false,1502
vu-1821,02085958,1791307571966,1791307575929,502,false,false,1502
vu-1951,03011889,1791307571950,1791307575929,502,false,false,1502
vu-2599,10007761,1791307571955,1791307575929,502,false,false,1502
vu-5265,28036099,1791307571958,1791307575929,502,false,false,1502
vu-5145,28023289,1791307571948,1791307575929,502,false,false,1502
vu-6727,38010508,1791307571964,1791307575929,502,false,false,1502
vu-2114,04003632,1791307571960,1791307575929,502,false,false,1502
vu-4021,21019062,1791307571951,1791307575929,502,false,false,1502
vu-8244,49004837,1791307571958,1791307575929,502,false,false,1502
vu-4078,22001681,1791307571957,1791307575930,502,false,false,1502
vu-1945,03011251,1791307571949,1791307575930,502,false,false,1502
vu-6753,38013273,1791307571961,1791307575930,502,false,false,1502
vu-9006,54004334,1791307571948,1791307575930,502,false,false,1502
vu-6583,37014606,1791307571957,1791307575930,502,false,false,1502
vu-477,01050929,1791307571948,1791307575930,502,false,false,1502
vu-1390,02039638,1791307571961,1791307575930,502,false,false,1502
vu-1956,03012430,1791307571960,1791307575930,502,false,false,1502
vu-147,01015649,1791307571950,1791307575930,502,false,false,1502
vu-1087,02007440,1791307571953,1791307575931,502,false,false,1502
vu-1461,02047257,1791307572001,1791307575931,502,false,false,1502
vu-5033,28011348,1791307571953,1791307575931,502,false,false,1502
vu-5186,28027667,1791307571950,1791307575931,502,false,false,1502
vu-1884,03004731,1791307571951,1791307575931,502,false,false,1502
vu-7318,42012193,1791307571957,1791307575931,502,false,false,1502
vu-367,01039193,1791307571952,1791307575931,502,false,false,1502
vu-6373,35011664,1791307571961,1791307575931,502,false,false,1502
vu-4919,27010948,1791307571955,1791307575931,502,false,false,1502
vu-7634,45003800,1791307571951,1791307575931,502,false,false,1502
vu-5359,29007408,1791307571957,1791307575931,502,false,false,1502
vu-4373,24006872,1791307571958,1791307575931,502,false,false,1502
vu-4182,22012762,1791307571957,1791307575931,502,false,false,1502
vu-9792,61010153,1791307571958,1791307575931,502,false,false,1502
vu-9421,57008380,1791307571955,1791307575932,502,false,false,1502
vu-9463,58001912,1791307571953,1791307575932,502,false,false,1502
vu-4376,24007192,1791307571950,1791307575932,502,false,false,1502
vu-8671,51017975,1791307571958,1791307575932,502,false,false,1502
vu-9279,56005441,1791307571959,1791307575932,502,false,false,1502
vu-9437,57010082,1791307571956,1791307575932,502,false,false,1502
vu-7403,43005820,1791307571959,1791307575932,502,false,false,1502
vu-786,01083923,1791307571954,1791307575932,502,false,false,1502
vu-5483,29020634,1791307571960,1791307575932,502,false,false,1502
vu-9490,58004788,1791307571949,1791307575932,502,false,false,1502
vu-6778,39000691,1791307571949,1791307575932,502,false,false,1502
vu-9851,62006288,1791307571961,1791307575932,502,false,false,1502
vu-760,01081157,1791307572001,1791307575932,502,false,false,1502
vu-4814,26022481,1791307571958,1791307575932,502,false,false,1502
vu-9537,59000077,1791307571950,1791307575932,502,false,false,1502
vu-765,01081688,1791307571955,1791307575932,502,false,false,1502
vu-4719,26012340,1791307572001,1791307575932,502,false,false,1502
vu-9171,55006832,1791307571951,1791307575932,502,false,false,1502
vu-2563,10003920,1791307571961,1791307575932,502,false,false,1502
vu-5984,33000404,1791307572001,1791307575932,502,false,false,1502
vu-573,01061204,1791307571951,1791307575933,502,false,false,1502
vu-5219,28031195,1791307571962,1791307575933,502,false,false,1502
vu-5067,28014976,1791307571948,1791307575933,502,false,false,1502
vu-4172,22011698,1791307572001,1791307575933,502,false,false,1502
vu-6524,37008322,1791307571961,1791307575933,502,false,false,1502
vu-6068,33009377,1791307571956,1791307575933,502,false,false,1502
vu-5396,29011361,1791307571957,1791307575933,502,false,false,1502
vu-6691,38006680,1791307571955,1791307575933,502,false,false,1502
vu-4371,24006660,1791307571957,1791307575933,502,false,false,1502
vu-446,01047622,1791307571951,1791307575933,502,false,false,1502
vu-1546,02056440,1791307571955,1791307575933,502,false,false,1502
vu-4411,25001317,1791307571961,1791307575933,502,false,false,1502
vu-6389,35013369,1791307571960,1791307575934,502,false,false,1502
vu-9678,60004425,1791307571955,1791307575934,502,false,false,1502
vu-3955,21012021,1791307571958,1791307575934,502,false,false,1502
vu-7237,42003568,1791307571956,1791307575934,502,false,false,1502
vu-7188,41012803,1791307571954,1791307575934,502,false,false,1502
vu-2176,04010306,1791307571961,1791307575934,502,false,false,1502
vu-1838,02087762,1791307571950,1791307575934,502,false,false,1502
vu-7785,47003052,1791307571959,1791307575934,502,false,false,1502
vu-4456,25006109,1791307571949,1791307575935,502,false,false,1502
vu-8122,48025866,1791307571958,1791307575935,502,false,false,1502
vu-318,01033954,1791307571964,1791307575935,502,false,false,1502
vu-770,01082219,1791307571958,1791307575935,502,false,false,1502
vu-966,01103128,1791307571958,1791307575935,502,false,false,1502
vu-6842,39007521,1791307571956,1791307575935,200,true,false,
vu-807,01086166,1791307571960,1791307575935,502,false,false,1502
vu-2309,06003999,1791307571960,1791307575935,502,false,false,1502
vu-835,01089152,1791307571948,1791307575935,502,false,false,1502
vu-2827,13002576,1791307571953,1791307575936,502,false,false,1502
vu-7350,43000172,1791307571953,1791307575936,502,false,false,1502
vu-3520,18005199,1791307571954,1791307575936,502,false,false,1502
vu-4817,27000073,1791307571958,1791307575936,502,false,false,1502
vu-6183,34008802,1791307571957,1791307575936,502,false,false,1502
vu-6618,37018329,1791307571958,1791307575940,502,false,false,1502
vu-1866,03002812,1791307571953,1791307575940,502,false,false,1502
vu-1330,02033263,1791307571954,1791307575940,502,false,false,1502
vu-1517,02053298,1791307572001,1791307575940,502,false,false,1502
vu-9320,56009801,1791307571951,1791307575940,502,false,false,1502
vu-7775,47001980,1791307571955,1791307575941,502,false,false,1502
vu-4094,22003384,1791307571957,1791307575941,502,false,false,1502
vu-3117,15012154,1791307571962,1791307575941,502,false,false,1502
vu-8791,52010442,1791307571960,1791307575941,502,false,false,1502
vu-2439,08008101,1791307571959,1791307575940,502,false,false,1502
vu-2052,03022678,1791307571959,1791307575941,502,false,false,1502
vu-9106,54014971,1791307571949,1791307575941,502,false,false,1502
vu-3331,17002975,1791307571963,1791307575941,502,false,false,1502
vu-1678,02070680,1791307571962,1791307575942,502,false,false,1502
vu-4567,25017923,1791307571952,1791307575943,502,false,false,1502
vu-1978,03014775,1791307571951,1791307575943,502,false,false,1502
vu-3921,21008406,1791307571959,1791307575943,502,false,false,1502
vu-1539,02055686,1791307572001,1791307575943,502,false,false,1502
vu-247,01026361,1791307571958,1791307575943,502,false,false,1502
vu-3348,17004800,1791307571959,1791307575944,502,false,false,1502
vu-7525,44007465,1791307571946,1791307575944,502,false,false,1502
vu-1874,03003663,1791307571951,1791307575945,502,false,false,1502
vu-2063,03023849,1791307571952,1791307575945,502,false,false,1502
vu-1143,02013393,1791307571953,1791307575945,502,false,false,1502
vu-4394,24009112,1791307571952,1791307575951,500,false,false,1500
vu-6478,37003429,1791307572001,1791307575951,502,false,false,1502
vu-4711,26011486,1791307571951,1791307575952,502,false,false,1502
vu-3993,21016079,1791307571953,1791307575952,502,false,false,1502
vu-3183,16002717,1791307571963,1791307575952,502,false,false,1502
vu-7828,47007629,1791307571958,1791307575952,502,false,false,1502
vu-5638,30000222,1791307571959,1791307575952,502,false,false,1502
vu-3262,16011134,1791307571964,1791307575952,502,false,false,1502
vu-8781,52009380,1791307571956,1791307575952,502,false,false,1502
vu-3403,17010697,1791307571948,1791307575952,502,false,false,1502
vu-7285,42008682,1791307571957,1791307575952,502,false,false,1502
vu-2278,06000677,1791307571962,1791307575952,502,false,false,1502
vu-7438,43009543,1791307571951,1791307575952,502,false,false,1502
vu-7708,46005369,1791307571953,1791307575952,502,false,false,1502
vu-5625,29035790,1791307571961,1791307575953,502,false,false,1502
vu-9413,57007531,1791307571963,1791307575953,502,false,false,1502
vu-4972,28004827,1791307571954,1791307575953,502,false,false,1502
vu-859,01091722,1791307571966,1791307575953,502,false,false,1502
vu-4829,27001350,1791307571950,1791307575953,502,false,false,1502
vu-6950,40008354,1791307571968,1791307575953,502,false,false,1502
vu-9348,57000616,1791307571952,1791307575953,502,false,false,1502
vu-1762,02079640,1791307571957,1791307575953,502,false,false,1502
vu-6604,37016840,1791307571960,1791307575953,502,false,false,1502
vu-8272,49007816,1791307571956,1791307575953,502,false,false,1502
vu-4647,26004645,1791307571959,1791307575953,502,false,false,1502
vu-3209,16005485,1791307571960,1791307575953,502,false,false,1502
vu-3807,19013950,1791307571957,1791307575953,502,false,false,1502
vu-7185,41012483,1791307571951,1791307575953,502,false,false,1502
vu-997,01106435,1791307571956,1791307575953,502,false,false,1502
vu-4139,22008183,1791307571956,1791307575953,502,false,false,1502
vu-7732,46007923,1791307571959,1791307575953,502,false,false,1502
vu-3830,19016399,1791307571953,1791307575953,502,false,false,1502
vu-447,01047728,1791307571961,1791307575953,502,false,false,1502
vu-6856,39009011,1791307572001,1791307575953,502,false,false,1502
vu-6422,36002490,1791307571951,1791307575953,502,false,false,1502
vu-4752,26015865,1791307571964,1791307575953,502,false,false,1502
vu-4504,25011217,1791307571959,1791307575953,502,false,false,1502
vu-1870,03003237,1791307571953,1791307575953,502,false,false,1502
vu-7778,47002305,1791307571957,1791307575953,502,false,false,1502
vu-8578,51008076,1791307571967,1791307575953,502,false,false,1502
vu-3856,21001486,1791307571960,1791307575953,502,false,false,1502
vu-2717,12007629,1791307571955,1791307575953,502,false,false,1502
vu-6204,34011063,1791307571955,1791307575953,502,false,false,1502
vu-6539,37009920,1791307571956,1791307575953,502,false,false,1502
vu-1291,02029122,1791307571949,1791307575953,502,false,false,1502
vu-3732,19005958,1791307571956,1791307575953,502,false,false,1502
vu-5473,29019572,1791307571958,1791307575953,502,false,false,1502
vu-8441,50009993,1791307571960,1791307575954,502,false,false,1502
vu-9999,64007074,1791307571968,1791307575954,502,false,false,1502
vu-4405,25000680,1791307571959,1791307575954,502,false,false,1502
vu-9275,56005016,1791307571956,1791307575954,502,false,false,1502
vu-5610,29034190,1791307571958,1791307575954,502,false,false,1502
vu-3977,21014371,1791307571954,1791307575954,502,false,false,1502
vu-510,01054449,1791307571962,1791307575954,502,false,false,1502
vu-8689,51019888,1791307571966,1791307575954,502,false,false,1502
vu-8068,48020101,1791307571962,1791307575954,502,false,false,1502
vu-9974,64004404,1791307571953,1791307575954,502,false,false,1502
vu-4686,26008805,1791307571966,1791307575954,502,false,false,1502
vu-153,01016290,1791307571961,1791307575954,502,false,false,1502
vu-2980,14010195,1791307571964,1791307575954,502,false,false,1502
vu-6816,39004748,1791307571964,1791307575954,502,false,false,1502
vu-6693,38006893,1791307571953,1791307575954,502,false,false,1502
vu-3911,21007338,1791307571957,1791307575954,502,false,false,1502
vu-3676,18021820,1791307571963,1791307575954,502,false,false,1502
vu-2760,12012227,1791307571971,1791307575954,502,false,false,1502
vu-7164,41010242,1791307571968,1791307575954,502,false,false,1502
vu-3598,18013507,1791307571960,1791307575954,502,false,false,1502
vu-1775,02081046,1791307571954,1791307575954,502,false,false,1502
vu-313,01033424,1791307571958,1791307575954,502,false,false,1502
vu-9937,64000470,1791307571952,1791307575954,502,false,false,1502
vu-464,01049543,1791307571954,1791307575954,502,false,false,1502
vu-2654,12000915,1791307571961,1791307575954,502,false,false,1502
vu-3509,18004028,1791307571964,1791307575954,502,false,false,1502
vu-218,01023253,1791307571954,1791307575955,502,false,false,1502
vu-5409,29012746,1791307571963,1791307575955,502,false,false,1502
vu-4620,26001761,1791307571966,1791307575955,502,false,false,1502
vu-5893,31010328,1791307571957,1791307575955,502,false,false,1502
vu-2662,12001767,1791307571960,1791307575955,502,false,false,1502
vu-583,01062273,1791307571969,1791307575955,502,false,false,1502
vu-7479,44002563,1791307571953,1791307575955,502,false,false,1502
vu-8622,51012757,1791307571954,1791307575955,502,false,false,1502
vu-6732,38011039,1791307571954,1791307575955,502,false,false,1502
vu-2294,06002390,1791307571958,1791307575955,502,false,false,1502
vu-823,01087873,1791307571964,1791307575955,502,false,false,1502
vu-1032,02001585,1791307571961,1791307575955,502,false,false,1502
vu-9227,55012797,1791307571950,1791307575955,502,false,false,1502
vu-8566,51006798,1791307571962,1791307575955,502,false,false,1502
vu-7884,48000410,1791307571962,1791307575956,502,false,false,1502
vu-992,01105903,1791307571954,1791307575956,200,true,false,
vu-607,01064832,1791307571953,1791307575957,200,true,false,
vu-7316,42011981,1791307571962,1791307575957,502,false,false,1502
vu-7321,42012511,1791307571974,1791307575960,502,false,false,1502
vu-799,01085310,1791307571971,1791307575960,502,false,false,1502
vu-1410,02041767,1791307571970,1791307575960,502,false,false,1502
vu-9265,56003952,1791307571971,1791307575963,502,false,false,1502
vu-5645,30000966,1791307572001,1791307575964,200,true,false,
vu-7057,40019753,1791307571960,1791307575965,502,false,false,1502
vu-8347,49015793,1791307571961,1791307575965,502,false,false,1502
vu-6511,37006938,1791307571967,1791307575965,500,false,false,1500
vu-7981,48010785,1791307571964,1791307575966,200,true,false,
vu-4594,25020795,1791307571957,1791307575966,502,false,false,1502
vu-4634,26003261,1791307571962,1791307575970,500,false,false,1500
vu-9806,62001464,1791307571963,1791307575971,200,true,false,
vu-5487,29021060,1791307571970,1791307575971,502,false,false,1502
vu-2094,04001491,1791307571970,1791307575972,502,false,false,1502
vu-878,01093745,1791307571979,1791307575972,502,false,false,1502
vu-9706,61000996,1791307571974,1791307575972,502,false,false,1502
vu-1670,02069815,1791307571967,1791307575972,502,false,false,1502
vu-6339,35008048,1791307571974,1791307575972,502,false,false,1502
vu-9685,60005172,1791307571968,1791307575972,502,false,false,1502
vu-4198,22014466,1791307571971,1791307575972,502,false,false,1502
vu-4001,21016933,1791307571974,1791307575972,502,false,false,1502
vu-6584,37014713,1791307571982,1791307575973,502,false,false,1502
vu-552,01058962,1791307571966,1791307575973,502,false,false,1502
vu-1376,02038149,1791307571979,1791307575973,502,false,false,1502
vu-5948,32004962,1791307571967,1791307575973,502,false,false,1502
vu-9036,54007528,1791307571980,1791307575973,502,false,false,1502
vu-7333,42013789,1791307571971,1791307575973,502,false,false,1502
vu-8977,54001251,1791307571976,1791307575973,502,false,false,1502
vu-6684,38005934,1791307571969,1791307575973,502,false,false,1502
vu-3423,17012830,1791307571975,1791307575973,502,false,false,1502
vu-703,01075053,1791307571965,1791307575973,502,false,false,1502
vu-9820,62002968,1791307571972,1791307575973,502,false,false,1502
vu-8587,51009038,1791307571983,1791307575973,502,false,false,1502
vu-2737,12009780,1791307571975,1791307575973,502,false,false,1502
vu-1598,02062081,1791307571980,1791307575973,502,false,false,1502
vu-2454,09001317,1791307571965,1791307575973,502,false,false,1502
vu-7423,43007948,1791307571976,1791307575973,502,false,false,1502
vu-9771,61007924,1791307571967,1791307575974,502,false,false,1502
vu-8880,53007240,1791307571972,1791307575974,502,false,false,1502
vu-9289,56006502,1791307571973,1791307575975,200,true,false,
vu-3437,17014326,1791307571967,1791307575975,502,false,false,1502
vu-3767,19009686,1791307571971,1791307575975,502,false,false,1502
vu-5344,29005803,1791307571972,1791307575976,500,false,false,1500
vu-8843,53003302,1791307571978,1791307575977,502,false,false,1502
vu-6682,38005721,1791307571965,1791307575977,502,false,false,1502
vu-8857,53004793,1791307571962,1791307575977,502,false,false,1502
vu-2365,08000219,1791307571967,1791307575977,502,false,false,1502
vu-7750,46009840,1791307571981,1791307575977,502,false,false,1502
vu-8342,49015261,1791307571984,1791307575978,502,false,false,1502
vu-6876,40000475,1791307571963,1791307575978,502,false,false,1502
vu-8727,52003629,1791307571972,1791307575978,502,false,false,1502
vu-9458,58001376,1791307571961,1791307575978,502,false,false,1502
vu-1910,03007518,1791307571969,1791307575978,502,false,false,1502
vu-5036,28011671,1791307571965,1791307575978,502,false,false,1502
vu-1334,02033688,1791307571974,1791307575978,502,false,false,1502
vu-2358,07003676,1791307571985,1791307575978,502,false,false,1502
vu-3349,17004909,1791307571969,1791307575978,502,false,false,1502
vu-1869,03003131,1791307571973,1791307575978,502,false,false,1502
vu-9689,60005599,1791307571967,1791307575978,502,false,false,1502
vu-4197,22014360,1791307571974,1791307575978,502,false,false,1502
vu-788,01084136,1791307571972,1791307575978,502,false,false,1502
vu-1196,02019026,1791307571962,1791307575978,502,false,false,1502
vu-3103,15010656,1791307571967,1791307575978,502,false,false,1502
vu-1960,03012857,1791307571967,1791307575978,502,false,false,1502
vu-3325,17002333,1791307571963,1791307575978,502,false,false,1502
vu-5066,28014869,1791307571977,1791307575978,502,false,false,1502
vu-7507,44005552,1791307571974,1791307575978,502,false,false,1502
vu-8914,53010867,1791307571972,1791307575979,502,false,false,1502
vu-7478,44002457,1791307571961,1791307575978,502,false,false,1502
vu-1311,02031245,1791307571959,1791307575979,502,false,false,1502
vu-1448,02045875,1791307571965,1791307575979,502,false,false,1502
vu-2699,12005713,1791307571969,1791307575979,502,false,false,1502
vu-7926,48004896,1791307571979,1791307575979,502,false,false,1502
vu-7662,46000459,1791307571967,1791307575979,502,false,false,1502
vu-9815,62002434,1791307571975,1791307575979,502,false,false,1502
vu-1133,02012330,1791307571960,1791307575979,502,false,false,1502
vu-4564,25017604,1791307571982,1791307575979,502,false,false,1502
vu-2480,09004087,1791307571965,1791307575979,502,false,false,1502
vu-9189,55008750,1791307571978,1791307575979,502,false,false,1502
vu-8965,53016289,1791307571972,1791307575979,502,false,false,1502
vu-3685,19000947,1791307571967,1791307575979,502,false,false,1502
vu-3691,19001585,1791307571961,1791307575979,502,false,false,1502
vu-1111,02009993,1791307571966,1791307575979,502,false,false,1502
vu-1401,02040809,1791307571970,1791307575979,502,false,false,1502
vu-5170,28025959,1791307571985,1791307575979,502,false,false,1502
vu-1349,02035283,1791307571969,1791307575979,502,false,false,1502
vu-9385,57004553,1791307571978,1791307575979,502,false,false,1502
vu-3463,17017108,1791307571972,1791307575979,502,false,false,1502
vu-4332,24002510,1791307571972,1791307575979,502,false,false,1502
vu-4698,26010094,1791307571982,1791307575979,502,false,false,1502
vu-8422,50007973,1791307571984,1791307575979,502,false,false,1502
vu-9130,55002462,1791307571966,1791307575979,502,false,false,1502
vu-5427,29014669,1791307571986,1791307575979,502,false,false,1502
vu-5417,29013600,1791307571969,1791307575979,502,false,false,1502
vu-5851,31005857,1791307571963,1791307575979,502,false,false,1502
vu-2967,14008803,1791307571973,1791307575980,502,false,false,1502
vu-9629,59009879,1791307571978,1791307575980,502,false,false,1502
vu-8885,53007770,1791307571976,1791307575980,502,false,false,1502
vu-2824,13002258,1791307571977,1791307575980,502,false,false,1502
vu-9755,61006224,1791307571978,1791307575980,502,false,false,1502
vu-5495,29021912,1791307571972,1791307575980,502,false,false,1502
vu-9761,61006861,1791307571978,1791307575980,502,false,false,1502
vu-2811,13000871,1791307571980,1791307575980,502,false,false,1502
vu-9522,58008190,1791307571965,1791307575980,502,false,false,1502
vu-7792,47003796,1791307571964,1791307575980,502,false,false,1502
vu-9942,64001002,1791307571963,1791307575980,502,false,false,1502
vu-4030,21020017,1791307571971,1791307575980,502,false,false,1502
vu-1356,02036026,1791307571978,1791307575980,502,false,false,1502
vu-5287,28038455,1791307571974,1791307575980,502,false,false,1502
vu-6035,33005858,1791307571972,1791307575980,502,false,false,1502
vu-1422,02043064,1791307571973,1791307575980,502,false,false,1502
vu-8088,48022231,1791307571974,1791307575980,502,false,false,1502
vu-5015,28009432,1791307571963,1791307575980,502,false,false,1502
vu-7793,47003902,1791307571966,1791307575980,502,false,false,1502
vu-8552,51005311,1791307571965,1791307575980,502,false,false,1502
vu-5002,28008042,1791307571967,1791307575980,502,false,false,1502
vu-9057,54009763,1791307571976,1791307575981,502,false,false,1502
vu-8944,53014057,1791307571974,1791307575981,502,false,false,1502
vu-9298,56007461,1791307571978,1791307575981,502,false,false,1502
vu-8984,54001994,1791307571981,1791307575981,502,false,false,1502
vu-9250,56002359,1791307571972,1791307575981,502,false,false,1502
vu-5025,28010499,1791307571967,1791307575981,502,false,false,1502
vu-2077,03025342,1791307571977,1791307575981,500,false,false,1500
vu-9059,54009976,1791307571982,1791307575981,502,false,false,1502
vu-5113,28019883,1791307571972,1791307575981,502,false,false,1502
vu-6627,37019286,1791307571974,1791307575981,502,false,false,1502
vu-1828,02086701,1791307571967,1791307575981,502,false,false,1502
vu-6083,33010976,1791307571971,1791307575981,502,false,false,1502
vu-7954,48007886,1791307571968,1791307575981,502,false,false,1502
vu-7609,45001125,1791307571974,1791307575981,502,false,false,1502
vu-7170,41010884,1791307571970,1791307575981,502,false,false,1502
vu-8287,49009413,1791307571963,1791307575982,502,false,false,1502
vu-939,01100254,1791307571967,1791307575982,502,false,false,1502
vu-1814,02085199,1791307571971,1791307575982,502,false,false,1502
vu-4805,26021525,1791307571968,1791307575982,502,false,false,1502
vu-6466,37002148,1791307571972,1791307575982,502,false,false,1502
vu-1360,02036451,1791307571976,1791307575982,502,false,false,1502
vu-2006,03017768,1791307571974,1791307575983,502,false,false,1502
vu-4474,25008022,1791307571974,1791307575983,502,false,false,1502
vu-2088,04000852,1791307571964,1791307575985,500,false,false,1500
vu-8324,49013349,1791307571954,1791307575985,200,true,false,
vu-824,01087980,1791307571969,1791307575987,502,false,false,1502
vu-5238,28033225,1791307571961,1791307575987,502,false,false,1502
vu-3827,19016081,1791307571967,1791307575987,502,false,false,1502
vu-139,01014793,1791307571970,1791307575987,502,false,false,1502
vu-6641,38001354,1791307571970,1791307575987,502,false,false,1502
vu-3026,15002435,1791307571968,1791307575987,502,false,false,1502
vu-9083,54012526,1791307571965,1791307575987,502,false,false,1502
vu-3276,16012622,1791307571970,1791307575987,502,false,false,1502
vu-7177,41011630,1791307571983,1791307575988,502,false,false,1502
vu-9058,54009869,1791307571970,1791307575988,502,false,false,1502
vu-479,01051141,1791307571964,1791307575988,502,false,false,1502
vu-1119,02010844,1791307571967,1791307575988,502,false,false,1502
vu-5659,30002459,1791307571976,1791307575988,502,false,false,1502
vu-1829,02086807,1791307571970,1791307575988,502,false,false,1502
vu-7650,45005504,1791307571970,1791307575988,502,false,false,1502
vu-678,01072394,1791307571975,1791307575988,502,false,false,1502
vu-6637,38000929,1791307571972,1791307575988,502,false,false,1502
vu-6464,37001935,1791307571973,1791307575988,502,false,false,1502
vu-9024,54006251,1791307571979,1791307575988,502,false,false,1502
vu-4560,25017179,1791307571973,1791307575989,502,false,false,1502
vu-129,01013708,1791307571974,1791307575989,502,false,false,1502
vu-9090,54013269,1791307571972,1791307575989,502,false,false,1502
vu-6581,37014393,1791307571972,1791307575989,502,false,false,1502
vu-1950,03011783,1791307571981,1791307575989,502,false,false,1502
vu-5551,29027880,1791307571968,1791307575989,502,false,false,1502
vu-3877,21003722,1791307571969,1791307575989,502,false,false,1502
vu-3825,19015868,1791307571976,1791307575989,502,false,false,1502
vu-6014,33003607,1791307571969,1791307575989,502,false,false,1502
vu-7505,44005340,1791307571974,1791307575989,502,false,false,1502
vu-8486,50014774,1791307571983,1791307575989,502,false,false,1502
vu-8380,50003494,1791307571971,1791307575989,502,false,false,1502
vu-689,01073563,1791307571975,1791307575989,502,false,false,1502
vu-468,01049968,1791307571967,1791307575989,502,false,false,1502
vu-134,01014251,1791307571966,1791307575989,502,false,false,1502
vu-8692,51020207,1791307571978,1791307575990,502,false,false,1502
vu-6153,34005594,1791307571975,1791307575990,502,false,false,1502
vu-7610,45001234,1791307571970,1791307575990,502,false,false,1502
vu-1081,02006802,1791307571979,1791307575990,502,false,false,1502
vu-9253,56002677,1791307571976,1791307575990,502,false,false,1502
vu-5248,28034291,1791307571963,1791307575990,502,false,false,1502
vu-1443,02045325,1791307571970,1791307575990,502,false,false,1502
vu-4169,22011378,1791307571978,1791307575990,502,false,false,1502
vu-3659,18020012,1791307571969,1791307575990,502,false,false,1502
vu-7369,43002201,1791307571965,1791307575990,502,false,false,1502
vu-83,01008796,1791307571963,1791307575990,502,false,false,1502
vu-5442,29016265,1791307571971,1791307575990,502,false,false,1502
vu-5155,28024353,1791307571981,1791307575990,502,false,false,1502
vu-3024,15002220,1791307571971,1791307575990,502,false,false,1502
vu-2531,10000500,1791307571966,1791307575990,502,false,false,1502
vu-968,01103341,1791307571981,1791307575990,502,false,false,1502
vu-9082,54012420,1791307571974,1791307575990,502,false,false,1502
vu-514,01054875,1791307571971,1791307575990,502,false,false,1502
vu-9003,54004015,1791307571974,1791307575990,502,false,false,1502
vu-7851,47010077,1791307571969,1791307575990,502,false,false,1502
vu-8755,52006616,1791307571978,1791307575990,502,false,false,1502
vu-8601,51010527,1791307571975,1791307575990,502,false,false,1502
vu-2388,08002667,1791307571980,1791307575990,502,false,false,1502
vu-8892,53008517,1791307571973,1791307575990,502,false,false,1502
vu-2001,03017234,1791307571971,1791307575991,502,false,false,1502
vu-1385,02039107,1791307571980,1791307575991,502,false,false,1502
vu-2548,10002311,1791307571971,1791307575991,502,false,false,1502
vu-4204,22015106,1791307571978,1791307575991,502,false,false,1502
vu-7872,47012309,1791307571980,1791307575991,502,false,false,1502
vu-9267,56004166,1791307571975,1791307575991,502,false,false,1502
vu-8372,50002644,1791307571970,1791307575991,502,false,false,1502
vu-8115,48025119,1791307571982,1791307575991,502,false,false,1502
vu-7277,42007829,1791307571976,1791307575991,502,false,false,1502
vu-5124,28021055,1791307571976,1791307575991,502,false,false,1502
vu-8846,53003621,1791307571977,1791307575991,502,false,false,1502
vu-9530,58009040,1791307571972,1791307575991,502,false,false,1502
vu-4219,23000316,1791307571967,1791307575991,502,false,false,1502
vu-852,01090974,1791307571969,1791307575991,502,false,false,1502
vu-2734,12009460,1791307571971,1791307575991,502,false,false,1502
vu-5318,29003001,1791307571969,1791307575991,502,false,false,1502
vu-4385,24008153,1791307571965,1791307575991,502,false,false,1502
vu-4177,22012231,1791307571983,1791307575991,502,false,false,1502
vu-7700,46004517,1791307571975,1791307575991,502,false,false,1502
vu-789,01084243,1791307571961,1791307575991,502,false,false,1502
vu-504,01053811,1791307571966,1791307575991,502,false,false,1502
vu-5323,29003544,1791307571965,1791307575991,502,false,false,1502
vu-7563,44011501,1791307571981,1791307575991,502,false,false,1502
vu-8416,50007322,1791307571985,1791307575991,502,false,false,1502
vu-6760,38014017,1791307571982,1791307575991,502,false,false,1502
vu-9446,58000102,1791307571969,1791307575991,502,false,false,1502
vu-9305,56008205,1791307571963,1791307575991,502,false,false,1502
vu-488,01052102,1791307571976,1791307575991,502,false,false,1502
vu-8703,52001069,1791307571975,1791307575991,502,false,false,1502
vu-6721,38009871,1791307571966,1791307575991,502,false,false,1502
vu-8102,48023729,1791307571975,1791307575991,502,false,false,1502
vu-9585,59005191,1791307571980,1791307575991,502,false,false,1502
vu-877,01093639,1791307571967,1791307575991,502,false,false,1502
vu-5179,28026919,1791307571982,1791307575991,502,false,false,1502
vu-5844,31005112,1791307571984,1791307575991,502,false,false,1502
vu-2011,03018304,1791307571974,1791307575991,502,false,false,1502
vu-5909,32000802,1791307571964,1791307575991,502,false,false,1502
vu-2326,07000266,1791307571984,1791307575991,502,false,false,1502
vu-6296,35003469,1791307571966,1791307575991,502,false,false,1502
vu-2027,03020009,1791307571969,1791307575991,502,false,false,1502
vu-6266,35000272,1791307571969,1791307575991,502,false,false,1502
vu-3854,21001273,1791307571982,1791307575991,502,false,false,1502
vu-8871,53006284,1791307571969,1791307575991,502,false,false,1502
vu-3478,18000721,1791307571968,1791307575991,502,false,false,1502
vu-8514,51001263,1791307571977,1791307575991,502,false,false,1502
vu-5096,28018066,1791307571982,1791307575992,502,false,false,1502
vu-6241,34015031,1791307571965,1791307575992,502,false,false,1502
vu-7760,47000378,1791307571964,1791307575992,502,false,false,1502
vu-8462,50012225,1791307571980,1791307575992,502,false,false,1502
vu-6231,34013962,1791307571970,1791307575992,502,false,false,1502
vu-8311,49011969,1791307571970,1791307575992,502,false,false,1502
vu-3535,18006794,1791307571962,1791307575992,502,false,false,1502
vu-2646,12000065,1791307571974,1791307575992,502,false,false,1502
vu-697,01074414,1791307571980,1791307575992,502,false,false,1502
vu-186,01019840,1791307571971,1791307575992,502,false,false,1502
vu-7395,43004968,1791307571982,1791307575992,502,false,false,1502
vu-6022,33004469,1791307571978,1791307575992,502,false,false,1502
vu-115,01012219,1791307571970,1791307575992,502,false,false,1502
vu-9341,56012046,1791307571972,1791307575992,502,false,false,1502
vu-3643,18018296,1791307571979,1791307575992,502,false,false,1502
vu-8326,49013562,1791307571964,1791307575992,502,false,false,1502
vu-7878,47012947,1791307571977,1791307575992,502,false,false,1502
vu-5534,29026067,1791307571985,1791307575992,502,false,false,1502
vu-9462,58001804,1791307571980,1791307575992,502,false,false,1502
vu-1801,02083817,1791307571971,1791307575992,502,false,false,1502
vu-1878,03004092,1791307571968,1791307575992,502,false,false,1502
vu-308,01032891,1791307571974,1791307575992,502,false,false,1502
vu-2019,03019158,1791307571975,1791307575992,502,false,false,1502
vu-5049,28013058,1791307571980,1791307575992,502,false,false,1502
vu-9188,55008643,1791307571973,1791307575992,502,false,false,1502
vu-6089,33011614,1791307571969,1791307575992,502,false,false,1502
vu-3479,18000827,1791307571972,1791307575992,502,false,false,1502
vu-784,01083710,1791307571968,1791307575992,502,false,false,1502
vu-9964,64003342,1791307571976,1791307575992,502,false,false,1502
vu-7516,44006510,1791307571983,1791307575992,502,false,false,1502
vu-5209,28030126,1791307571980,1791307575992,502,false,false,1502
vu-8792,52010548,1791307571965,1791307575992,502,false,false,1502
vu-9693,60006024,1791307571970,1791307575992,502,false,false,1502
vu-1462,02047363,1791307571961,1791307575992,502,false,false,1502
vu-9976,64004616,1791307571982,1791307575992,502,false,false,1502
vu-2698,12005606,1791307571970,1791307575992,502,false,false,1502
vu-5222,28031513,1791307571977,1791307575992,502,false,false,1502
vu-7716,46006223,1791307571966,1791307575992,502,false,false,1502
vu-8713,52002137,1791307571972,1791307575992,502,false,false,1502
vu-7161,41009923,1791307571975,1791307575992,502,false,false,1502
vu-2368,08000539,1791307571979,1791307575992,502,false,false,1502
vu-2038,03021183,1791307571980,1791307575992,502,false,false,1502
vu-7501,44004915,1791307571970,1791307575992,502,false,false,1502
vu-9089,54013163,1791307571974,1791307575992,502,false,false,1502
vu-9748,61005481,1791307571971,1791307575992,502,false,false,1502
vu-5914,32001338,1791307571973,1791307575992,502,false,false,1502
vu-7919,48004150,1791307571968,1791307575992,502,false,false,1502
vu-6589,37015247,1791307571968,1791307575992,502,false,false,1502
vu-2180,04010736,1791307571969,1791307575992,502,false,false,1502
vu-2544,10001881,1791307571973,1791307575993,502,false,false,1502
vu-1955,03012321,1791307571976,1791307575993,502,false,false,1502
vu-25,01002566,1791307571977,1791307575993,502,false,false,1502
vu-9373,57003278,1791307571978,1791307575993,502,false,false,1502
vu-6350,35009217,1791307571985,1791307575993,502,false,false,1502
vu-1145,02013605,1791307571963,1791307575993,502,false,false,1502
vu-5128,28021480,1791307571981,1791307575993,502,false,false,1502
vu-9026,54006463,1791307571973,1791307575993,502,false,false,1502
vu-5856,31006390,1791307571978,1791307575993,502,false,false,1502
vu-2963,14008375,1791307571978,1791307575993,502,false,false,1502
vu-6616,37018116,1791307571976,1791307575993,502,false,false,1502
vu-9907,63004974,1791307571975,1791307575993,502,false,false,1502
vu-2205,04013406,1791307571968,1791307575993,502,false,false,1502
vu-2445,09000355,1791307571976,1791307575993,502,false,false,1502
vu-9228,56000017,1791307571975,1791307575993,502,false,false,1502
vu-4617,26001438,1791307571973,1791307575993,502,false,false,1502
vu-7686,46003028,1791307571971,1791307575993,502,false,false,1502
vu-4484,25009089,1791307571979,1791307575993,502,false,false,1502
vu-1386,02039213,1791307571976,1791307575993,502,false,false,1502
vu-6551,37011198,1791307571983,1791307575993,502,false,false,1502
vu-3678,19000195,1791307571967,1791307575993,502,false,false,1502
vu-5201,28029273,1791307571979,1791307575993,502,false,false,1502
vu-2331,07000800,1791307571963,1791307575993,502,false,false,1502
vu-808,01086273,1791307571969,1791307575993,502,false,false,1502
vu-1697,02072699,1791307571987,1791307575993,502,false,false,1502
vu-7143,41008004,1791307571974,1791307575993,502,false,false,1502
vu-1257,02025510,1791307571970,1791307575993,502,false,false,1502
vu-9496,58005425,1791307571970,1791307575993,502,false,false,1502
vu-8337,49014730,1791307571983,1791307575993,502,false,false,1502
vu-8853,53004366,1791307571981,1791307575993,502,false,false,1502
vu-1429,02043815,1791307571972,1791307575993,502,false,false,1502
vu-9043,54008272,1791307571975,1791307575993,502,false,false,1502
vu-1848,03000898,1791307571965,1791307575993,502,false,false,1502
vu-9581,59004766,1791307571976,1791307575993,502,false,false,1502
vu-8834,53002343,1791307571965,1791307575993,502,false,false,1502
vu-75,01007944,1791307571977,1791307575993,502,false,false,1502
vu-9512,58007127,1791307571969,1791307575993,502,false,false,1502
vu-5207,28029914,1791307571981,1791307575993,502,false,false,1502
vu-1816,02085412,1791307571974,1791307575993,502,false,false,1502
vu-8802,52011613,1791307571973,1791307575993,502,false,false,1502
vu-1813,02085092,1791307571975,1791307575993,502,false,false,1502
vu-5725,30009488,1791307571977,1791307575993,502,false,false,1502
vu-6267,35000378,1791307571963,1791307575993,502,false,false,1502
vu-8705,52001281,1791307571976,1791307575993,502,false,false,1502
vu-4057,21022905,1791307571971,1791307575993,502,false,false,1502
vu-7045,40018477,1791307571975,1791307575993,502,false,false,1502
vu-7182,41012163,1791307571972,1791307575993,502,false,false,1502
vu-1277,02027634,1791307571963,1791307575993,502,false,false,1502
vu-7797,47004330,1791307571977,1791307575993,502,false,false,1502
vu-2274,06000250,1791307571981,1791307575993,502,false,false,1502
vu-5794,30016858,1791307571966,1791307575993,502,false,false,1502
vu-6115,34001538,1791307571965,1791307575993,502,false,false,1502
vu-132,01014033,1791307571973,1791307575993,502,false,false,1502
vu-3305,17000198,1791307571972,1791307575993,502,false,false,1502
vu-3964,21012981,1791307571961,1791307575993,502,false,false,1502
vu-3626,18016487,1791307571968,1791307575993,502,false,false,1502
vu-9784,61009304,1791307571969,1791307575993,502,false,false,1502
vu-1378,02038362,1791307571979,1791307575993,502,false,false,1502
vu-4523,25013240,1791307571965,1791307575993,502,false,false,1502
vu-1375,02038043,1791307571961,1791307575993,502,false,false,1502
vu-1256,02025404,1791307571963,1791307575993,502,false,false,1502
vu-9010,54004759,1791307571971,1791307575993,502,false,false,1502
vu-2733,12009354,1791307571974,1791307575994,502,false,false,1502
vu-1844,03000468,1791307571967,1791307575994,502,false,false,1502
vu-4486,25009301,1791307571965,1791307575994,502,false,false,1502
vu-6758,38013804,1791307571976,1791307575994,502,false,false,1502
vu-4544,25015476,1791307571969,1791307575994,502,false,false,1502
vu-9333,56011186,1791307571978,1791307575994,502,false,false,1502
vu-6672,38004655,1791307571986,1791307575994,502,false,false,1502
vu-3621,18015957,1791307571966,1791307575994,502,false,false,1502
vu-5516,29024147,1791307571973,1791307575994,502,false,false,1502
vu-2538,10001243,1791307571968,1791307575994,502,false,false,1502
vu-1413,02042091,1791307571970,1791307575994,502,false,false,1502
vu-3393,17009631,1791307571965,1791307575994,502,false,false,1502
vu-1867,03002919,1791307571965,1791307575994,502,false,false,1502
vu-123,01013069,1791307571966,1791307575994,502,false,false,1502
vu-1927,03009328,1791307571971,1791307575994,502,false,false,1502
vu-1346,02034964,1791307571972,1791307575994,502,false,false,1502
vu-7541,44009165,1791307571963,1791307575994,502,false,false,1502
vu-4054,21022582,1791307571951,1791307575994,200,true,false,
vu-4184,22012974,1791307571975,1791307575994,500,false,false,1500
vu-6659,38003271,1791307571963,1791307575994,502,false,false,1502
vu-7435,43009224,1791307571979,1791307575995,502,false,false,1502
vu-3422,17012723,1791307571969,1791307575995,502,false,false,1502
vu-3175,16001866,1791307571969,1791307575996,502,false,false,1502
vu-9892,63003381,1791307571978,1791307575996,502,false,false,1502
vu-8593,51009676,1791307571975,1791307575996,502,false,false,1502
vu-3282,16013261,1791307571972,1791307575997,502,false,false,1502
vu-164,01017480,1791307571982,1791307575997,502,false,false,1502
vu-9100,54014332,1791307571978,1791307575997,502,false,false,1502
vu-2783,12014679,1791307571975,1791307575997,502,false,false,1502
vu-5109,28019457,1791307571977,1791307575997,502,false,false,1502
vu-5937,32003790,1791307571965,1791307575997,502,false,false,1502
vu-4388,24008473,1791307571974,1791307575997,502,false,false,1502
vu-3710,19003614,1791307571983,1791307575997,502,false,false,1502
vu-9311,56008845,1791307571970,1791307575997,502,false,false,1502
vu-8929,53012461,1791307571979,1791307575997,502,false,false,1502
vu-1949,03011676,1791307571976,1791307575997,502,false,false,1502
vu-3805,19013736,1791307571972,1791307575997,502,false,false,1502
vu-2497,09005898,1791307571971,1791307575998,502,false,false,1502
vu-2944,14006342,1791307571979,1791307575998,502,false,false,1502
vu-89,01009443,1791307571962,1791307575998,502,false,false,1502
vu-217,01023147,1791307571970,1791307575998,502,false,false,1502
vu-9814,62002327,1791307571973,1791307575998,502,false,false,1502
vu-728,01077729,1791307571965,1791307575998,502,false,false,1502
vu-9797,62000506,1791307571973,1791307575998,502,false,false,1502
vu-5600,29033119,1791307571984,1791307575998,502,false,false,1502
vu-9509,58006809,1791307571971,1791307575998,502,false,false,1502
vu-6636,38000819,1791307571982,1791307575998,502,false,false,1502
vu-920,01098223,1791307571967,1791307575998,502,false,false,1502
vu-8720,52002884,1791307571976,1791307575999,502,false,false,1502
vu-4028,21019805,1791307571966,1791307575999,502,false,false,1502
vu-1921,03008687,1791307571977,1791307575999,502,false,false,1502
vu-2834,13003320,1791307571965,1791307575999,502,false,false,1502
vu-3413,17011764,1791307571968,1791307575999,500,false,false,1500
vu-2404,08004372,1791307571977,1791307575999,502,false,false,1502
vu-7680,46002389,1791307571978,1791307575999,502,false,false,1502
vu-4746,26015224,1791307571955,1791307576000,200,true,false,
vu-4278,23006611,1791307571980,1791307576000,502,false,false,1502
vu-8854,53004472,1791307571976,1791307576001,502,false,false,1502
vu-9615,59008387,1791307571952,1791307576001,502,false,false,1502
vu-2492,09005365,1791307571973,1791307576002,502,false,false,1502
vu-5582,29031189,1791307571969,1791307576002,502,false,false,1502
vu-6629,38000074,1791307571973,1791307576002,502,false,false,1502
vu-9287,56006290,1791307571973,1791307576003,502,false,false,1502
vu-9595,59006255,1791307571971,1791307576003,502,false,false,1502
vu-8308,49011649,1791307571983,1791307576003,502,false,false,1502
vu-560,01059818,1791307571986,1791307576003,502,false,false,1502
vu-9502,58006062,1791307571975,1791307576003,502,false,false,1502
vu-4194,22014040,1791307571964,1791307576003,502,false,false,1502
vu-5950,32005178,1791307571970,1791307576003,502,false,false,1502
vu-2965,14008589,1791307571977,1791307576003,502,false,false,1502
vu-5291,29000114,1791307571973,1791307576003,502,false,false,1502
vu-5364,29007949,1791307571963,1791307576004,502,false,false,1502
vu-7296,42009853,1791307571970,1791307576004,502,false,false,1502
vu-2411,08005118,1791307571979,1791307576003,502,false,false,1502
vu-2335,07001225,1791307571968,1791307576004,502,false,false,1502
vu-9101,54014438,1791307571976,1791307576004,502,false,false,1502
vu-6352,35009429,1791307571967,1791307576004,502,false,false,1502
vu-9641,60000477,1791307571961,1791307576004,502,false,false,1502
vu-9675,60004104,1791307571968,1791307576004,502,false,false,1502
vu-4402,25000360,1791307571969,1791307576004,502,false,false,1502
vu-6495,37005239,1791307571964,1791307576004,502,false,false,1502
vu-7892,48001265,1791307571973,1791307576004,502,false,false,1502
vu-9263,56003740,1791307571982,1791307576004,502,false,false,1502
vu-2842,13004173,1791307571978,1791307576004,502,false,false,1502
vu-9031,54006996,1791307571972,1791307576004,502,false,false,1502
vu-4579,25019201,1791307571976,1791307576004,502,false,false,1502
vu-8383,50003813,1791307571985,1791307576004,502,false,false,1502
vu-10000,64007180,1791307571966,1791307576004,502,false,false,1502
vu-1031,02001479,1791307571972,1791307576004,502,false,false,1502
vu-152,01016182,1791307571969,1791307576004,502,false,false,1502
vu-7982,48010891,1791307571971,1791307576004,502,false,false,1502
vu-2163,04008895,1791307571972,1791307576004,502,false,false,1502
vu-5657,30002245,1791307571963,1791307576004,502,false,false,1502
vu-2683,12004008,1791307571973,1791307576004,502,false,false,1502
vu-6954,40008780,1791307571977,1791307576004,502,false,false,1502
vu-4623,26002081,1791307571973,1791307576004,502,false,false,1502
vu-8749,52005978,1791307571980,1791307576004,502,false,false,1502
vu-8982,54001782,1791307571975,1791307576004,502,false,false,1502
vu-2891,14000676,1791307571964,1791307576004,502,false,false,1502
vu-3402,17010590,1791307571973,1791307576004,502,false,false,1502
vu-2527,10000075,1791307571973,1791307576004,502,false,false,1502
vu-4024,21019380,1791307571970,1791307576004,502,false,false,1502
vu-8983,54001888,1791307571976,1791307576004,502,false,false,1502
vu-3171,16001440,1791307571981,1791307576005,502,false,false,1502
vu-2506,09006855,1791307571978,1791307576005,502,false,false,1502
vu-1150,02014136,1791307571979,1791307576004,502,false,false,1502
vu-6986,40012195,1791307571977,1791307576005,502,false,false,1502
vu-4939,28001287,1791307571979,1791307576005,502,false,false,1502
vu-9896,63003806,1791307571974,1791307576005,502,false,false,1502
vu-4839,27002425,1791307571982,1791307576005,502,false,false,1502
vu-9200,55009925,1791307571947,1791307576005,502,false,false,1502
vu-1541,02055900,1791307571981,1791307576005,502,false,false,1502
vu-5475,29019785,1791307571972,1791307576005,502,false,false,1502
vu-208,01022187,1791307571976,1791307576005,502,false,false,1502
vu-261,01027860,1791307571981,1791307576005,502,false,false,1502
vu-9510,58006915,1791307571978,1791307576005,502,false,false,1502
vu-2637,11002309,1791307571977,1791307576005,502,false,false,1502
vu-9014,54005187,1791307571977,1791307576005,502,false,false,1502
vu-4417,25001954,1791307571967,1791307576005,502,false,false,1502
vu-8123,48025975,1791307571974,1791307576005,502,false,false,1502
vu-3758,19008727,1791307571963,1791307576005,502,false,false,1502
vu-4708,26011168,1791307571967,1791307576005,502,false,false,1502
vu-7818,47006564,1791307571969,1791307576005,502,false,false,1502
vu-364,01038875,1791307571971,1791307576005,502,false,false,1502
vu-7723,46006967,1791307571978,1791307576005,502,false,false,1502
vu-3835,19016932,1791307571967,1791307576005,502,false,false,1502
vu-5269,28036526,1791307571972,1791307576005,502,false,false,1502
vu-5098,28018281,1791307571978,1791307576005,502,false,false,1502
vu-6646,38001887,1791307571972,1791307576005,502,false,false,1502
vu-8051,48018278,1791307571986,1791307576005,502,false,false,1502
vu-1076,02006270,1791307571977,1791307576005,502,false,false,1502
vu-5852,31005964,1791307571976,1791307576005,502,false,false,1502
vu-8934,53012994,1791307571978,1791307576005,502,false,false,1502
vu-7514,44006296,1791307571977,1791307576005,502,false,false,1502
vu-9034,54007314,1791307571982,1791307576005,502,false,false,1502
vu-9910,63005296,1791307571975,1791307576005,502,false,false,1502
vu-243,01025933,1791307571975,1791307576005,502,false,false,1502
vu-4621,26001867,1791307571971,1791307576005,502,false,false,1502
vu-7323,42012726,1791307571967,1791307576005,502,false,false,1502
vu-4310,24000157,1791307571970,1791307576005,502,false,false,1502
vu-1596,02061868,1791307571985,1791307576005,502,false,false,1502
vu-333,01035568,1791307571978,1791307576005,502,false,false,1502
vu-7977,48010356,1791307571980,1791307576005,502,false,false,1502
vu-2735,12009566,1791307571978,1791307576005,502,false,false,1502
vu-410,01043784,1791307571982,1791307576005,502,false,false,1502
vu-1823,02086170,1791307571978,1791307576005,502,false,false,1502
vu-7458,44000330,1791307571961,1791307576005,502,false,false,1502
vu-8686,51019569,1791307571981,1791307576005,502,false,false,1502
vu-7997,48012498,1791307571966,1791307576005,200,true,false,
vu-2954,14007409,1791307571976,1791307576005,502,false,false,1502
vu-1395,02040170,1791307571977,1791307576006,502,false,false,1502
vu-1298,02029865,1791307571980,1791307576006,502,false,false,1502
vu-7618,45002096,1791307571970,1791307576006,502,false,false,1502
vu-2414,08005442,1791307571973,1791307576006,502,false,false,1502
vu-8958,53015546,1791307571972,1791307576006,502,false,false,1502
vu-9764,61007179,1791307571977,1791307576006,502,false,false,1502
vu-7911,48003297,1791307571977,1791307576006,502,false,false,1502
vu-6571,37013329,1791307571966,1791307576006,502,false,false,1502
vu-5305,29001611,1791307571973,1791307576006,502,false,false,1502
vu-3795,19012671,1791307571982,1791307576006,502,false,false,1502
vu-5125,28021161,1791307571971,1791307576006,500,false,false,1500
vu-2960,14008052,1791307571979,1791307576006,502,false,false,1502
vu-6501,37005877,1791307571971,1791307576006,502,false,false,1502
vu-2431,08007252,1791307571984,1791307576006,502,false,false,1502
vu-4581,25019414,1791307571985,1791307576006,502,false,false,1502
vu-5763,30013541,1791307571982,1791307576006,502,false,false,1502
vu-338,01036101,1791307571974,1791307576006,502,false,false,1502
vu-5565,29029371,1791307571980,1791307576006,502,false,false,1502
vu-3088,15009059,1791307571985,1791307576006,502,false,false,1502
vu-2759,12012121,1791307571980,1791307576006,502,false,false,1502
vu-8883,53007558,1791307571978,1791307576007,502,false,false,1502
vu-5090,28017427,1791307571970,1791307576007,502,false,false,1502
vu-7400,43005500,1791307571971,1791307576007,502,false,false,1502
vu-9991,64006216,1791307571973,1791307576008,502,false,false,1502
vu-8409,50006574,1791307571979,1791307576008,502,false,false,1502
vu-9172,55006938,1791307571974,1791307576008,502,false,false,1502
vu-311,01033211,1791307571976,1791307576008,502,false,false,1502
vu-74,01007838,1791307571982,1791307576009,502,false,false,1502
vu-4345,24003895,1791307571972,1791307576009,502,false,false,1502
vu-1868,03003025,1791307571965,1791307576009,502,false,false,1502
vu-6904,40003463,1791307571980,1791307576009,502,false,false,1502
vu-6024,33004685,1791307571971,1791307576009,502,false,false,1502
vu-8489,50015093,1791307571982,1791307576009,502,false,false,1502
vu-6740,38011888,1791307571983,1791307576009,502,false,false,1502
vu-2947,14006662,1791307571974,1791307576009,502,false,false,1502
vu-3769,19009900,1791307571965,1791307576009,502,false,false,1502
vu-5242,28033652,1791307571980,1791307576009,502,false,false,1502
vu-8048,48017955,1791307571967,1791307576009,502,false,false,1502
vu-6405,36000674,1791307571978,1791307576010,502,false,false,1502
vu-9023,54006145,1791307571971,1791307576010,502,false,false,1502
vu-2516,09007924,1791307571973,1791307576010,502,false,false,1502
vu-5643,30000754,1791307571983,1791307576010,502,false,false,1502
vu-1806,02084348,1791307571973,1791307576010,502,false,false,1502
vu-8013,48014209,1791307571973,1791307576010,502,false,false,1502
vu-1287,02028697,1791307571986,1791307576010,502,false,false,1502
vu-8960,53015758,1791307571972,1791307576010,502,false,false,1502
vu-360,01038448,1791307571972,1791307576010,502,false,false,1502
vu-9318,56009589,1791307571979,1791307576010,502,false,false,1502
vu-7608,45001016,1791307571984,1791307576010,502,false,false,1502
vu-8941,53013738,1791307571977,1791307576011,502,false,false,1502
vu-6960,40009419,1791307571971,1791307576011,502,false,false,1502
vu-7567,44011927,1791307571981,1791307576011,502,false,false,1502
vu-9860,62007251,1791307571980,1791307576011,502,false,false,1502
vu-8094,48022872,1791307571982,1791307576011,502,false,false,1502
vu-3505,18003599,1791307571979,1791307576011,502,false,false,1502
vu-2455,09001423,1791307571984,1791307576011,502,false,false,1502
vu-2504,09006642,1791307571982,1791307576011,502,false,false,1502
vu-7590,44014373,1791307571956,1791307576011,502,false,false,1502
vu-4946,28002038,1791307571970,1791307576011,502,false,false,1502
vu-1545,02056334,1791307571987,1791307576011,502,false,false,1502
vu-2981,14010301,1791307571980,1791307576011,502,false,false,1502
vu-9074,54011571,1791307571974,1791307576011,502,false,false,1502
vu-1238,02023492,1791307571961,1791307576011,502,false,false,1502
vu-3832,19016611,1791307571979,1791307576011,502,false,false,1502
vu-8597,51010101,1791307571972,1791307576011,502,false,false,1502
vu-9161,55005768,1791307571971,1791307576011,502,false,false,1502
vu-9838,62004890,1791307571966,1791307576011,502,false,false,1502
vu-7254,42005379,1791307571977,1791307576011,502,false,false,1502
vu-9021,54005932,1791307571977,1791307576011,502,false,false,1502
vu-9167,55006407,1791307571973,1791307576011,502,false,false,1502
vu-5771,30014397,1791307571982,1791307576011,502,false,false,1502
vu-6054,33007887,1791307571971,1791307576011,502,false,false,1502
vu-9063,54010401,1791307571977,1791307576011,502,false,false,1502
vu-1780,02081579,1791307571963,1791307576011,502,false,false,1502
vu-9714,61001848,1791307571982,1791307576011,502,false,false,1502
vu-5678,30004482,1791307571981,1791307576011,502,false,false,1502
vu-6565,37012688,1791307571973,1791307576011,502,false,false,1502
vu-7766,47001020,1791307571984,1791307576011,502,false,false,1502
vu-8677,51018612,1791307571982,1791307576011,502,false,false,1502
vu-7651,45005611,1791307571970,1791307576011,502,false,false,1502
vu-7841,47009012,1791307571974,1791307576012,502,false,false,1502
vu-5822,31002770,1791307571981,1791307576011,502,false,false,1502
vu-9095,54013801,1791307571975,1791307576012,502,false,false,1502
vu-1931,03009756,1791307571974,1791307576012,502,false,false,1502
vu-2425,08006615,1791307571976,1791307576012,502,false,false,1502
vu-484,01051676,1791307571972,1791307576012,502,false,false,1502
vu-6761,38014123,1791307571981,1791307576012,502,false,false,1502
vu-2378,08001603,1791307571973,1791307576012,502,false,false,1502
vu-3406,17011016,1791307571970,1791307576012,502,false,false,1502
vu-4331,24002403,1791307571986,1791307576012,502,false,false,1502
vu-2522,09008562,1791307571974,1791307576012,502,false,false,1502
vu-8942,53013845,1791307571972,1791307576012,502,false,false,1502
vu-7487,44003422,1791307571976,1791307576012,502,false,false,1502
vu-1352,02035601,1791307571974,1791307576012,502,false,false,1502
vu-6981,40011661,1791307571977,1791307576012,502,false,false,1502
vu-2721,12008066,1791307571975,1791307576012,502,false,false,1502
vu-8128,48026509,1791307571985,1791307576012,502,false,false,1502
vu-685,01073138,1791307571978,1791307576012,502,false,false,1502
vu-9920,63006360,1791307571977,1791307576012,502,false,false,1502
vu-8760,52007146,1791307571975,1791307576012,502,false,false,1502
vu-4158,22010206,1791307571972,1791307576012,502,false,false,1502
vu-700,01074735,1791307571976,1791307576012,502,false,false,1502
vu-5379,29009544,1791307571971,1791307576012,502,false,false,1502
vu-73,01007730,1791307571973,1791307576012,502,false,false,1502
vu-9292,56006823,1791307571974,1791307576012,502,false,false,1502
vu-566,01060460,1791307571978,1791307576012,502,false,false,1502
vu-4501,25010898,1791307571984,1791307576012,502,false,false,1502
vu-7271,42007189,1791307571975,1791307576012,502,false,false,1502
vu-5704,30007250,1791307571980,1791307576012,502,false,false,1502
vu-900,01096092,1791307571974,1791307576012,502,false,false,1502
vu-1315,02031669,1791307571982,1791307576012,502,false,false,1502
vu-9760,61006755,1791307571948,1791307576012,502,false,false,1502
vu-7301,42010384,1791307571980,1791307576012,502,false,false,1502
vu-4400,25000145,1791307571970,1791307576012,502,false,false,1502
vu-696,01074308,1791307571973,1791307576012,502,false,false,1502
vu-6809,39003998,1791307571982,1791307576012,502,false,false,1502
vu-6700,38007637,1791307571980,1791307576012,502,false,false,1502
vu-5403,29012107,1791307571971,1791307576012,502,false,false,1502
vu-2875,13007693,1791307571961,1791307576013,502,false,false,1502
vu-4398,24009538,1791307571969,1791307576013,502,false,false,1502
vu-1085,02007227,1791307571955,1791307576013,200,true,false,
vu-2076,03025236,1791307571993,1791307576014,200,true,false,
vu-162,01017262,1791307571984,1791307576014,502,false,false,1502
vu-667,01071216,1791307571959,1791307576015,502,false,false,1502
vu-1941,03010825,1791307571972,1791307576015,502,false,false,1502
vu-2524,09008775,1791307571980,1791307576015,502,false,false,1502
vu-1149,02014030,1791307571979,1791307576017,502,false,false,1502
vu-6669,38004336,1791307571991,1791307576017,502,false,false,1502
vu-9344,57000188,1791307571973,1791307576017,502,false,false,1502
vu-5352,29006658,1791307571964,1791307576017,502,false,false,1502
vu-2774,12013723,1791307571976,1791307576017,502,false,false,1502
vu-8722,52003096,1791307571977,1791307576018,502,false,false,1502
vu-8317,49012606,1791307571986,1791307576018,502,false,false,1502
vu-4448,25005259,1791307571982,1791307576018,502,false,false,1502
vu-2513,09007600,1791307571975,1791307576018,502,false,false,1502
vu-7346,42015176,1791307571977,1791307576018,502,false,false,1502
vu-4294,23008316,1791307571971,1791307576018,502,false,false,1502
vu-4046,21021724,1791307571991,1791307576018,502,false,false,1502
vu-5718,30008740,1791307571980,1791307576018,502,false,false,1502
vu-5354,29006872,1791307571971,1791307576018,502,false,false,1502
vu-690,01073669,1791307571979,1791307576018,502,false,false,1502
vu-9382,57004234,1791307571974,1791307576018,502,false,false,1502
vu-60,01006339,1791307571977,1791307576018,502,false,false,1502
vu-8083,48021697,1791307571981,1791307576018,502,false,false,1502
vu-4767,26017460,1791307571980,1791307576018,502,false,false,1502
vu-6661,38003484,1791307571979,1791307576018,502,false,false,1502
vu-4770,26017779,1791307571988,1791307576018,502,false,false,1502
vu-4137,22007970,1791307571982,1791307576018,502,false,false,1502
vu-1952,03011999,1791307571963,1791307576018,502,false,false,1502
vu-1997,03016807,1791307571971,1791307576018,502,false,false,1502
vu-9967,64003661,1791307571971,1791307576018,502,false,false,1502
vu-7303,42010596,1791307571978,1791307576018,502,false,false,1502
vu-5574,29030335,1791307571982,1791307576018,502,false,false,1502
vu-9169,55006619,1791307571975,1791307576018,502,false,false,1502
vu-128,01013601,1791307571981,1791307576018,502,false,false,1502
vu-3066,15006709,1791307571985,1791307576018,502,false,false,1502
vu-7279,42008042,1791307571975,1791307576018,502,false,false,1502
vu-656,01070047,1791307571982,1791307576018,502,false,false,1502
vu-7081,41001390,1791307571974,1791307576018,502,false,false,1502
vu-9827,62003715,1791307571982,1791307576018,502,false,false,1502
vu-4603,25021751,1791307571965,1791307576018,502,false,false,1502
vu-4508,25011643,1791307571978,1791307576018,502,false,false,1502
vu-8721,52002990,1791307571971,1791307576018,502,false,false,1502
vu-987,01105367,1791307571978,1791307576018,502,false,false,1502
vu-1419,02042740,1791307571971,1791307576018,502,false,false,1502
vu-4595,25020901,1791307571976,1791307576018,502,false,false,1502
vu-2630,11001559,1791307571967,1791307576019,502,false,false,1502
vu-5270,28036633,1791307571972,1791307576019,502,false,false,1502
vu-8293,49010050,1791307571984,1791307576019,502,false,false,1502
vu-5611,29034296,1791307571984,1791307576019,502,false,false,1502
vu-6326,35006657,1791307571980,1791307576019,502,false,false,1502
vu-7691,46003559,1791307571972,1791307576019,502,false,false,1502
vu-9713,61001742,1791307571976,1791307576019,502,false,false,1502
vu-3909,21007126,1791307571965,1791307576019,502,false,false,1502
vu-6105,34000474,1791307571984,1791307576019,502,false,false,1502
vu-9946,64001427,1791307571972,1791307576019,502,false,false,1502
vu-9266,56004059,1791307571975,1791307576019,502,false,false,1502
vu-7968,48009383,1791307571971,1791307576019,502,false,false,1502
vu-1403,02041023,1791307571979,1791307576019,502,false,false,1502
vu-8604,51010845,1791307571983,1791307576019,502,false,false,1502
vu-7980,48010678,1791307571975,1791307576019,502,false,false,1502
vu-2933,14005166,1791307571979,1791307576019,502,false,false,1502
vu-8939,53013525,1791307571975,1791307576019,502,false,false,1502
vu-5369,29008480,1791307571973,1791307576019,502,false,false,1502
vu-9493,58005107,1791307571983,1791307576019,502,false,false,1502
vu-3100,15010337,1791307571984,1791307576019,502,false,false,1502
vu-8363,50001688,1791307571980,1791307576019,502,false,false,1502
vu-2364,08000112,1791307571981,1791307576019,502,false,false,1502
vu-4377,24007298,1791307571982,1791307576019,502,false,false,1502
vu-9107,55000013,1791307571978,1791307576019,502,false,false,1502
vu-2806,13000338,1791307571982,1791307576019,502,false,false,1502
vu-4921,27011160,1791307571966,1791307576019,502,false,false,1502
vu-2763,12012547,1791307571981,1791307576019,502,false,false,1502
vu-283,01030218,1791307571974,1791307576019,502,false,false,1502
vu-4437,25004088,1791307571979,1791307576019,502,false,false,1502
vu-4731,26013617,1791307571967,1791307576019,502,false,false,1502
vu-9039,54007847,1791307571978,1791307576020,502,false,false,1502
vu-5866,31007455,1791307571983,1791307576020,502,false,false,1502
vu-388,01041439,1791307571984,1791307576020,502,false,false,1502
vu-9931,63007531,1791307571982,1791307576020,502,false,false,1502
vu-8231,49003451,1791307571981,1791307576020,502,false,false,1502
vu-3707,19003295,1791307571990,1791307576020,502,false,false,1502
vu-1565,02058570,1791307571988,1791307576020,502,false,false,1502
vu-3583,18011913,1791307571975,1791307576020,502,false,false,1502
vu-9708,61001209,1791307571978,1791307576020,502,false,false,1502
vu-1193,02018707,1791307571979,1791307576020,502,false,false,1502
vu-8956,53015334,1791307571975,1791307576020,502,false,false,1502
vu-2776,12013935,1791307571972,1791307576020,502,false,false,1502
vu-4050,21022152,1791307571977,1791307576020,502,false,false,1502
vu-4475,25008129,1791307571976,1791307576020,502,false,false,1502
vu-4510,25011856,1791307571977,1791307576020,502,false,false,1502
vu-3170,16001334,1791307571979,1791307576020,502,false,false,1502
vu-5274,28037060,1791307571970,1791307576020,502,false,false,1502
vu-382,01040802,1791307571966,1791307576020,502,false,false,1502
vu-7181,41012057,1791307571975,1791307576020,502,false,false,1502
vu-6907,40003782,1791307571979,1791307576020,502,false,false,1502
vu-7375,43002842,1791307571967,1791307576020,502,false,false,1502
vu-185,01019734,1791307571959,1791307576020,502,false,false,1502
vu-2142,04006632,1791307571987,1791307576020,502,false,false,1502
vu-4528,25013773,1791307571977,1791307576020,502,false,false,1502
vu-2488,09004941,1791307571980,1791307576020,502,false,false,1502
vu-6959,40009313,1791307571979,1791307576020,502,false,false,1502
vu-3831,19016505,1791307571983,1791307576020,502,false,false,1502
vu-1797,02083391,1791307571981,1791307576020,502,false,false,1502
vu-9702,61000569,1791307571974,1791307576020,502,false,false,1502
vu-9812,62002112,1791307571982,1791307576020,502,false,false,1502
vu-9186,55008430,1791307571973,1791307576020,502,false,false,1502
vu-8364,50001794,1791307571972,1791307576020,502,false,false,1502
vu-3294,16014538,1791307571971,1791307576020,502,false,false,1502
vu-8373,50002750,1791307571986,1791307576020,502,false,false,1502
vu-1505,02052008,1791307571978,1791307576020,502,false,false,1502
vu-8961,53015865,1791307571978,1791307576020,502,false,false,1502
vu-7802,47004862,1791307571968,1791307576020,502,false,false,1502
vu-2791,12015532,1791307571980,1791307576020,502,false,false,1502
vu-8385,50004025,1791307571983,1791307576020,502,false,false,1502
vu-7386,43004011,1791307571984,1791307576021,502,false,false,1502
vu-6444,36004832,1791307571962,1791307576021,502,false,false,1502
vu-8178,48031842,1791307571986,1791307576021,502,false,false,1502
vu-742,01079234,1791307571965,1791307576021,502,false,false,1502
vu-1372,02037725,1791307571976,1791307576021,502,false,false,1502
vu-6474,37003001,1791307571974,1791307576021,502,false,false,1502
vu-9356,57001465,1791307571978,1791307576021,502,false,false,1502
vu-798,01085202,1791307571974,1791307576021,502,false,false,1502
vu-300,01032040,1791307571967,1791307576021,200,true,false,
vu-2494,09005580,1791307571976,1791307576021,502,false,false,1502
vu-9489,58004682,1791307571977,1791307576021,502,false,false,1502
vu-9579,59004554,1791307571979,1791307576021,502,false,false,1502
vu-3263,16011240,1791307571990,1791307576021,502,false,false,1502
vu-8770,52008211,1791307571975,1791307576021,502,false,false,1502
vu-9051,54009124,1791307571980,1791307576021,502,false,false,1502
vu-1303,02030395,1791307571960,1791307576021,502,false,false,1502
vu-9225,55012584,1791307571978,1791307576021,502,false,false,1502
vu-6025,33004791,1791307571977,1791307576021,502,false,false,1502
vu-5182,28027240,1791307571979,1791307576021,502,false,false,1502
vu-5683,30005013,1791307571978,1791307576021,502,false,false,1502
vu-2517,09008031,1791307571971,1791307576021,502,false,false,1502
vu-914,01097586,1791307571985,1791307576021,502,false,false,1502
vu-6532,37009174,1791307571979,1791307576021,502,false,false,1502
vu-6554,37011516,1791307571970,1791307576021,502,false,false,1502
vu-9874,63001466,1791307571983,1791307576021,502,false,false,1502
vu-8236,49003982,1791307571985,1791307576021,502,false,false,1502
vu-4472,25007810,1791307571977,1791307576021,502,false,false,1502
vu-847,01090439,1791307571974,1791307576021,502,false,false,1502
vu-3283,16013367,1791307571976,1791307576021,502,false,false,1502
vu-9365,57002428,1791307571978,1791307576021,502,false,false,1502
vu-4374,24006978,1791307571965,1791307576021,502,false,false,1502
vu-9576,59004234,1791307571979,1791307576021,502,false,false,1502
vu-8666,51017443,1791307571986,1791307576021,502,false,false,1502
vu-8707,52001495,1791307571979,1791307576021,502,false,false,1502
vu-1980,03014989,1791307571975,1791307576021,502,false,false,1502
vu-3163,16000591,1791307571970,1791307576021,502,false,false,1502
vu-2651,12000596,1791307571979,1791307576021,502,false,false,1502
vu-1382,02038788,1791307571973,1791307576021,502,false,false,1502
vu-2284,06001316,1791307571988,1791307576021,502,false,false,1502
vu-2769,12013186,1791307571975,1791307576021,502,false,false,1502
vu-5775,30014821,1791307571951,1791307576021,502,false,false,1502
vu-2982,14010408,1791307571978,1791307576021,502,false,false,1502
vu-7499,44004703,1791307571978,1791307576021,502,false,false,1502
vu-4311,24000264,1791307571969,1791307576021,502,false,false,1502
vu-668,01071325,1791307571980,1791307576021,502,false,false,1502
vu-1329,02033157,1791307571978,1791307576022,502,false,false,1502
vu-3897,21005849,1791307571984,1791307576022,502,false,false,1502
vu-7654,45005930,1791307571971,1791307576022,502,false,false,1502
vu-7410,43006564,1791307571979,1791307576022,502,false,false,1502
vu-3162,16000485,1791307571973,1791307576022,502,false,false,1502
vu-3586,18012233,1791307571980,1791307576022,502,false,false,1502
vu-6458,37001296,1791307571975,1791307576022,502,false,false,1502
vu-7240,42003887,1791307571986,1791307576022,502,false,false,1502
vu-495,01052853,1791307571982,1791307576022,502,false,false,1502
vu-3125,15013010,1791307571992,1791307576022,502,false,false,1502
vu-9328,56010653,1791307571975,1791307576022,502,false,false,1502
vu-7734,46008136,1791307571977,1791307576022,502,false,false,1502
vu-5378,29009438,1791307571970,1791307576022,502,false,false,1502
vu-5081,28016468,1791307571976,1791307576022,502,false,false,1502
vu-8869,53006071,1791307571971,1791307576022,502,false,false,1502
vu-3717,19004359,1791307571984,1791307576022,502,false,false,1502
vu-7789,47003477,1791307571977,1791307576022,502,false,false,1502
vu-1371,02037618,1791307571979,1791307576022,502,false,false,1502
vu-8735,52004486,1791307571976,1791307576022,502,false,false,1502
vu-6442,36004618,1791307571979,1791307576023,502,false,false,1502
vu-6977,40011236,1791307571980,1791307576023,502,false,false,1502
vu-9617,59008599,1791307571978,1791307576023,502,false,false,1502
vu-306,01032678,1791307571979,1791307576023,502,false,false,1502
vu-1294,02029440,1791307571983,1791307576024,502,false,false,1502
vu-3466,17017439,1791307571972,1791307576025,502,false,false,1502
vu-975,01104085,1791307571982,1791307576025,502,false,false,1502
vu-7207,42000360,1791307571975,1791307576025,502,false,false,1502
vu-3218,16006443,1791307571973,1791307576025,502,false,false,1502
vu-6436,36003979,1791307571978,1791307576025,502,false,false,1502
vu-5901,31011178,1791307571975,1791307576026,502,false,false,1502
vu-8900,53009372,1791307571981,1791307576026,502,false,false,1502
vu-8118,48025439,1791307571985,1791307576026,502,false,false,1502
vu-9149,55004492,1791307571979,1791307576026,502,false,false,1502
vu-5073,28015617,1791307571977,1791307576026,502,false,false,1502
vu-9890,63003169,1791307571984,1791307576026,502,false,false,1502
vu-941,01100466,1791307571988,1791307576026,502,false,false,1502
vu-7496,44004384,1791307571963,1791307576026,502,false,false,1502
vu-4216,22016382,1791307571991,1791307576026,502,false,false,1502
vu-5497,29022127,1791307571973,1791307576026,502,false,false,1502
vu-5199,28029060,1791307571979,1791307576026,502,false,false,1502
vu-8964,53016183,1791307571981,1791307576026,502,false,false,1502
vu-5129,28021587,1791307571973,1791307576027,502,false,false,1502
vu-9256,56002996,1791307571982,1791307576026,502,false,false,1502
vu-9387,57004765,1791307571971,1791307576027,502,false,false,1502
vu-8816,53000428,1791307571979,1791307576027,502,false,false,1502
vu-6573,37013541,1791307571979,1791307576027,502,false,false,1502
vu-4631,26002940,1791307571985,1791307576027,502,false,false,1502
vu-1402,02040915,1791307571969,1791307576027,502,false,false,1502
vu-8318,49012712,1791307571985,1791307576027,502,false,false,1502
vu-2862,13006309,1791307571985,1791307576027,502,false,false,1502
vu-4424,25002698,1791307571977,1791307576027,502,false,false,1502
vu-9454,58000952,1791307571981,1791307576027,502,false,false,1502
vu-9997,64006862,1791307571983,1791307576027,502,false,false,1502
vu-7238,42003674,1791307571987,1791307576027,502,false,false,1502
vu-4748,26015436,1791307571989,1791307576027,502,false,false,1502
vu-8799,52011292,1791307571970,1791307576027,502,false,false,1502
vu-5961,32006353,1791307571965,1791307576027,502,false,false,1502
vu-5617,29034938,1791307571980,1791307576027,502,false,false,1502
vu-9715,61001955,1791307571981,1791307576027,502,false,false,1502
vu-1593,02061549,1791307571982,1791307576027,502,false,false,1502
vu-168,01017907,1791307571979,1791307576027,502,false,false,1502
vu-4460,25006533,1791307571976,1791307576027,502,false,false,1502
vu-4543,25015367,1791307571968,1791307576027,502,false,false,1502
vu-6642,38001460,1791307571977,1791307576027,502,false,false,1502
vu-3299,16015071,1791307571975,1791307576027,502,false,false,1502
vu-7154,41009175,1791307571971,1791307576027,502,false,false,1502
vu-8428,50008612,1791307571983,1791307576027,502,false,false,1502
vu-9285,56006078,1791307571978,1791307576027,502,false,false,1502
vu-6916,40004739,1791307571984,1791307576027,502,false,false,1502
vu-1384,02039000,1791307571978,1791307576027,502,false,false,1502
vu-109,01011582,1791307571970,1791307576027,502,false,false,1502
vu-3009,15000624,1791307571984,1791307576027,502,false,false,1502
vu-3084,15008628,1791307571983,1791307576027,502,false,false,1502
vu-3473,18000186,1791307571973,1791307576027,502,false,false,1502
vu-5358,29007298,1791307571977,1791307576027,502,false,false,1502
vu-5699,30006718,1791307571980,1791307576027,502,false,false,1502
vu-4092,22003171,1791307571977,1791307576027,502,false,false,1502
vu-8702,52000963,1791307571973,1791307576027,502,false,false,1502
vu-2392,08003092,1791307571975,1791307576027,502,false,false,1502
vu-22,01002247,1791307571976,1791307576027,502,false,false,1502
vu-7722,46006861,1791307571979,1791307576027,502,false,false,1502
vu-8981,54001676,1791307571975,1791307576027,502,false,false,1502
vu-6385,35012944,1791307571972,1791307576027,502,false,false,1502
vu-4596,25021007,1791307571982,1791307576027,502,false,false,1502
vu-222,01023680,1791307571991,1791307576027,502,false,false,1502
vu-9648,60001228,1791307571975,1791307576027,502,false,false,1502
vu-5795,30016964,1791307571993,1791307576027,502,false,false,1502
vu-7671,46001428,1791307571984,1791307576027,502,false,false,1502
vu-3312,17000945,1791307571986,1791307576027,502,false,false,1502
vu-506,01054025,1791307571975,1791307576027,502,false,false,1502
vu-1347,02035071,1791307571980,1791307576028,502,false,false,1502
vu-449,01047941,1791307571985,1791307576028,502,false,false,1502
vu-9008,54004546,1791307571976,1791307576028,502,false,false,1502
vu-2739,12009992,1791307571978,1791307576028,502,false,false,1502
vu-1604,02062720,1791307571986,1791307576028,502,false,false,1502
vu-3055,15005535,1791307571985,1791307576028,502,false,false,1502
vu-2474,09003449,1791307571977,1791307576028,502,false,false,1502
vu-1366,02037088,1791307571979,1791307576028,502,false,false,1502
vu-9657,60002184,1791307571970,1791307576028,502,false,false,1502
vu-1399,02040597,1791307571977,1791307576028,502,false,false,1502
vu-6996,40013256,1791307571986,1791307576028,502,false,false,1502
vu-9030,54006890,1791307571980,1791307576028,502,false,false,1502
vu-3475,18000398,1791307571986,1791307576028,502,false,false,1502
vu-5837,31004367,1791307571981,1791307576028,502,false,false,1502
vu-8831,53002023,1791307571977,1791307576028,502,false,false,1502
vu-1659,02068632,1791307571987,1791307576028,502,false,false,1502
vu-9322,56010014,1791307571975,1791307576028,502,false,false,1502
vu-8254,49005901,1791307571985,1791307576028,502,false,false,1502
vu-6566,37012795,1791307571986,1791307576029,502,false,false,1502
vu-8641,51014781,1791307571989,1791307576029,502,false,false,1502
vu-2437,08007888,1791307571977,1791307576029,502,false,false,1502
vu-6542,37010239,1791307571985,1791307576029,502,false,false,1502
vu-2884,13008649,1791307571970,1791307576030,502,false,false,1502
vu-1142,02013287,1791307571983,1791307576031,502,false,false,1502
vu-5563,29029157,1791307571978,1791307576031,502,false,false,1502
vu-5328,29004080,1791307571971,1791307576031,502,false,false,1502
vu-9206,55010564,1791307571977,1791307576031,502,false,false,1502
vu-7218,42001536,1791307571987,1791307576031,502,false,false,1502
vu-4017,21018634,1791307571982,1791307576031,502,false,false,1502
vu-2336,07001331,1791307571979,1791307576032,502,false,false,1502
vu-1676,02070467,1791307571985,1791307576032,502,false,false,1502
vu-9016,54005399,1791307571977,1791307576032,502,false,false,1502
vu-6337,35007833,1791307571985,1791307576032,502,false,false,1502
vu-9695,60006236,1791307571991,1791307576032,502,false,false,1502
vu-3030,15002862,1791307571980,1791307576032,502,false,false,1502
vu-3155,15016212,1791307571976,1791307576032,502,false,false,1502
vu-9464,58002018,1791307571973,1791307576032,502,false,false,1502
vu-572,01061098,1791307571988,1791307576032,502,false,false,1502
vu-2433,08007464,1791307571982,1791307576032,502,false,false,1502
vu-9343,57000081,1791307571980,1791307576032,502,false,false,1502
vu-2802,12016705,1791307571967,1791307576032,502,false,false,1502
vu-3072,15007349,1791307571991,1791307576032,502,false,false,1502
vu-2307,06003783,1791307571981,1791307576032,502,false,false,1502
vu-86,01009115,1791307571970,1791307576032,502,false,false,1502
vu-5029,28010923,1791307571989,1791307576032,502,false,false,1502
vu-8745,52005551,1791307571977,1791307576032,502,false,false,1502
vu-6467,37002255,1791307571973,1791307576032,502,false,false,1502
vu-8710,52001815,1791307571974,1791307576032,502,false,false,1502
vu-8282,49008883,1791307571983,1791307576032,502,false,false,1502
vu-7446,43010396,1791307571984,1791307576032,502,false,false,1502
vu-2380,08001815,1791307571979,1791307576032,502,false,false,1502
vu-9255,56002890,1791307571993,1791307576032,502,false,false,1502
vu-6990,40012619,1791307571982,1791307576032,502,false,false,1502
vu-8007,48013566,1791307571986,1791307576032,502,false,false,1502
vu-2747,12010844,1791307571981,1791307576032,502,false,false,1502
vu-9190,55008856,1791307571981,1791307576032,502,false,false,1502
vu-8306,49011431,1791307571985,1791307576032,502,false,false,1502
vu-5886,31009582,1791307571983,1791307576032,502,false,false,1502
vu-2642,11002845,1791307571972,1791307576032,502,false,false,1502
vu-9015,54005293,1791307571975,1791307576032,502,false,false,1502
vu-7401,43005607,1791307571989,1791307576033,502,false,false,1502
vu-2752,12011376,1791307571979,1791307576033,502,false,false,1502
vu-7791,47003690,1791307571977,1791307576033,502,false,false,1502
vu-4077,22001575,1791307571978,1791307576033,502,false,false,1502
vu-6242,34015138,1791307571989,1791307576033,502,false,false,1502
vu-4465,25007064,1791307571974,1791307576033,502,false,false,1502
vu-8725,52003415,1791307571979,1791307576033,502,false,false,1502
vu-6992,40012832,1791307571976,1791307576033,502,false,false,1502
vu-1752,02078557,1791307571985,1791307576033,502,false,false,1502
vu-809,01086379,1791307571966,1791307576033,502,false,false,1502
vu-4080,22001895,1791307571975,1791307576033,502,false,false,1502
vu-1368,02037300,1791307571980,1791307576033,502,false,false,1502
vu-8953,53015014,1791307571978,1791307576033,502,false,false,1502
vu-7315,42011874,1791307571970,1791307576033,502,false,false,1502
vu-6597,37016097,1791307571988,1791307576033,502,false,false,1502
vu-8801,52011506,1791307571988,1791307576033,502,false,false,1502
vu-6697,38007317,1791307571978,1791307576033,502,false,false,1502
vu-9240,56001294,1791307571984,1791307576033,502,false,false,1502
vu-3176,16001972,1791307571974,1791307576033,502,false,false,1502
vu-9045,54008485,1791307571975,1791307576033,502,false,false,1502
vu-5959,32006140,1791307571984,1791307576033,502,false,false,1502
vu-7717,46006330,1791307571983,1791307576033,502,false,false,1502
vu-7492,44003959,1791307571978,1791307576033,502,false,false,1502
vu-3614,18015212,1791307571985,1791307576033,502,false,false,1502
vu-5644,30000860,1791307571980,1791307576033,502,false,false,1502
vu-926,01098862,1791307571984,1791307576033,502,false,false,1502
vu-2945,14006448,1791307571976,1791307576033,502,false,false,1502
vu-8375,50002963,1791307571981,1791307576033,502,false,false,1502
vu-8086,48022016,1791307571991,1791307576033,502,false,false,1502
vu-9262,56003634,1791307571987,1791307576033,502,false,false,1502
vu-8474,50013499,1791307571980,1791307576033,502,false,false,1502
vu-6689,38006466,1791307571971,1791307576033,502,false,false,1502
vu-2953,14007301,1791307571983,1791307576033,502,false,false,1502
vu-7993,48012069,1791307571986,1791307576033,502,false,false,1502
vu-1097,02008501,1791307571990,1791307576033,502,false,false,1502
vu-7083,41001602,1791307571987,1791307576033,502,false,false,1502
vu-516,01055087,1791307571980,1791307576033,502,false,false,1502
vu-3734,19006171,1791307571984,1791307576033,502,false,false,1502
vu-4615,26001221,1791307571982,1791307576033,502,false,false,1502
vu-9005,54004228,1791307571981,1791307576033,502,false,false,1502
vu-8817,53000534,1791307571975,1791307576033,502,false,false,1502
vu-7213,42001001,1791307571979,1791307576033,502,false,false,1502
vu-791,01084455,1791307571976,1791307576033,502,false,false,1502
vu-1336,02033901,1791307571981,1791307576033,502,false,false,1502
vu-5070,28015295,1791307571971,1791307576034,502,false,false,1502
vu-3591,18012764,1791307571971,1791307576034,502,false,false,1502
vu-8390,50004557,1791307571986,1791307576034,502,false,false,1502
vu-5324,29003652,1791307571973,1791307576034,502,false,false,1502
vu-3438,17014432,1791307571986,1791307576034,502,false,false,1502
vu-2351,07002929,1791307571985,1791307576034,502,false,false,1502
vu-6274,35001125,1791307571993,1791307576034,502,false,false,1502
vu-1634,02065912,1791307571982,1791307576034,502,false,false,1502
vu-6595,37015885,1791307571975,1791307576034,502,false,false,1502
vu-9959,64002810,1791307571978,1791307576034,502,false,false,1502
vu-673,01071860,1791307571980,1791307576034,502,false,false,1502
vu-9550,59001463,1791307571975,1791307576034,502,false,false,1502
vu-9261,56003528,1791307571981,1791307576034,502,false,false,1502
vu-3514,18004561,1791307571982,1791307576034,502,false,false,1502
vu-1374,02037937,1791307571978,1791307576034,502,false,false,1502
vu-8765,52007679,1791307571979,1791307576034,502,false,false,1502
vu-9768,61007604,1791307571978,1791307576034,502,false,false,1502
vu-867,01092575,1791307571973,1791307576034,502,false,false,1502
vu-102,01010839,1791307571969,1791307576035,502,false,false,1502
vu-7388,43004223,1791307571979,1791307576035,502,false,false,1502
vu-5151,28023927,1791307571976,1791307576035,502,false,false,1502
vu-2946,14006555,1791307571979,1791307576035,502,false,false,1502
vu-2147,04007166,1791307571989,1791307576035,502,false,false,1502
vu-5798,31000204,1791307571987,1791307576036,502,false,false,1502
vu-3142,15014824,1791307571990,1791307576036,502,false,false,1502
vu-4267,23005439,1791307571990,1791307576036,502,false,false,1502
vu-8607,51011164,1791307571973,1791307576036,502,false,false,1502
vu-9398,57005935,1791307571986,1791307576036,502,false,false,1502
vu-1183,02017644,1791307571986,1791307576036,502,false,false,1502
vu-8438,50009675,1791307571993,1791307576036,502,false,false,1502
vu-2122,04004492,1791307571965,1791307576037,200,true,false,
vu-9349,57000722,1791307571978,1791307576037,200,true,false,
vu-1572,02059316,1791307571985,1791307576037,502,false,false,1502
vu-319,01034061,1791307571976,1791307576038,502,false,false,1502
vu-1137,02012756,1791307571966,1791307576038,502,false,false,1502
vu-2775,12013829,1791307571978,1791307576038,502,false,false,1502
vu-9752,61005906,1791307571955,1791307576039,502,false,false,1502
vu-408,01043572,1791307571982,1791307576040,502,false,false,1502
vu-895,01095558,1791307571971,1791307576041,502,false,false,1502
vu-1182,02017538,1791307571988,1791307576041,502,false,false,1502
vu-8435,50009356,1791307571990,1791307576041,502,false,false,1502
vu-2787,12015107,1791307571976,1791307576041,502,false,false,1502
vu-4099,22003915,1791307571977,1791307576041,502,false,false,1502
vu-8906,53010014,1791307571978,1791307576041,502,false,false,1502
vu-1781,02081688,1791307571985,1791307576042,502,false,false,1502
vu-7027,40016558,1791307571983,1791307576042,502,false,false,1502
vu-8377,50003175,1791307571992,1791307576043,502,false,false,1502
vu-7942,48006608,1791307571984,1791307576043,502,false,false,1502
vu-2696,12005394,1791307571962,1791307576044,502,false,false,1502
vu-5180,28027026,1791307571984,1791307576046,502,false,false,1502
vu-3633,18017232,1791307571960,1791307576046,200,true,false,
vu-6580,37014286,1791307571968,1791307576047,502,false,false,1502
vu-2322,06005398,1791307571981,1791307576048,502,false,false,1502
vu-8050,48018170,1791307571953,1791307576049,502,false,false,1502
vu-9009,54004653,1791307571977,1791307576050,502,false,false,1502
vu-140,01014900,1791307571979,1791307576050,502,false,false,1502
vu-7313,42011662,1791307571950,1791307576051,200,true,false,
vu-2710,12006885,1791307571954,1791307576052,502,false,false,1502
vu-5814,31001916,1791307571956,1791307576053,502,false,false,1502
vu-1716,02074728,1791307571959,1791307576054,502,false,false,1502
vu-6424,36002702,1791307571959,1791307576054,502,false,false,1502
vu-5800,31000424,1791307571989,1791307576054,502,false,false,1502
vu-6308,35004744,1791307571955,1791307576054,502,false,false,1502
vu-7747,46009519,1791307571957,1791307576054,502,false,false,1502
vu-3087,15008952,1791307571959,1791307576054,502,false,false,1502
vu-2738,12009886,1791307571950,1791307576054,502,false,false,1502
vu-9923,63006679,1791307571959,1791307576054,502,false,false,1502
vu-3865,21002445,1791307571958,1791307576054,502,false,false,1502
vu-3152,15015892,1791307571974,1791307576054,502,false,false,1502
vu-2360,07003888,1791307571987,1791307576054,502,false,false,1502
vu-652,01069622,1791307571975,1791307576054,502,false,false,1502
vu-8296,49010369,1791307571982,1791307576054,502,false,false,1502
vu-1624,02064844,1791307571985,1791307576054,502,false,false,1502
vu-1397,02040384,1791307571947,1791307576054,502,false,false,1502
vu-4530,25013986,1791307571971,1791307576054,502,false,false,1502
vu-5992,33001260,1791307571955,1791307576054,502,false,false,1502
vu-2907,14002386,1791307571954,1791307576054,502,false,false,1502
vu-5747,30011838,1791307571984,1791307576054,502,false,false,1502
vu-5712,30008101,1791307571984,1791307576054,502,false,false,1502
vu-8998,54003485,1791307571950,1791307576054,502,false,false,1502
vu-5198,28028952,1791307571977,1791307576054,502,false,false,1502
vu-5896,31010647,1791307571983,1791307576054,502,false,false,1502
vu-7504,44005234,1791307571978,1791307576054,502,false,false,1502
vu-150,01015967,1791307571982,1791307576054,502,false,false,1502
vu-7086,41001926,1791307571985,1791307576054,502,false,false,1502
vu-5918,32001763,1791307571986,1791307576054,502,false,false,1502
vu-7092,41002564,1791307571959,1791307576054,502,false,false,1502
vu-7837,47008587,1791307571964,1791307576054,502,false,false,1502
vu-3696,19002116,1791307571979,1791307576054,502,false,false,1502
vu-4104,22004454,1791307571978,1791307576055,502,false,false,1502
vu-8948,53014481,1791307571983,1791307576055,502,false,false,1502
vu-9972,64004192,1791307571954,1791307576055,502,false,false,1502
vu-8790,52010336,1791307571974,1791307576055,502,false,false,1502
vu-2767,12012973,1791307571975,1791307576055,502,false,false,1502
vu-7426,43008266,1791307571981,1791307576055,502,false,false,1502
vu-5350,29006445,1791307571991,1791307576055,502,false,false,1502
vu-9718,61002273,1791307571983,1791307576055,502,false,false,1502
vu-9503,58006170,1791307571971,1791307576055,502,false,false,1502
vu-1991,03016164,1791307571968,1791307576055,502,false,false,1502
vu-6965,40009953,1791307571971,1791307576055,502,false,false,1502
vu-950,01101422,1791307571960,1791307576055,502,false,false,1502
vu-1202,02019663,1791307571980,1791307576055,502,false,false,1502
vu-9669,60003466,1791307571971,1791307576055,502,false,false,1502
vu-3578,18011378,1791307571972,1791307576055,502,false,false,1502
vu-467,01049862,1791307571981,1791307576055,502,false,false,1502
vu-2406,08004585,1791307571982,1791307576055,502,false,false,1502
vu-5656,30002139,1791307571993,1791307576055,502,false,false,1502
vu-2844,13004389,1791307571983,1791307576055,502,false,false,1502
vu-6331,35007192,1791307571962,1791307576055,502,false,false,1502
vu-8133,48027041,1791307571988,1791307576055,502,false,false,1502
vu-7822,47006990,1791307571963,1791307576055,502,false,false,1502
vu-4854,27004029,1791307571991,1791307576055,502,false,false,1502
vu-8388,50004344,1791307571984,1791307576055,502,false,false,1502
vu-8911,53010549,1791307571976,1791307576055,502,false,false,1502
vu-1602,02062507,1791307571982,1791307576055,502,false,false,1502
vu-9457,58001270,1791307571976,1791307576055,502,false,false,1502
vu-5872,31008093,1791307571979,1791307576055,502,false,false,1502
vu-8273,49007922,1791307571973,1791307576055,502,false,false,1502
vu-6702,38007851,1791307572001,1791307576055,502,false,false,1502
vu-1169,02016158,1791307571979,1791307576055,502,false,false,1502
vu-1841,03000147,1791307571975,1791307576055,502,false,false,1502
vu-4487,25009408,1791307571981,1791307576055,502,false,false,1502
vu-8940,53013632,1791307571980,1791307576055,502,false,false,1502
vu-5240,28033439,1791307571983,1791307576055,502,false,false,1502
vu-5188,28027882,1791307571954,1791307576055,502,false,false,1502
vu-3811,19014378,1791307571982,1791307576055,502,false,false,1502
vu-8903,53009691,1791307571991,1791307576055,502,false,false,1502
vu-5121,28020735,1791307571974,1791307576056,502,false,false,1502
vu-6161,34006449,1791307571988,1791307576056,502,false,false,1502
vu-1471,02048323,1791307571956,1791307576056,502,false,false,1502
vu-7648,45005292,1791307571983,1791307576056,502,false,false,1502
vu-2828,13002682,1791307571987,1791307576056,502,false,false,1502
vu-4479,25008557,1791307571952,1791307576056,502,false,false,1502
vu-2971,14009231,1791307571983,1791307576056,502,false,false,1502
vu-8017,48014636,1791307571982,1791307576056,502,false,false,1502
vu-6111,34001112,1791307571958,1791307576056,502,false,false,1502
vu-417,01044528,1791307571985,1791307576056,502,false,false,1502
vu-3154,15016106,1791307571973,1791307576056,502,false,false,1502
vu-5200,28029167,1791307571981,1791307576056,502,false,false,1502
vu-2708,12006670,1791307571955,1791307576056,502,false,false,1502
vu-5453,29017437,1791307571963,1791307576056,502,false,false,1502
vu-2462,09002169,1791307571957,1791307576056,502,false,false,1502
vu-9038,54007740,1791307571950,1791307576056,502,false,false,1502
vu-2471,09003130,1791307571982,1791307576056,502,false,false,1502
vu-9002,54003909,1791307571982,1791307576056,502,false,false,1502
vu-3357,17005768,1791307571992,1791307576056,502,false,false,1502
vu-7992,48011962,1791307571971,1791307576056,502,false,false,1502
vu-5253,28034821,1791307571973,1791307576056,502,false,false,1502
vu-6462,37001722,1791307571962,1791307576056,502,false,false,1502
vu-6250,34015992,1791307571992,1791307576056,502,false,false,1502
vu-9380,57004022,1791307571977,1791307576056,502,false,false,1502
vu-2315,06004650,1791307571983,1791307576056,502,false,false,1502
vu-9245,56001825,1791307571956,1791307576056,502,false,false,1502
vu-1685,02071424,1791307571984,1791307576056,502,false,false,1502
vu-8173,48031307,1791307571970,1791307576056,502,false,false,1502
vu-7858,47010821,1791307571973,1791307576056,502,false,false,1502
vu-9007,54004440,1791307571973,1791307576056,502,false,false,1502
vu-5739,30010985,1791307571961,1791307576056,502,false,false,1502
vu-7668,46001102,1791307571976,1791307576056,502,false,false,1502
vu-5381,29009758,1791307571965,1791307576056,502,false,false,1502
vu-1020,02000311,1791307571971,1791307576056,502,false,false,1502
vu-6975,40011024,1791307571991,1791307576056,502,false,false,1502
vu-7767,47001126,1791307571983,1791307576056,502,false,false,1502
vu-4635,26003368,1791307571965,1791307576056,502,false,false,1502
vu-8177,48031735,1791307571982,1791307576056,502,false,false,1502
vu-2288,06001743,1791307571987,1791307576056,502,false,false,1502
vu-1001,01106862,1791307571983,1791307576056,502,false,false,1502
vu-3485,18001466,1791307571949,1791307576056,502,false,false,1502
vu-908,01096947,1791307571954,1791307576056,502,false,false,1502
vu-6699,38007530,1791307571952,1791307576056,502,false,false,1502
vu-2005,03017661,1791307571966,1791307576056,502,false,false,1502
vu-6648,38002099,1791307571958,1791307576056,502,false,false,1502
vu-7113,41004803,1791307571981,1791307576056,502,false,false,1502
vu-5904,32000267,1791307571978,1791307576056,502,false,false,1502
vu-4733,26013832,1791307572001,1791307576056,502,false,false,1502
vu-1591,02061337,1791307571987,1791307576056,502,false,false,1502
vu-538,01057443,1791307571966,1791307576056,502,false,false,1502
vu-2984,14010622,1791307571975,1791307576057,502,false,false,1502
vu-9888,63002956,1791307571975,1791307576057,502,false,false,1502
vu-7261,42006123,1791307571984,1791307576057,502,false,false,1502
vu-7406,43006139,1791307571955,1791307576057,502,false,false,1502
vu-15,01001503,1791307571960,1791307576057,502,false,false,1502
vu-1972,03014138,1791307571967,1791307576057,502,false,false,1502
vu-1684,02071318,1791307571988,1791307576057,502,false,false,1502
vu-882,01094172,1791307571974,1791307576057,502,false,false,1502
vu-4033,21020337,1791307571977,1791307576057,502,false,false,1502
vu-635,01067809,1791307571962,1791307576057,502,false,false,1502
vu-2318,06004971,1791307571957,1791307576057,502,false,false,1502
vu-3034,15003289,1791307571964,1791307576057,502,false,false,1502
vu-5134,28022119,1791307571963,1791307576057,502,false,false,1502
vu-9405,57006679,1791307571981,1791307576057,502,false,false,1502
vu-204,01021760,1791307571985,1791307576057,502,false,false,1502
vu-1617,02064101,1791307571958,1791307576057,502,false,false,1502
vu-3470,17017865,1791307571981,1791307576057,502,false,false,1502
vu-2549,10002417,1791307571977,1791307576057,502,false,false,1502
vu-3539,18007220,1791307571967,1791307576057,502,false,false,1502
vu-7915,48003724,1791307571979,1791307576057,502,false,false,1502
vu-9094,54013695,1791307571977,1791307576057,502,false,false,1502
vu-7676,46001964,1791307571969,1791307576057,502,false,false,1502
vu-8680,51018932,1791307571982,1791307576057,502,false,false,1502
vu-4214,22016170,1791307571988,1791307576057,502,false,false,1502
vu-7547,44009803,1791307571953,1791307576057,502,false,false,1502
vu-5539,29026601,1791307571983,1791307576057,502,false,false,1502
vu-7806,47005287,1791307571957,1791307576057,502,false,false,1502
vu-7667,46000996,1791307571973,1791307576057,502,false,false,1502
vu-1310,02031139,1791307571979,1791307576057,502,false,false,1502
vu-3410,17011444,1791307571988,1791307576057,502,false,false,1502
vu-332,01035461,1791307571983,1791307576057,502,false,false,1502
vu-6293,35003150,1791307571957,1791307576057,502,false,false,1502
vu-1168,02016052,1791307571975,1791307576057,502,false,false,1502
vu-5132,28021907,1791307571977,1791307576057,502,false,false,1502
vu-7273,42007403,1791307571986,1791307576057,502,false,false,1502
vu-9269,56004379,1791307571980,1791307576057,502,false,false,1502
vu-8619,51012439,1791307571979,1791307576057,502,false,false,1502
vu-3095,15009805,1791307571985,1791307576057,502,false,false,1502
vu-6185,34009014,1791307571957,1791307576057,502,false,false,1502
vu-6705,38008170,1791307571973,1791307576057,502,false,false,1502
vu-9238,56001082,1791307571978,1791307576057,502,false,false,1502
vu-5105,28019030,1791307571973,1791307576058,502,false,false,1502
vu-5068,28015082,1791307571961,1791307576058,502,false,false,1502
vu-7712,46005795,1791307571978,1791307576058,502,false,false,1502
vu-3793,19012459,1791307571954,1791307576058,502,false,false,1502
vu-732,01078158,1791307572001,1791307576058,502,false,false,1502
vu-1610,02063358,1791307571985,1791307576058,502,false,false,1502
vu-2508,09007068,1791307571958,1791307576058,502,false,false,1502
vu-4838,27002317,1791307572001,1791307576058,502,false,false,1502
vu-8034,48016459,1791307571964,1791307576058,502,false,false,1502
vu-180,01019201,1791307572001,1791307576058,200,true,false,
vu-9709,61001316,1791307571952,1791307576058,502,false,false,1502
vu-6795,39002505,1791307571965,1791307576058,502,false,false,1502
vu-9022,54006038,1791307571952,1791307576058,502,false,false,1502
vu-8528,51002757,1791307571961,1791307576058,502,false,false,1502
vu-1010,01107821,1791307571984,1791307576058,502,false,false,1502
vu-828,01088406,1791307571953,1791307576058,502,false,false,1502
vu-862,01092043,1791307571976,1791307576058,502,false,false,1502
vu-5362,29007735,1791307571948,1791307576059,200,true,false,
vu-8794,52010761,1791307571957,1791307576059,200,true,false,
vu-9486,58004364,1791307571956,1791307576059,502,false,false,1502
vu-3967,21013300,1791307571952,1791307576059,502,false,false,1502
vu-3809,19014165,1791307571958,1791307576059,502,false,false,1502
vu-8562,51006373,1791307571962,1791307576060,502,false,false,1502
vu-438,01046765,1791307571952,1791307576061,502,false,false,1502
vu-239,01025501,1791307571971,1791307576063,502,false,false,1502
vu-3740,19006809,1791307571988,1791307576063,502,false,false,1502
vu-6663,38003698,1791307571975,1791307576063,502,false,false,1502
vu-6984,40011982,1791307571987,1791307576064,502,false,false,1502
vu-2941,14006020,1791307571981,1791307576064,502,false,false,1502
vu-7217,42001430,1791307571956,1791307576064,502,false,false,1502
vu-2959,14007946,1791307571981,1791307576064,502,false,false,1502
vu-6227,34013536,1791307571967,1791307576064,502,false,false,1502
vu-7518,44006722,1791307571951,1791307576064,502,false,false,1502
vu-3398,17010165,1791307571964,1791307576064,502,false,false,1502
vu-1320,02032200,1791307571984,1791307576064,502,false,false,1502
vu-8915,53010973,1791307571978,1791307576064,502,false,false,1502
vu-1973,03014244,1791307571956,1791307576064,502,false,false,1502
vu-1611,02063464,1791307571981,1791307576065,502,false,false,1502
vu-9802,62001038,1791307571979,1791307576064,502,false,false,1502
vu-8936,53013207,1791307571978,1791307576065,502,false,false,1502
vu-8667,51017549,1791307571958,1791307576065,502,false,false,1502
vu-4541,25015155,1791307571963,1791307576065,502,false,false,1502
vu-5337,29005055,1791307571976,1791307576065,502,false,false,1502
vu-2398,08003731,1791307571983,1791307576065,502,false,false,1502
vu-4515,25012388,1791307571953,1791307576065,502,false,false,1502
vu-1502,02051684,1791307571956,1791307576065,502,false,false,1502
vu-5212,28030448,1791307571958,1791307576065,502,false,false,1502
vu-5612,29034402,1791307571955,1791307576065,502,false,false,1502
vu-8685,51019463,1791307571967,1791307576065,502,false,false,1502
vu-1263,02026147,1791307571959,1791307576065,502,false,false,1502
vu-1627,02065166,1791307571951,1791307576065,502,false,false,1502
vu-5826,31003198,1791307571953,1791307576065,502,false,false,1502
vu-6730,38010827,1791307571965,1791307576065,502,false,false,1502
vu-9998,64006968,1791307571964,1791307576065,502,false,false,1502
vu-8654,51016166,1791307571966,1791307576065,502,false,false,1502
vu-3900,21006167,1791307571953,1791307576065,502,false,false,1502
vu-5313,29002465,1791307571954,1791307576065,502,false,false,1502
vu-6971,40010593,1791307571968,1791307576065,502,false,false,1502
vu-6276,35001340,1791307571955,1791307576065,502,false,false,1502
vu-6766,38014655,1791307571952,1791307576065,502,false,false,1502
vu-5839,31004579,1791307571949,1791307576066,502,false,false,1502
vu-7345,42015070,1791307571952,1791307576066,502,false,false,1502
vu-1994,03016483,1791307571957,1791307576066,502,false,false,1502
vu-805,01085951,1791307571952,1791307576066,502,false,false,1502
vu-499,01053277,1791307571962,1791307576066,502,false,false,1502
vu-6262,34017271,1791307571958,1791307576066,502,false,false,1502
vu-9772,61008030,1791307571957,1791307576066,502,false,false,1502
vu-6079,33010549,1791307571953,1791307576066,502,false,false,1502
vu-2942,14006129,1791307571960,1791307576066,502,false,false,1502
vu-6803,39003358,1791307571966,1791307576066,502,false,false,1502
vu-9164,55006088,1791307571948,1791307576066,502,false,false,1502
vu-3797,19012884,1791307571955,1791307576066,502,false,false,1502
vu-4703,26010635,1791307572001,1791307576066,502,false,false,1502
vu-8999,54003591,1791307571953,1791307576066,502,false,false,1502
vu-4141,22008395,1791307571950,1791307576066,502,false,false,1502
vu-4652,26005176,1791307571964,1791307576066,502,false,false,1502
vu-3672,18021396,1791307571967,1791307576066,502,false,false,1502
vu-6066,33009164,1791307571961,1791307576066,502,false,false,1502
vu-3484,18001360,1791307571952,1791307576066,502,false,false,1502
vu-7584,44013736,1791307572001,1791307576066,502,false,false,1502
vu-527,01056258,1791307571964,1791307576066,502,false,false,1502
vu-5260,28035568,1791307571948,1791307576066,502,false,false,1502
vu-3541,18007434,1791307571959,1791307576066,502,false,false,1502
vu-6873,40000155,1791307572001,1791307576066,502,false,false,1502
vu-1939,03010612,1791307571961,1791307576066,502,false,false,1502
vu-131,01013923,1791307571959,1791307576066,502,false,false,1502
vu-6042,33006604,1791307571964,1791307576066,502,false,false,1502
vu-3863,21002232,1791307571961,1791307576067,502,false,false,1502
vu-6878,40000687,1791307571953,1791307576066,502,false,false,1502
vu-6398,35014325,1791307571961,1791307576067,502,false,false,1502
vu-6376,35011983,1791307571962,1791307576067,502,false,false,1502
vu-5988,33000831,1791307572000,1791307576067,502,false,false,1502
vu-4607,26000365,1791307571959,1791307576067,502,false,false,1502
vu-4592,25020582,1791307572001,1791307576067,502,false,false,1502
vu-1495,02050932,1791307572001,1791307576067,502,false,false,1502
vu-356,01038022,1791307571960,1791307576067,502,false,false,1502
vu-3223,16006976,1791307571961,1791307576067,200,true,false,
vu-6332,35007300,1791307571960,1791307576067,502,false,false,1502
vu-3929,21009258,1791307571957,1791307576067,502,false,false,1502
vu-6508,37006620,1791307571960,1791307576067,502,false,false,1502
vu-6995,40013150,1791307571957,1791307576067,502,false,false,1502
vu-9580,59004660,1791307571958,1791307576067,502,false,false,1502
vu-4643,26004219,1791307571957,1791307576067,502,false,false,1502
vu-3867,21002657,1791307571964,1791307576067,502,false,false,1502
vu-1184,02017750,1791307571960,1791307576067,502,false,false,1502
vu-7331,42013575,1791307571954,1791307576067,502,false,false,1502
vu-412,01043996,1791307571956,1791307576067,502,false,false,1502
vu-4637,26003581,1791307571952,1791307576067,502,false,false,1502
vu-3135,15014074,1791307571957,1791307576067,502,false,false,1502
vu-4265,23005226,1791307571954,1791307576067,502,false,false,1502
vu-1427,02043599,1791307572001,1791307576068,502,false,false,1502
vu-8095,48022979,1791307571952,1791307576068,502,false,false,1502
vu-4240,23002553,1791307571959,1791307576068,502,false,false,1502
vu-3359,17005984,1791307571960,1791307576068,502,false,false,1502
vu-7352,43000386,1791307571957,1791307576068,502,false,false,1502
vu-183,01019520,1791307571967,1791307576069,502,false,false,1502
vu-4473,25007916,1791307571959,1791307576070,502,false,false,1502
vu-9811,62002006,1791307571952,1791307576071,502,false,false,1502
vu-9929,63007319,1791307571960,1791307576071,200,true,false,
vu-3581,18011698,1791307571956,1791307576071,502,false,false,1502
vu-3784,19011497,1791307571991,1791307576073,502,false,false,1502
vu-3574,18010947,1791307571980,1791307576073,502,false,false,1502
vu-2493,09005472,1791307571980,1791307576073,502,false,false,1502
vu-274,01029259,1791307571959,1791307576074,502,false,false,1502
vu-6644,38001674,1791307571967,1791307576074,502,false,false,1502
vu-5653,30001821,1791307571957,1791307576076,502,false,false,1502
vu-5555,29028305,1791307571981,1791307576076,502,false,false,1502
vu-40,01004184,1791307572001,1791307576078,502,false,false,1502
vu-919,01098117,1791307571962,1791307576078,502,false,false,1502
vu-8387,50004237,1791307571986,1791307576078,200,true,false,
vu-155,01016504,1791307571986,1791307576078,502,false,false,1502
vu-4558,25016967,1791307571958,1791307576078,502,false,false,1502
vu-7004,40014107,1791307571954,1791307576079,502,false,false,1502
vu-5191,28028201,1791307571955,1791307576079,502,false,false,1502
vu-3273,16012303,1791307571951,1791307576082,502,false,false,1502
vu-5476,29019891,1791307571964,1791307576083,200,true,false,
vu-8952,53014907,1791307571956,1791307576083,502,false,false,1502
vu-626,01066852,1791307571964,1791307576084,502,false,false,1502
vu-9440,57010400,1791307571959,1791307576086,502,false,false,1502
vu-5641,30000542,1791307571978,1791307576087,200,true,false,
vu-7107,41004165,1791307571955,1791307576087,502,false,false,1502
vu-9294,56007035,1791307571974,1791307576088,200,true,false,
vu-9720,61002486,1791307571949,1791307576088,502,false,false,1502
vu-9351,57000934,1791307571977,1791307576088,200,true,false,
vu-8549,51004991,1791307571964,1791307576088,502,false,false,1502
vu-840,01089689,1791307571958,1791307576088,502,false,false,1502
vu-3747,19007553,1791307571955,1791307576089,502,false,false,1502
vu-1181,02017432,1791307571963,1791307576090,502,false,false,1502
vu-3798,19012990,1791307571956,1791307576090,200,true,false,
vu-3858,21001699,1791307571955,1791307576090,502,false,false,1502
vu-8947,53014375,1791307571954,1791307576091,502,false,false,1502
vu-2518,09008137,1791307571981,1791307576091,502,false,false,1502
vu-5692,30005974,1791307571988,1791307576092,200,true,false,
vu-4323,24001550,1791307571953,1791307576095,502,false,false,1502
vu-8945,53014163,1791307571982,1791307576096,502,false,false,1502
vu-5890,31010010,1791307571980,1791307576096,502,false,false,1502
vu-3582,18011807,1791307571989,1791307576096,502,false,false,1502
vu-1756,02079001,1791307571986,1791307576096,502,false,false,1502
vu-197,01021014,1791307571950,1791307576096,502,false,false,1502
vu-8503,51000088,1791307571986,1791307576096,502,false,false,1502
vu-9367,57002641,1791307571966,1791307576096,502,false,false,1502
vu-2301,06003136,1791307571960,1791307576096,502,false,false,1502
vu-7110,41004484,1791307571985,1791307576096,502,false,false,1502
vu-2861,13006203,1791307571983,1791307576096,502,false,false,1502
vu-9787,61009622,1791307571955,1791307576096,502,false,false,1502
vu-1778,02081367,1791307571987,1791307576096,502,false,false,1502
vu-796,01084989,1791307571962,1791307576096,502,false,false,1502
vu-7471,44001713,1791307571986,1791307576096,502,false,false,1502
vu-556,01059390,1791307571987,1791307576096,502,false,false,1502
vu-8341,49015155,1791307571984,1791307576097,502,false,false,1502
vu-6898,40002819,1791307571966,1791307576096,502,false,false,1502
vu-8009,48013780,1791307571982,1791307576097,502,false,false,1502
vu-4480,25008663,1791307571964,1791307576097,502,false,false,1502
vu-3116,15012047,1791307571993,1791307576097,502,false,false,1502
vu-9326,56010438,1791307571981,1791307576097,502,false,false,1502
vu-7929,48005218,1791307571982,1791307576097,502,false,false,1502
vu-7748,46009625,1791307571974,1791307576097,502,false,false,1502
vu-2849,13004925,1791307571960,1791307576097,502,false,false,1502
vu-8185,48032590,1791307571988,1791307576097,502,false,false,1502
vu-6064,33008951,1791307571993,1791307576097,502,false,false,1502
vu-6222,34013005,1791307571983,1791307576097,502,false,false,1502
vu-6230,34013856,1791307571992,1791307576097,502,false,false,1502
vu-5953,32005498,1791307571992,1791307576097,502,false,false,1502
vu-4330,24002296,1791307571986,1791307576097,502,false,false,1502
vu-8089,48022338,1791307571986,1791307576097,502,false,false,1502
vu-2778,12014147,1791307571973,1791307576097,502,false,false,1502
vu-5478,29020104,1791307571995,1791307576097,502,false,false,1502
vu-6506,37006408,1791307571957,1791307576097,502,false,false,1502
vu-8121,48025760,1791307571986,1791307576097,502,false,false,1502
vu-1817,02085519,1791307571947,1791307576097,502,false,false,1502
vu-815,01087021,1791307571968,1791307576097,502,false,false,1502
vu-9226,55012690,1791307571983,1791307576097,502,false,false,1502
vu-7592,44014585,1791307571967,1791307576097,502,false,false,1502
vu-2405,08004478,1791307571985,1791307576097,502,false,false,1502
vu-1153,02014456,1791307571981,1791307576098,502,false,false,1502
vu-2702,12006032,1791307571961,1791307576098,502,false,false,1502
vu-8748,52005871,1791307571980,1791307576098,502,false,false,1502
vu-7481,44002778,1791307571981,1791307576098,502,false,false,1502
vu-7305,42010810,1791307571974,1791307576098,502,false,false,1502
vu-1559,02057905,1791307571983,1791307576098,502,false,false,1502
vu-3808,19014058,1791307571961,1791307576098,502,false,false,1502
vu-7082,41001496,1791307571983,1791307576098,502,false,false,1502
vu-951,01101528,1791307571968,1791307576098,502,false,false,1502
vu-6973,40010807,1791307571976,1791307576098,502,false,false,1502
vu-3187,16003143,1791307571956,1791307576098,502,false,false,1502
vu-4450,25005472,1791307571958,1791307576098,502,false,false,1502
vu-6196,34010193,1791307571981,1791307576098,502,false,false,1502
vu-687,01073351,1791307571980,1791307576098,502,false,false,1502
vu-589,01062915,1791307571988,1791307576098,502,false,false,1502
vu-8726,52003522,1791307571980,1791307576098,502,false,false,1502
vu-7441,43009863,1791307571985,1791307576098,502,false,false,1502
vu-7861,47011139,1791307571984,1791307576098,502,false,false,1502
vu-2540,10001455,1791307571961,1791307576099,502,false,false,1502
vu-5405,29012319,1791307571976,1791307576099,502,false,false,1502
vu-8473,50013393,1791307571985,1791307576099,502,false,false,1502
vu-8472,50013287,1791307571987,1791307576099,502,false,false,1502
vu-3227,16007403,1791307571984,1791307576099,502,false,false,1502
vu-4101,22004130,1791307571988,1791307576099,502,false,false,1502
vu-7097,41003097,1791307571984,1791307576099,502,false,false,1502
vu-5257,28035246,1791307571963,1791307576099,502,false,false,1502
vu-3012,15000943,1791307571967,1791307576099,502,false,false,1502
vu-8204,49000579,1791307571992,1791307576099,502,false,false,1502
vu-4132,22007440,1791307571959,1791307576099,502,false,false,1502
vu-6947,40008034,1791307571970,1791307576099,502,false,false,1502
vu-5648,30001286,1791307571986,1791307576099,502,false,false,1502
vu-5824,31002984,1791307571992,1791307576099,502,false,false,1502
vu-4279,23006718,1791307571991,1791307576099,502,false,false,1502
vu-2841,13004067,1791307571983,1791307576099,502,false,false,1502
vu-8223,49002600,1791307571985,1791307576099,502,false,false,1502
vu-2793,12015746,1791307571981,1791307576099,502,false,false,1502
vu-1656,02068313,1791307571987,1791307576099,502,false,false,1502
vu-9278,56005334,1791307571977,1791307576099,502,false,false,1502
vu-670,01071541,1791307571978,1791307576099,502,false,false,1502
vu-8439,50009781,1791307571985,1791307576099,502,false,false,1502
vu-3373,17007490,1791307571997,1791307576099,502,false,false,1502
vu-9483,58004043,1791307571979,1791307576099,502,false,false,1502
vu-850,01090759,1791307571972,1791307576099,502,false,false,1502
vu-3111,15011514,1791307571990,1791307576099,502,false,false,1502
vu-5867,31007561,1791307571980,1791307576100,502,false,false,1502
vu-416,01044422,1791307571988,1791307576100,502,false,false,1502
vu-6780,39000904,1791307571986,1791307576100,502,false,false,1502
vu-3491,18002103,1791307571987,1791307576100,502,false,false,1502
vu-8845,53003514,1791307571971,1791307576100,502,false,false,1502
vu-3062,15006283,1791307571989,1791307576100,502,false,false,1502
vu-2010,03018197,1791307571980,1791307576100,502,false,false,1502
vu-958,01102277,1791307571984,1791307576100,502,false,false,1502
vu-8093,48022764,1791307571971,1791307576100,502,false,false,1502
vu-3106,15010980,1791307571987,1791307576100,502,false,false,1502
vu-934,01099723,1791307571990,1791307576100,502,false,false,1502
vu-7746,46009413,1791307571978,1791307576101,502,false,false,1502
vu-9354,57001253,1791307571977,1791307576101,502,false,false,1502
vu-4455,25006002,1791307571984,1791307576101,502,false,false,1502
vu-5682,30004906,1791307571982,1791307576101,502,false,false,1502
vu-8548,51004885,1791307571965,1791307576103,200,true,false,
vu-2473,09003343,1791307571956,1791307576104,502,false,false,1502
vu-1131,02012118,1791307571987,1791307576105,502,false,false,1502
vu-3701,19002650,1791307571972,1791307576106,502,false,false,1502
vu-2272,06000038,1791307571985,1791307576106,502,false,false,1502
vu-6217,34012470,1791307571953,1791307576106,502,false,false,1502
vu-5295,29000541,1791307571957,1791307576106,502,false,false,1502
vu-7554,44010546,1791307571981,1791307576106,502,false,false,1502
vu-6087,33011401,1791307571962,1791307576106,502,false,false,1502
vu-8862,53005327,1791307571974,1791307576106,502,false,false,1502
vu-2718,12007737,1791307571961,1791307576106,502,false,false,1502
vu-9795,62000292,1791307571962,1791307576106,502,false,false,1502
vu-2182,04010950,1791307571966,1791307576106,502,false,false,1502
vu-402,01042934,1791307571981,1791307576106,502,false,false,1502
vu-1705,02073555,1791307571985,1791307576106,502,false,false,1502
vu-551,01058854,1791307571979,1791307576107,502,false,false,1502
vu-6311,35005062,1791307571990,1791307576107,502,false,false,1502
vu-8232,49003558,1791307571989,1791307576107,502,false,false,1502
vu-4535,25014518,1791307571962,1791307576107,502,false,false,1502
vu-9232,56000442,1791307571984,1791307576107,502,false,false,1502
vu-301,01032147,1791307571969,1791307576107,502,false,false,1502
vu-3200,16004524,1791307571992,1791307576107,502,false,false,1502
vu-6418,36002063,1791307571986,1791307576107,502,false,false,1502
vu-4338,24003150,1791307571993,1791307576107,502,false,false,1502
vu-4895,27008394,1791307571988,1791307576107,502,false,false,1502
vu-1687,02071636,1791307571954,1791307576107,502,false,false,1502
vu-5879,31008838,1791307571959,1791307576107,502,false,false,1502
vu-8288,49009520,1791307571980,1791307576107,502,false,false,1502
vu-6833,39006563,1791307571983,1791307576107,502,false,false,1502
vu-7905,48002656,1791307571986,1791307576107,502,false,false,1502
vu-7782,47002731,1791307571957,1791307576107,502,false,false,1502
vu-9224,55012477,1791307571979,1791307576107,502,false,false,1502
vu-1083,02007014,1791307571989,1791307576107,502,false,false,1502
vu-5706,30007462,1791307571983,1791307576107,502,false,false,1502
vu-7594,44014798,1791307571980,1791307576107,502,false,false,1502
vu-3316,17001374,1791307571963,1791307576107,502,false,false,1502
vu-401,01042827,1791307571952,1791307576107,502,false,false,1502
vu-918,01098011,1791307571985,1791307576107,502,false,false,1502
vu-6931,40006334,1791307571986,1791307576107,502,false,false,1502
vu-3968,21013406,1791307571958,1791307576107,502,false,false,1502
vu-1033,02001691,1791307571968,1791307576107,502,false,false,1502
vu-5830,31003623,1791307571960,1791307576107,502,false,false,1502
vu-1576,02059742,1791307571992,1791307576107,502,false,false,1502
vu-955,01101954,1791307571951,1791307576107,502,false,false,1502
vu-6675,38004975,1791307571950,1791307576107,502,false,false,1502
vu-8676,51018506,1791307571983,1791307576107,502,false,false,1502
vu-3326,17002439,1791307571983,1791307576107,502,false,false,1502
vu-5825,31003091,1791307571963,1791307576107,502,false,false,1502
vu-4867,27005414,1791307571988,1791307576107,502,false,false,1502
vu-6322,35006231,1791307571987,1791307576107,502,false,false,1502
vu-4937,28001072,1791307571960,1791307576107,502,false,false,1502
vu-8454,50011376,1791307571986,1791307576107,502,false,false,1502
vu-4793,26020242,1791307571968,1791307576107,502,false,false,1502
vu-6030,33005325,1791307571961,1791307576107,502,false,false,1502
vu-79,01008370,1791307571959,1791307576107,502,false,false,1502
vu-8825,53001385,1791307571991,1791307576107,502,false,false,1502
vu-5766,30013861,1791307571995,1791307576107,502,false,false,1502
vu-6307,35004638,1791307571962,1791307576108,502,false,false,1502
vu-7820,47006777,1791307571975,1791307576108,502,false,false,1502
vu-1000,01106756,1791307571980,1791307576108,502,false,false,1502
vu-7026,40016452,1791307571983,1791307576108,502,false,false,1502
vu-9825,62003501,1791307571973,1791307576108,502,false,false,1502
vu-5954,32005605,1791307571955,1791307576108,502,false,false,1502
vu-9347,57000510,1791307571979,1791307576108,502,false,false,1502
vu-605,01064619,1791307571992,1791307576108,502,false,false,1502
vu-8423,50008080,1791307571993,1791307576108,502,false,false,1502
vu-8628,51013396,1791307571969,1791307576108,502,false,false,1502
vu-9299,56007567,1791307571968,1791307576108,502,false,false,1502
vu-2472,09003236,1791307571976,1791307576108,502,false,false,1502
vu-5443,29016371,1791307571981,1791307576108,502,false,false,1502
vu-8213,49001538,1791307571951,1791307576108,502,false,false,1502
vu-776,01082860,1791307571956,1791307576109,502,false,false,1502
vu-1586,02060806,1791307571987,1791307576109,502,false,false,1502
vu-9173,55007045,1791307571959,1791307576109,502,false,false,1502
vu-5792,30016645,1791307571955,1791307576109,502,false,false,1502
vu-8739,52004914,1791307571982,1791307576109,502,false,false,1502
vu-4370,24006552,1791307571967,1791307576109,502,false,false,1502
vu-5754,30012584,1791307571968,1791307576109,502,false,false,1502
vu-7265,42006550,1791307571985,1791307576109,502,false,false,1502
vu-9600,59006789,1791307571977,1791307576109,502,false,false,1502
vu-3612,18014999,1791307571986,1791307576109,502,false,false,1502
vu-7472,44001820,1791307571986,1791307576109,502,false,false,1502
vu-8304,49011219,1791307571987,1791307576109,502,false,false,1502
vu-2930,14004847,1791307571994,1791307576109,502,false,false,1502
vu-6431,36003448,1791307571990,1791307576109,502,false,false,1502
vu-2290,06001956,1791307571985,1791307576109,502,false,false,1502
vu-2101,04002238,1791307571953,1791307576109,502,false,false,1502
vu-5249,28034397,1791307571995,1791307576109,502,false,false,1502
vu-1470,02048217,1791307571976,1791307576109,502,false,false,1502
vu-619,01066109,1791307571993,1791307576109,502,false,false,1502
vu-7415,43007095,1791307571981,1791307576109,502,false,false,1502
vu-7916,48003831,1791307571961,1791307576109,502,false,false,1502
vu-3768,19009793,1791307571953,1791307576109,502,false,false,1502
vu-3693,19001797,1791307571989,1791307576109,502,false,false,1502
vu-3812,19014484,1791307571964,1791307576110,502,false,false,1502
vu-6366,35010921,1791307571991,1791307576110,502,false,false,1502
vu-9000,54003697,1791307571956,1791307576110,502,false,false,1502
vu-7115,41005016,1791307571987,1791307576110,502,false,false,1502
vu-1748,02078129,1791307571986,1791307576110,502,false,false,1502
vu-8670,51017869,1791307571990,1791307576110,502,false,false,1502
vu-7000,40013681,1791307571982,1791307576110,502,false,false,1502
vu-5986,33000616,1791307571971,1791307576110,502,false,false,1502
vu-9556,59002100,1791307571982,1791307576110,502,false,false,1502
vu-4574,25018670,1791307571956,1791307576110,502,false,false,1502
vu-7952,48007673,1791307571987,1791307576110,502,false,false,1502
vu-6320,35006019,1791307571988,1791307576110,502,false,false,1502
vu-1990,03016057,1791307571983,1791307576110,502,false,false,1502
vu-2151,04007615,1791307571987,1791307576110,502,false,false,1502
vu-3631,18017019,1791307571958,1791307576110,502,false,false,1502
vu-3922,21008512,1791307571994,1791307576110,502,false,false,1502
vu-1151,02014242,1791307571983,1791307576110,502,false,false,1502
vu-2395,08003412,1791307571985,1791307576110,502,false,false,1502
vu-8481,50014244,1791307571983,1791307576110,502,false,false,1502
vu-8659,51016699,1791307571990,1791307576110,502,false,false,1502
vu-7255,42005485,1791307572001,1791307576110,502,false,false,1502
vu-8590,51009356,1791307571956,1791307576110,502,false,false,1502
vu-6797,39002717,1791307571983,1791307576110,502,false,false,1502
vu-6961,40009526,1791307571978,1791307576110,502,false,false,1502
vu-2413,08005334,1791307571982,1791307576110,502,false,false,1502
vu-8414,50007108,1791307571982,1791307576111,502,false,false,1502
vu-5804,31000852,1791307571985,1791307576111,502,false,false,1502
vu-1686,02071530,1791307571988,1791307576111,502,false,false,1502
vu-9578,59004448,1791307571980,1791307576111,502,false,false,1502
vu-4844,27002961,1791307571988,1791307576111,502,false,false,1502
vu-6164,34006768,1791307571989,1791307576111,502,false,false,1502
vu-9754,61006118,1791307571985,1791307576111,502,false,false,1502
vu-4545,25015584,1791307571970,1791307576111,502,false,false,1502
vu-2819,13001726,1791307571985,1791307576112,502,false,false,1502
vu-947,01101103,1791307571987,1791307576112,502,false,false,1502
vu-5441,29016159,1791307571968,1791307576112,200,true,false,
vu-8360,50001369,1791307571983,1791307576112,502,false,false,1502
vu-7661,46000353,1791307571974,1791307576114,500,false,false,1500
vu-4340,24003363,1791307571990,1791307576114,502,false,false,1502
vu-9799,62000718,1791307571965,1791307576114,200,true,false,
vu-5989,33000939,1791307571961,1791307576115,502,false,false,1502
vu-7557,44010864,1791307571960,1791307576115,502,false,false,1502
vu-6278,35001553,1791307571959,1791307576115,502,false,false,1502
vu-8838,53002770,1791307571966,1791307576115,502,false,false,1502
vu-485,01051782,1791307571974,1791307576115,502,false,false,1502
vu-6335,35007620,1791307571961,1791307576115,502,false,false,1502
vu-8564,51006585,1791307571952,1791307576115,502,false,false,1502
vu-466,01049755,1791307571953,1791307576115,502,false,false,1502
vu-9138,55003313,1791307571967,1791307576115,502,false,false,1502
vu-7055,40019539,1791307571961,1791307576115,502,false,false,1502
vu-5581,29031083,1791307571983,1791307576115,502,false,false,1502
vu-8052,48018385,1791307571988,1791307576115,502,false,false,1502
vu-7702,46004732,1791307571980,1791307576116,502,false,false,1502
vu-7990,48011748,1791307571964,1791307576116,502,false,false,1502
vu-584,01062380,1791307571988,1791307576116,502,false,false,1502
vu-1916,03008156,1791307571962,1791307576116,502,false,false,1502
vu-472,01050396,1791307571974,1791307576116,502,false,false,1502
vu-9614,59008280,1791307571968,1791307576116,502,false,false,1502
vu-5307,29001825,1791307571969,1791307576116,502,false,false,1502
vu-5713,30008208,1791307571986,1791307576116,502,false,false,1502
vu-5691,30005868,1791307571964,1791307576116,502,false,false,1502
vu-3751,19007978,1791307571981,1791307576116,502,false,false,1502
vu-6363,35010603,1791307571964,1791307576116,502,false,false,1502
vu-2826,13002470,1791307571987,1791307576116,502,false,false,1502
vu-7061,40020179,1791307571956,1791307576116,502,false,false,1502
vu-5256,28035140,1791307571988,1791307576116,502,false,false,1502
vu-2674,12003047,1791307571954,1791307576116,502,false,false,1502
vu-9519,58007871,1791307571961,1791307576116,502,false,false,1502
vu-3416,17012084,1791307571991,1791307576116,502,false,false,1502
vu-2892,14000785,1791307571995,1791307576116,502,false,false,1502
vu-985,01105153,1791307571960,1791307576116,502,false,false,1502
vu-4633,26003155,1791307571987,1791307576116,502,false,false,1502
vu-793,01084668,1791307571956,1791307576116,502,false,false,1502
vu-7335,42014007,1791307571969,1791307576116,502,false,false,1502
vu-1128,02011799,1791307571954,1791307576116,502,false,false,1502
vu-8292,49009944,1791307571983,1791307576116,502,false,false,1502
vu-7903,48002442,1791307571985,1791307576116,502,false,false,1502
vu-5160,28024889,1791307571960,1791307576116,502,false,false,1502
vu-9531,58009146,1791307571971,1791307576116,502,false,false,1502
vu-387,01041332,1791307572001,1791307576116,502,false,false,1502
vu-5319,29003110,1791307571963,1791307576116,502,false,false,1502
vu-9594,59006149,1791307571965,1791307576116,502,false,false,1502
vu-4736,26014152,1791307571986,1791307576116,502,false,false,1502
vu-493,01052634,1791307571964,1791307576116,502,false,false,1502
vu-1713,02074408,1791307571985,1791307576116,502,false,false,1502
vu-8747,52005764,1791307571949,1791307576116,502,false,false,1502
vu-8310,49011863,1791307571987,1791307576116,502,false,false,1502
vu-3908,21007018,1791307571962,1791307576116,502,false,false,1502
vu-3486,18001572,1791307571979,1791307576116,502,false,false,1502
vu-5930,32003044,1791307571959,1791307576116,502,false,false,1502
vu-278,01029686,1791307571970,1791307576116,502,false,false,1502
vu-4629,26002725,1791307571961,1791307576116,502,false,false,1502
vu-4811,26022163,1791307571963,1791307576116,502,false,false,1502
vu-2851,13005138,1791307571956,1791307576116,502,false,false,1502
vu-4704,26010741,1791307571964,1791307576116,502,false,false,1502
vu-174,01018557,1791307571983,1791307576116,502,false,false,1502
vu-5770,30014290,1791307571965,1791307576117,502,false,false,1502
vu-7692,46003665,1791307571969,1791307576117,502,false,false,1502
vu-7450,43010822,1791307571983,1791307576117,502,false,false,1502
vu-6652,38002525,1791307571980,1791307576117,502,false,false,1502
vu-170,01018127,1791307571982,1791307576117,502,false,false,1502
vu-9683,60004958,1791307571982,1791307576117,502,false,false,1502
vu-1889,03005263,1791307571964,1791307576117,502,false,false,1502
vu-348,01037166,1791307571979,1791307576117,502,false,false,1502
vu-2773,12013616,1791307571977,1791307576117,502,false,false,1502
vu-693,01073989,1791307571976,1791307576117,502,false,false,1502
vu-251,01026790,1791307571954,1791307576117,502,false,false,1502
vu-5088,28017211,1791307571966,1791307576117,502,false,false,1502
vu-1582,02060381,1791307571986,1791307576117,502,false,false,1502
vu-4420,25002274,1791307571971,1791307576117,502,false,false,1502
vu-3474,18000292,1791307571990,1791307576117,502,false,false,1502
vu-1500,02051467,1791307571961,1791307576117,502,false,false,1502
vu-9621,59009025,1791307571989,1791307576117,502,false,false,1502
vu-6252,34016205,1791307571993,1791307576117,502,false,false,1502
vu-4353,24004746,1791307571980,1791307576117,502,false,false,1502
vu-5527,29025321,1791307571957,1791307576117,502,false,false,1502
vu-7756,46010477,1791307571980,1791307576117,502,false,false,1502
vu-8683,51019251,1791307571979,1791307576117,502,false,false,1502
vu-587,01062702,1791307571963,1791307576117,502,false,false,1502
vu-1421,02042957,1791307571955,1791307576117,502,false,false,1502
vu-6123,34002397,1791307571991,1791307576117,502,false,false,1502
vu-9302,56007886,1791307571971,1791307576117,502,false,false,1502
vu-2541,10001561,1791307571976,1791307576117,502,false,false,1502
vu-8975,54001039,1791307571982,1791307576117,502,false,false,1502
vu-3355,17005554,1791307571993,1791307576117,502,false,false,1502
vu-739,01078911,1791307571971,1791307576117,502,false,false,1502
vu-2852,13005244,1791307571983,1791307576117,502,false,false,1502
vu-7146,41008322,1791307571990,1791307576117,502,false,false,1502
vu-4302,23009168,1791307571968,1791307576117,502,false,false,1502
vu-8339,49014943,1791307571988,1791307576117,502,false,false,1502
vu-8259,49006433,1791307571965,1791307576117,502,false,false,1502
vu-3917,21007978,1791307571992,1791307576117,502,false,false,1502
vu-1840,03000041,1791307571962,1791307576117,502,false,false,1502
vu-8279,49008564,1791307571981,1791307576117,502,false,false,1502
vu-9115,55000863,1791307571966,1791307576117,502,false,false,1502
vu-3274,16012410,1791307571990,1791307576117,502,false,false,1502
vu-662,01070685,1791307571981,1791307576117,502,false,false,1502
vu-8808,52012251,1791307571984,1791307576117,502,false,false,1502
vu-8430,50008825,1791307571984,1791307576117,502,false,false,1502
vu-6932,40006440,1791307571987,1791307576117,502,false,false,1502
vu-4807,26021738,1791307571987,1791307576117,502,false,false,1502
vu-638,01068130,1791307571970,1791307576117,502,false,false,1502
vu-3772,19010220,1791307571987,1791307576117,502,false,false,1502
vu-9456,58001164,1791307571965,1791307576117,502,false,false,1502
vu-18,01001821,1791307571979,1791307576117,502,false,false,1502
vu-2106,04002771,1791307571989,1791307576117,502,false,false,1502
vu-9028,54006676,1791307571981,1791307576118,502,false,false,1502
vu-2407,08004691,1791307571980,1791307576118,502,false,false,1502
vu-3311,17000839,1791307571988,1791307576118,502,false,false,1502
vu-2976,14009767,1791307571957,1791307576118,502,false,false,1502
vu-6988,40012407,1791307571984,1791307576118,502,false,false,1502
vu-8265,49007071,1791307571987,1791307576118,502,false,false,1502
vu-4091,22003064,1791307571983,1791307576118,502,false,false,1502
vu-9055,54009551,1791307571975,1791307576118,502,false,false,1502
vu-2210,05000376,1791307571996,1791307576118,502,false,false,1502
vu-9308,56008525,1791307571982,1791307576118,502,false,false,1502
vu-9338,56011717,1791307571982,1791307576118,502,false,false,1502
vu-7765,47000913,1791307571986,1791307576118,502,false,false,1502
vu-3990,21015756,1791307571991,1791307576118,502,false,false,1502
vu-4915,27010522,1791307571987,1791307576118,502,false,false,1502
vu-2837,13003639,1791307571986,1791307576118,502,false,false,1502
vu-5701,30006931,1791307571984,1791307576118,502,false,false,1502
vu-9407,57006891,1791307571986,1791307576118,502,false,false,1502
vu-1703,02073341,1791307571987,1791307576118,502,false,false,1502
vu-413,01044103,1791307571990,1791307576118,502,false,false,1502
vu-3133,15013861,1791307571992,1791307576118,502,false,false,1502
vu-9078,54011995,1791307571974,1791307576118,502,false,false,1502
vu-2330,07000692,1791307571985,1791307576118,502,false,false,1502
vu-9866,63000615,1791307571968,1791307576118,502,false,false,1502
vu-5621,29035365,1791307571991,1791307576118,502,false,false,1502
vu-5697,30006505,1791307571985,1791307576118,502,false,false,1502
vu-6720,38009765,1791307571988,1791307576118,502,false,false,1502
vu-1681,02070999,1791307571988,1791307576118,502,false,false,1502
vu-3339,17003828,1791307571988,1791307576118,502,false,false,1502
vu-8860,53005114,1791307571973,1791307576118,502,false,false,1502
vu-389,01041545,1791307571963,1791307576118,502,false,false,1502
vu-3540,18007327,1791307571956,1791307576118,502,false,false,1502
vu-8645,51015207,1791307571990,1791307576118,502,false,false,1502
vu-4085,22002427,1791307571970,1791307576118,502,false,false,1502
vu-6789,39001865,1791307571987,1791307576118,502,false,false,1502
vu-972,01103766,1791307571986,1791307576118,502,false,false,1502
vu-7536,44008634,1791307571959,1791307576118,502,false,false,1502
vu-3161,16000377,1791307571978,1791307576118,502,false,false,1502
vu-3323,17002120,1791307571984,1791307576118,502,false,false,1502
vu-2986,14010837,1791307571985,1791307576118,502,false,false,1502
vu-4445,25004941,1791307571985,1791307576118,502,false,false,1502
vu-2889,14000464,1791307571958,1791307576118,502,false,false,1502
vu-1619,02064313,1791307571986,1791307576118,502,false,false,1502
vu-3182,16002611,1791307571960,1791307576118,502,false,false,1502
vu-3061,15006176,1791307571987,1791307576118,502,false,false,1502
vu-8119,48025545,1791307571987,1791307576118,502,false,false,1502
vu-9176,55007364,1791307571973,1791307576118,502,false,false,1502
vu-9165,55006194,1791307571975,1791307576118,502,false,false,1502
vu-1793,02082963,1791307571986,1791307576118,502,false,false,1502
vu-5586,29031626,1791307571994,1791307576118,502,false,false,1502
vu-8356,50000944,1791307571986,1791307576118,502,false,false,1502
vu-8424,50008186,1791307571988,1791307576118,502,false,false,1502
vu-8229,49003239,1791307571988,1791307576118,502,false,false,1502
vu-420,01044848,1791307571991,1791307576118,502,false,false,1502
vu-5315,29002677,1791307571982,1791307576118,502,false,false,1502
vu-3023,15002114,1791307571962,1791307576118,502,false,false,1502
vu-9375,57003491,1791307571963,1791307576118,502,false,false,1502
vu-1314,02031563,1791307571981,1791307576118,502,false,false,1502
vu-3961,21012662,1791307571955,1791307576118,502,false,false,1502
vu-2312,06004323,1791307571987,1791307576118,502,false,false,1502
vu-8399,50005512,1791307571958,1791307576119,502,false,false,1502
vu-8264,49006964,1791307571964,1791307576119,502,false,false,1502
vu-1626,02065057,1791307571987,1791307576119,502,false,false,1502
vu-1278,02027740,1791307571967,1791307576119,502,false,false,1502
vu-5267,28036313,1791307571981,1791307576119,502,false,false,1502
vu-6118,34001859,1791307571992,1791307576119,502,false,false,1502
vu-1435,02044455,1791307571966,1791307576119,502,false,false,1502
vu-2207,05000058,1791307571980,1791307576119,502,false,false,1502
vu-7809,47005606,1791307571950,1791307576119,502,false,false,1502
vu-9336,56011505,1791307571982,1791307576119,502,false,false,1502
vu-1831,02087019,1791307571949,1791307576119,502,false,false,1502
vu-1962,03013072,1791307571977,1791307576119,502,false,false,1502
vu-4303,23009274,1791307571967,1791307576119,502,false,false,1502
vu-6801,39003145,1791307572001,1791307576119,502,false,false,1502
vu-4133,22007546,1791307571964,1791307576119,502,false,false,1502
vu-3538,18007113,1791307571980,1791307576119,502,false,false,1502
vu-5773,30014609,1791307571988,1791307576119,502,false,false,1502
vu-3742,19007021,1791307571959,1791307576119,502,false,false,1502
vu-9032,54007102,1791307571981,1791307576119,502,false,false,1502
vu-7780,47002519,1791307571961,1791307576119,502,false,false,1502
vu-6913,40004420,1791307571991,1791307576119,502,false,false,1502
vu-5714,30008314,1791307571979,1791307576119,502,false,false,1502
vu-3070,15007136,1791307571987,1791307576119,502,false,false,1502
vu-2720,12007958,1791307571962,1791307576119,502,false,false,1502
vu-6510,37006832,1791307571968,1791307576119,502,false,false,1502
vu-8183,48032376,1791307571971,1791307576119,502,false,false,1502
vu-7145,41008216,1791307571952,1791307576119,502,false,false,1502
vu-4902,27009139,1791307571961,1791307576119,502,false,false,1502
vu-7234,42003247,1791307571986,1791307576119,502,false,false,1502
vu-6122,34002289,1791307571988,1791307576119,502,false,false,1502
vu-3982,21014901,1791307571992,1791307576119,502,false,false,1502
vu-8627,51013290,1791307571958,1791307576119,502,false,false,1502
vu-9928,63007213,1791307571969,1791307576119,502,false,false,1502
vu-5730,30010019,1791307571980,1791307576119,502,false,false,1502
vu-2992,14011484,1791307571985,1791307576119,502,false,false,1502
vu-7998,48012606,1791307571986,1791307576119,502,false,false,1502
vu-2081,04000096,1791307571993,1791307576119,502,false,false,1502
vu-8658,51016593,1791307571985,1791307576119,502,false,false,1502
vu-803,01085735,1791307571957,1791307576119,502,false,false,1502
vu-7442,43009969,1791307571991,1791307576119,502,false,false,1502
vu-3495,18002527,1791307571991,1791307576119,502,false,false,1502
vu-6419,36002170,1791307571992,1791307576119,502,false,false,1502
vu-1787,02082326,1791307571986,1791307576119,502,false,false,1502
vu-8211,49001325,1791307571966,1791307576119,502,false,false,1502
vu-9401,57006253,1791307571991,1791307576119,502,false,false,1502
vu-3604,18014145,1791307571986,1791307576119,502,false,false,1502
vu-7477,44002350,1791307571988,1791307576119,502,false,false,1502
vu-9465,58002125,1791307571982,1791307576119,502,false,false,1502
vu-5540,29026708,1791307571975,1791307576119,502,false,false,1502
vu-6365,35010815,1791307571962,1791307576119,502,false,false,1502
vu-5790,30016432,1791307571981,1791307576119,502,false,false,1502
vu-7552,44010333,1791307571988,1791307576119,502,false,false,1502
vu-9359,57001785,1791307571959,1791307576120,502,false,false,1502
vu-8458,50011801,1791307571989,1791307576120,502,false,false,1502
vu-6342,35008366,1791307571964,1791307576120,502,false,false,1502
vu-1628,02065275,1791307571982,1791307576120,502,false,false,1502
vu-9730,61003560,1791307571963,1791307576120,502,false,false,1502
vu-3716,19004252,1791307571970,1791307576120,502,false,false,1502
vu-3050,15004999,1791307571958,1791307576120,502,false,false,1502
vu-7095,41002885,1791307571992,1791307576120,502,false,false,1502
vu-2635,11002093,1791307571958,1791307576120,502,false,false,1502
vu-4824,27000818,1791307571961,1791307576120,502,false,false,1502
vu-9817,62002648,1791307571964,1791307576120,502,false,false,1502
vu-2050,03022463,1791307571957,1791307576120,502,false,false,1502
vu-641,01068449,1791307571959,1791307576120,502,false,false,1502
vu-1288,02028803,1791307571966,1791307576120,502,false,false,1502
vu-255,01027217,1791307571981,1791307576120,502,false,false,1502
vu-5075,28015829,1791307571982,1791307576120,502,false,false,1502
vu-7042,40018158,1791307571984,1791307576120,502,false,false,1502
vu-8640,51014675,1791307571989,1791307576120,502,false,false,1502
vu-3080,15008201,1791307571961,1791307576120,502,false,false,1502
vu-6794,39002398,1791307571991,1791307576120,502,false,false,1502
vu-9538,59000185,1791307571972,1791307576120,502,false,false,1502
vu-1563,02058357,1791307571988,1791307576120,502,false,false,1502
vu-6843,39007629,1791307571962,1791307576120,502,false,false,1502
vu-4138,22008076,1791307571994,1791307576120,502,false,false,1502
vu-8110,48024583,1791307571989,1791307576120,502,false,false,1502
vu-8691,51020101,1791307571969,1791307576120,502,false,false,1502
vu-8369,50002326,1791307571986,1791307576120,502,false,false,1502
vu-9901,63004336,1791307571961,1791307576120,502,false,false,1502
vu-5865,31007349,1791307571962,1791307576120,502,false,false,1502
vu-5202,28029379,1791307571978,1791307576120,502,false,false,1502
vu-8731,52004057,1791307571963,1791307576120,502,false,false,1502
vu-9325,56010332,1791307571986,1791307576120,502,false,false,1502
vu-4097,22003703,1791307571974,1791307576120,502,false,false,1502
vu-2610,10008933,1791307571995,1791307576120,502,false,false,1502
vu-3064,15006496,1791307571988,1791307576120,502,false,false,1502
vu-5541,29026814,1791307571974,1791307576121,502,false,false,1502
vu-1707,02073769,1791307571975,1791307576121,502,false,false,1502
vu-7641,45004545,1791307571987,1791307576121,502,false,false,1502
vu-3216,16006231,1791307571991,1791307576121,502,false,false,1502
vu-3548,18008180,1791307571987,1791307576121,502,false,false,1502
vu-431,01046017,1791307571985,1791307576121,502,false,false,1502
vu-63,01006658,1791307571980,1791307576121,502,false,false,1502
vu-5742,30011305,1791307571991,1791307576121,502,false,false,1502
vu-8633,51013928,1791307571983,1791307576121,502,false,false,1502
vu-7173,41011204,1791307571962,1791307576121,502,false,false,1502
vu-4324,24001656,1791307571965,1791307576121,502,false,false,1502
vu-1191,02018493,1791307571983,1791307576121,502,false,false,1502
vu-2876,13007799,1791307571995,1791307576121,502,false,false,1502
vu-9547,59001144,1791307571969,1791307576121,502,false,false,1502
vu-1522,02053837,1791307571992,1791307576121,502,false,false,1502
vu-8164,48030349,1791307571985,1791307576121,502,false,false,1502
vu-2794,12015853,1791307571991,1791307576121,502,false,false,1502
vu-280,01029898,1791307571986,1791307576121,502,false,false,1502
vu-124,01013175,1791307571970,1791307576121,502,false,false,1502
vu-3144,15015039,1791307571988,1791307576121,502,false,false,1502
vu-5431,29015094,1791307571968,1791307576121,502,false,false,1502
vu-1744,02077704,1791307571990,1791307576121,502,false,false,1502
vu-4482,25008877,1791307571985,1791307576121,502,false,false,1502
vu-5733,30010343,1791307571968,1791307576121,502,false,false,1502
vu-312,01033317,1791307571963,1791307576121,502,false,false,1502
vu-8303,49011113,1791307571987,1791307576121,502,false,false,1502
vu-4409,25001105,1791307571986,1791307576121,502,false,false,1502
vu-1328,02033050,1791307571978,1791307576121,502,false,false,1502
vu-427,01045591,1791307571987,1791307576121,502,false,false,1502
vu-5880,31008945,1791307571984,1791307576121,502,false,false,1502
vu-8551,51005205,1791307571966,1791307576121,502,false,false,1502
vu-1163,02015521,1791307571989,1791307576121,502,false,false,1502
vu-5579,29030870,1791307571989,1791307576121,502,false,false,1502
vu-8153,48029173,1791307571989,1791307576121,502,false,false,1502
vu-5853,31006070,1791307571987,1791307576121,502,false,false,1502
vu-3844,21000204,1791307571986,1791307576121,502,false,false,1502
vu-1650,02067673,1791307571982,1791307576121,502,false,false,1502
vu-5650,30001499,1791307571983,1791307576121,502,false,false,1502
vu-262,01027966,1791307571987,1791307576121,502,false,false,1502
vu-5599,29033013,1791307571970,1791307576121,502,false,false,1502
vu-4140,22008289,1791307571957,1791307576121,502,false,false,1502
vu-2419,08005977,1791307571981,1791307576121,502,false,false,1502
vu-8307,49011542,1791307571991,1791307576121,502,false,false,1502
vu-9992,64006322,1791307571994,1791307576121,502,false,false,1502
vu-7690,46003453,1791307571986,1791307576121,502,false,false,1502
vu-2573,10004983,1791307571960,1791307576121,502,false,false,1502
vu-3071,15007242,1791307571988,1791307576121,502,false,false,1502
vu-4334,24002722,1791307571981,1791307576121,502,false,false,1502
vu-7280,42008149,1791307571983,1791307576121,502,false,false,1502
vu-3079,15008095,1791307571987,1791307576121,502,false,false,1502
vu-6020,33004254,1791307571985,1791307576122,502,false,false,1502
vu-5772,30014503,1791307571992,1791307576122,502,false,false,1502
vu-8180,48032055,1791307571966,1791307576122,502,false,false,1502
vu-8205,49000685,1791307571989,1791307576122,502,false,false,1502
vu-9211,55011095,1791307571977,1791307576122,502,false,false,1502
vu-1312,02031351,1791307571978,1791307576122,502,false,false,1502
vu-1926,03009221,1791307571961,1791307576122,502,false,false,1502
vu-7358,43001026,1791307571984,1791307576122,502,false,false,1502
vu-8905,53009906,1791307571976,1791307576122,502,false,false,1502
vu-1116,02010525,1791307571988,1791307576122,502,false,false,1502
vu-3197,16004205,1791307571988,1791307576122,502,false,false,1502
vu-1623,02064738,1791307571990,1791307576122,502,false,false,1502
vu-2822,13002044,1791307571964,1791307576122,502,false,false,1502
vu-2938,14005697,1791307571961,1791307576122,502,false,false,1502
vu-2305,06003566,1791307571987,1791307576122,502,false,false,1502
vu-756,01080729,1791307571969,1791307576122,502,false,false,1502
vu-193,01020586,1791307571988,1791307576122,502,false,false,1502
vu-3021,15001900,1791307571988,1791307576122,502,false,false,1502
vu-8855,53004580,1791307571981,1791307576122,502,false,false,1502
vu-8245,49004943,1791307571992,1791307576122,502,false,false,1502
vu-3997,21016506,1791307571969,1791307576122,502,false,false,1502
vu-5779,30015249,1791307571985,1791307576122,502,false,false,1502
vu-7299,42010172,1791307571978,1791307576122,502,false,false,1502
vu-8460,50012013,1791307571986,1791307576122,502,false,false,1502
vu-5786,30016004,1791307571992,1791307576122,502,false,false,1502
vu-982,01104829,1791307571993,1791307576122,502,false,false,1502
vu-5183,28027347,1791307571989,1791307576122,502,false,false,1502
vu-1746,02077917,1791307571994,1791307576122,502,false,false,1502
vu-2579,10005622,1791307571980,1791307576122,502,false,false,1502
vu-2757,12011909,1791307571948,1791307576122,502,false,false,1502
vu-568,01060674,1791307571981,1791307576122,502,false,false,1502
vu-8651,51015845,1791307571986,1791307576122,502,false,false,1502
vu-8841,53003089,1791307571982,1791307576122,502,false,false,1502
vu-1570,02059103,1791307571988,1791307576122,502,false,false,1502
vu-8478,50013925,1791307571983,1791307576122,502,false,false,1502
vu-1581,02060275,1791307571964,1791307576122,502,false,false,1502
vu-3231,16007833,1791307571993,1791307576122,502,false,false,1502
vu-2460,09001957,1791307571980,1791307576122,502,false,false,1502
vu-6147,34004955,1791307571988,1791307576122,502,false,false,1502
vu-6071,33009698,1791307571966,1791307576122,502,false,false,1502
vu-5391,29010830,1791307571963,1791307576122,502,false,false,1502
vu-8858,53004902,1791307571985,1791307576122,502,false,false,1502
vu-7615,45001775,1791307571991,1791307576122,502,false,false,1502
vu-7136,41007260,1791307571988,1791307576122,502,false,false,1502
vu-6711,38008808,1791307571963,1791307576122,502,false,false,1502
vu-5710,30007888,1791307571986,1791307576122,502,false,false,1502
vu-1923,03008901,1791307571975,1791307576122,502,false,false,1502
vu-8076,48020953,1791307571991,1791307576122,502,false,false,1502
vu-2581,10005836,1791307571964,1791307576122,502,false,false,1502
vu-8574,51007649,1791307571990,1791307576122,502,false,false,1502
vu-8333,49014306,1791307571991,1791307576122,502,false,false,1502
vu-1123,02011269,1791307571992,1791307576122,502,false,false,1502
vu-943,01100679,1791307571967,1791307576122,502,false,false,1502
vu-4533,25014306,1791307571972,1791307576122,502,false,false,1502
vu-5817,31002238,1791307571990,1791307576122,502,false,false,1502
vu-3602,18013932,1791307571974,1791307576122,502,false,false,1502
vu-121,01012857,1791307571965,1791307576122,502,false,false,1502
vu-1344,02034751,1791307571966,1791307576122,502,false,false,1502
vu-5184,28027453,1791307571981,1791307576122,502,false,false,1502
vu-8820,53000854,1791307571982,1791307576122,502,false,false,1502
vu-5185,28027560,1791307571982,1791307576122,502,false,false,1502
vu-3129,15013437,1791307571964,1791307576122,502,false,false,1502
vu-7719,46006542,1791307571963,1791307576122,502,false,false,1502
vu-2832,13003108,1791307571985,1791307576122,502,false,false,1502
vu-6625,37019074,1791307571983,1791307576123,502,false,false,1502
vu-5676,30004268,1791307571967,1791307576123,502,false,false,1502
vu-4539,25014943,1791307571981,1791307576123,502,false,false,1502
vu-4899,27008819,1791307571966,1791307576123,502,false,false,1502
vu-3119,15012367,1791307571993,1791307576123,502,false,false,1502
vu-9484,58004151,1791307571979,1791307576123,502,false,false,1502
vu-7900,48002122,1791307571986,1791307576123,502,false,false,1502
vu-8996,54003271,1791307571977,1791307576123,502,false,false,1502
vu-2510,09007281,1791307571980,1791307576123,502,false,false,1502
vu-2843,13004281,1791307571992,1791307576123,502,false,false,1502
vu-2653,12000809,1791307571990,1791307576123,502,false,false,1502
vu-2161,04008681,1791307571963,1791307576123,502,false,false,1502
vu-6755,38013486,1791307571981,1791307576123,502,false,false,1502
vu-276,01029473,1791307571988,1791307576123,502,false,false,1502
vu-7084,41001709,1791307571988,1791307576123,502,false,false,1502
vu-3085,15008737,1791307571987,1791307576123,502,false,false,1502
vu-5421,29014027,1791307571970,1791307576123,502,false,false,1502
vu-4555,25016646,1791307571952,1791307576123,502,false,false,1502
vu-4622,26001973,1791307571972,1791307576123,502,false,false,1502
vu-1554,02057337,1791307571986,1791307576123,502,false,false,1502
vu-5997,33001792,1791307571995,1791307576123,502,false,false,1502
vu-8450,50010950,1791307571982,1791307576123,502,false,false,1502
vu-5045,28012630,1791307571969,1791307576123,502,false,false,1502
vu-7923,48004577,1791307571988,1791307576123,502,false,false,1502
vu-3090,15009273,1791307571990,1791307576123,502,false,false,1502
vu-7825,47007309,1791307571987,1791307576123,502,false,false,1502
vu-7056,40019647,1791307571969,1791307576123,502,false,false,1502
vu-2726,12008604,1791307571983,1791307576123,502,false,false,1502
vu-1201,02019557,1791307571987,1791307576123,502,false,false,1502
vu-9411,57007317,1791307571962,1791307576123,502,false,false,1502
vu-6640,38001247,1791307571968,1791307576123,502,false,false,1502
vu-8056,48018813,1791307571990,1791307576123,502,false,false,1502
vu-1178,02017113,1791307571982,1791307576123,502,false,false,1502
vu-4738,26014366,1791307571989,1791307576123,502,false,false,1502
vu-2950,14006983,1791307571978,1791307576123,502,false,false,1502
vu-1830,02086913,1791307571966,1791307576123,502,false,false,1502
vu-172,01018342,1791307571981,1791307576123,502,false,false,1502
vu-5917,32001657,1791307571961,1791307576123,502,false,false,1502
vu-3503,18003387,1791307571955,1791307576123,502,false,false,1502
vu-9297,56007355,1791307571970,1791307576123,502,false,false,1502
vu-1742,02077492,1791307571988,1791307576123,502,false,false,1502
vu-8144,48028212,1791307571986,1791307576123,502,false,false,1502
vu-6032,33005537,1791307571957,1791307576123,502,false,false,1502
vu-9885,63002638,1791307571957,1791307576124,502,false,false,1502
vu-6546,37010666,1791307571966,1791307576124,502,false,false,1502
vu-8513,51001156,1791307571986,1791307576124,502,false,false,1502
vu-4225,23000955,1791307571964,1791307576124,502,false,false,1502
vu-1588,02061018,1791307571987,1791307576124,502,false,false,1502
vu-7846,47009544,1791307571964,1791307576124,502,false,false,1502
vu-6665,38003910,1791307571968,1791307576124,502,false,false,1502
vu-956,01102062,1791307571991,1791307576127,200,true,false,
vu-8469,50012969,1791307571987,1791307576127,500,false,false,1500
vu-5233,28032687,1791307571956,1791307576127,200,true,false,
vu-6598,37016203,1791307571959,1791307576127,200,true,false,
vu-7088,41002139,1791307571991,1791307576128,502,false,false,1502
vu-1584,02060594,1791307571987,1791307576128,502,false,false,1502
vu-7376,43002948,1791307571948,1791307576129,502,false,false,1502
vu-2048,03022251,1791307571969,1791307576132,502,false,false,1502
vu-8985,54002100,1791307571976,1791307576132,502,false,false,1502
vu-578,01061740,1791307571980,1791307576132,502,false,false,1502
vu-7116,41005123,1791307571988,1791307576132,502,false,false,1502
vu-3099,15010231,1791307571988,1791307576132,502,false,false,1502
vu-8092,48022657,1791307571985,1791307576132,502,false,false,1502
vu-7160,41009816,1791307571959,1791307576132,502,false,false,1502
vu-695,01074202,1791307571972,1791307576132,502,false,false,1502
vu-3501,18003168,1791307571983,1791307576132,502,false,false,1502
vu-9355,57001359,1791307571978,1791307576132,502,false,false,1502
vu-2441,08008314,1791307571983,1791307576132,502,false,false,1502
vu-1279,02027847,1791307571983,1791307576132,502,false,false,1502
vu-1914,03007944,1791307571963,1791307576132,502,false,false,1502
vu-1606,02062932,1791307571986,1791307576132,502,false,false,1502
vu-2762,12012440,1791307571980,1791307576132,502,false,false,1502
vu-1354,02035814,1791307571973,1791307576132,502,false,false,1502
vu-3275,16012516,1791307571974,1791307576132,502,false,false,1502
vu-6826,39005814,1791307571992,1791307576132,502,false,false,1502
vu-5905,32000374,1791307571968,1791307576132,502,false,false,1502
vu-7917,48003937,1791307571967,1791307576132,502,false,false,1502
vu-5012,28009111,1791307571987,1791307576132,502,false,false,1502
vu-9541,59000506,1791307571965,1791307576132,502,false,false,1502
vu-9495,58005319,1791307571969,1791307576132,502,false,false,1502
vu-448,01047835,1791307571988,1791307576132,502,false,false,1502
vu-5456,29017755,1791307571997,1791307576132,502,false,false,1502
vu-928,01099077,1791307571986,1791307576132,502,false,false,1502
vu-9011,54004866,1791307571977,1791307576132,502,false,false,1502
vu-9515,58007446,1791307571973,1791307576132,502,false,false,1502
vu-104,01011051,1791307571960,1791307576132,502,false,false,1502
vu-6882,40001115,1791307571975,1791307576132,502,false,false,1502
vu-2417,08005764,1791307571980,1791307576132,502,false,false,1502
vu-4143,22008607,1791307571979,1791307576132,502,false,false,1502
vu-4627,26002508,1791307571966,1791307576132,502,false,false,1502
vu-6125,34002610,1791307571994,1791307576132,502,false,false,1502
vu-8485,50014668,1791307571970,1791307576132,502,false,false,1502
vu-9607,59007535,1791307571966,1791307576133,502,false,false,1502
vu-5873,31008199,1791307571981,1791307576133,502,false,false,1502
vu-8335,49014518,1791307571993,1791307576133,502,false,false,1502
vu-7706,46005156,1791307571973,1791307576133,502,false,false,1502
vu-3777,19010753,1791307571982,1791307576133,502,false,false,1502
vu-9897,63003912,1791307571971,1791307576133,502,false,false,1502
vu-3245,16009327,1791307571964,1791307576133,502,false,false,1502
vu-5858,31006603,1791307571983,1791307576133,502,false,false,1502
vu-9996,64006754,1791307571991,1791307576133,502,false,false,1502
vu-9603,59007108,1791307571970,1791307576133,502,false,false,1502
vu-3788,19011925,1791307571997,1791307576133,502,false,false,1502
vu-7007,40014426,1791307571991,1791307576133,502,false,false,1502
vu-2459,09001851,1791307571975,1791307576133,502,false,false,1502
vu-6725,38010296,1791307571980,1791307576133,502,false,false,1502
vu-1906,03007085,1791307571955,1791307576133,502,false,false,1502
vu-6670,38004442,1791307571966,1791307576133,502,false,false,1502
vu-3526,18005836,1791307571970,1791307576133,502,false,false,1502
vu-3361,17006199,1791307571972,1791307576133,502,false,false,1502
vu-2869,13007053,1791307571969,1791307576133,502,false,false,1502
vu-2628,11001345,1791307571995,1791307576133,502,false,false,1502
vu-6234,34014281,1791307571991,1791307576133,502,false,false,1502
vu-2281,06000995,1791307571965,1791307576133,502,false,false,1502
vu-5732,30010236,1791307571984,1791307576133,502,false,false,1502
vu-2536,10001030,1791307571973,1791307576133,502,false,false,1502
vu-3192,16003674,1791307571985,1791307576133,502,false,false,1502
vu-5433,29015306,1791307571965,1791307576133,502,false,false,1502
vu-6742,38012101,1791307571979,1791307576133,502,false,false,1502
vu-5549,29027668,1791307571968,1791307576133,502,false,false,1502
vu-7546,44009695,1791307571963,1791307576133,502,false,false,1502
vu-5920,32001980,1791307571974,1791307576133,502,false,false,1502
vu-2334,07001119,1791307571981,1791307576133,502,false,false,1502
vu-8971,54000612,1791307571968,1791307576133,502,false,false,1502
vu-182,01019414,1791307571963,1791307576133,502,false,false,1502
vu-881,01094065,1791307571968,1791307576134,502,false,false,1502
vu-2523,09008668,1791307571977,1791307576134,502,false,false,1502
vu-8495,50015750,1791307571990,1791307576134,502,false,false,1502
vu-8839,53002877,1791307571960,1791307576134,200,true,false,
vu-6845,39007842,1791307571958,1791307576135,502,false,false,1502
vu-9980,64005041,1791307571981,1791307576135,502,false,false,1502
vu-3718,19004465,1791307571967,1791307576137,502,false,false,1502
vu-3763,19009259,1791307571952,1791307576137,200,true,false,
vu-3564,18009883,1791307571961,1791307576137,200,true,false,
vu-844,01090117,1791307571968,1791307576138,502,false,false,1502
vu-6219,34012686,1791307571959,1791307576138,502,false,false,1502
vu-5080,28016362,1791307571966,1791307576139,502,false,false,1502
vu-4171,22011592,1791307571992,1791307576141,502,false,false,1502
vu-8526,51002545,1791307571960,1791307576142,502,false,false,1502
vu-9,01000858,1791307571980,1791307576143,502,false,false,1502
vu-9523,58008296,1791307571970,1791307576145,502,false,false,1502
vu-2044,03021823,1791307571982,1791307576145,502,false,false,1502
vu-9596,59006361,1791307571967,1791307576145,502,false,false,1502
vu-1518,02053405,1791307571961,1791307576146,200,true,false,
vu-8198,48033976,1791307571950,1791307576146,502,false,false,1502
vu-672,01071754,1791307571951,1791307576147,200,true,false,
vu-425,01045379,1791307571961,1791307576147,502,false,false,1502
vu-929,01099183,1791307571985,1791307576149,502,false,false,1502
vu-2231,05002617,1791307571997,1791307576151,502,false,false,1502
vu-8476,50013712,1791307571985,1791307576152,502,false,false,1502
vu-9769,61007710,1791307571969,1791307576152,502,false,false,1502
vu-7180,41011951,1791307571978,1791307576152,502,false,false,1502
vu-4067,22000512,1791307571969,1791307576153,502,false,false,1502
vu-933,01099617,1791307571987,1791307576153,502,false,false,1502
vu-9147,55004278,1791307571974,1791307576153,502,false,false,1502
vu-5949,32005071,1791307571990,1791307576153,502,false,false,1502
vu-9569,59003489,1791307571961,1791307576153,502,false,false,1502
vu-37,01003864,1791307571983,1791307576153,502,false,false,1502
vu-8647,51015419,1791307571985,1791307576153,502,false,false,1502
vu-4883,27007118,1791307571991,1791307576153,502,false,false,1502
vu-9660,60002503,1791307571985,1791307576153,502,false,false,1502
vu-6110,34001006,1791307571986,1791307576153,502,false,false,1502
vu-8769,52008104,1791307571960,1791307576153,502,false,false,1502
vu-7836,47008481,1791307571988,1791307576153,502,false,false,1502
vu-9518,58007765,1791307571971,1791307576153,502,false,false,1502
vu-8374,50002856,1791307571987,1791307576153,502,false,false,1502
vu-6294,35003257,1791307571961,1791307576153,502,false,false,1502
vu-8075,48020845,1791307571977,1791307576153,502,false,false,1502
vu-5951,32005284,1791307571992,1791307576153,502,false,false,1502
vu-9697,61000037,1791307571969,1791307576153,502,false,false,1502
vu-6549,37010984,1791307571987,1791307576153,502,false,false,1502
vu-2535,10000924,1791307571970,1791307576153,502,false,false,1502
vu-2469,09002917,1791307571976,1791307576153,502,false,false,1502
vu-865,01092362,1791307571965,1791307576153,502,false,false,1502
vu-7001,40013787,1791307571996,1791307576153,502,false,false,1502
vu-8028,48015816,1791307571952,1791307576153,502,false,false,1502
vu-122,01012963,1791307571968,1791307576153,502,false,false,1502
vu-6247,34015674,1791307571992,1791307576154,502,false,false,1502
vu-2179,04010629,1791307571960,1791307576154,502,false,false,1502
vu-6910,40004100,1791307571957,1791307576154,502,false,false,1502
vu-4477,25008343,1791307571979,1791307576154,502,false,false,1502
vu-7141,41007790,1791307571975,1791307576154,502,false,false,1502
vu-7500,44004809,1791307571976,1791307576154,502,false,false,1502
vu-790,01084349,1791307571966,1791307576154,502,false,false,1502
vu-9116,55000969,1791307571978,1791307576154,502,false,false,1502
vu-1651,02067780,1791307571984,1791307576154,502,false,false,1502
vu-1026,02000948,1791307571969,1791307576154,502,false,false,1502
vu-2229,05002405,1791307571963,1791307576154,502,false,false,1502
vu-9597,59006468,1791307571974,1791307576154,502,false,false,1502
vu-1442,02045219,1791307571964,1791307576154,502,false,false,1502
vu-6433,36003660,1791307571962,1791307576154,502,false,false,1502
vu-3380,17008243,1791307571976,1791307576154,502,false,false,1502
vu-9688,60005493,1791307571969,1791307576154,502,false,false,1502
vu-1544,02056228,1791307571984,1791307576154,502,false,false,1502
vu-9677,60004317,1791307571976,1791307576154,502,false,false,1502
vu-4775,26018317,1791307571963,1791307576154,502,false,false,1502
vu-9362,57002109,1791307571962,1791307576154,502,false,false,1502
vu-1993,03016376,1791307571968,1791307576154,502,false,false,1502
vu-1712,02074302,1791307571951,1791307576154,502,false,false,1502
vu-9235,56000762,1791307571970,1791307576154,502,false,false,1502
vu-1933,03009970,1791307571967,1791307576155,502,false,false,1502
vu-9773,61008136,1791307571972,1791307576155,502,false,false,1502
vu-4396,24009326,1791307571961,1791307576155,502,false,false,1502
vu-5622,29035471,1791307571992,1791307576155,502,false,false,1502
vu-7620,45002309,1791307571991,1791307576155,502,false,false,1502
vu-2616,11000054,1791307571993,1791307576155,502,false,false,1502
vu-7023,40016132,1791307571993,1791307576155,502,false,false,1502
vu-603,01064405,1791307571965,1791307576155,502,false,false,1502
vu-3677,19000086,1791307571961,1791307576155,502,false,false,1502
vu-8921,53011611,1791307571963,1791307576155,502,false,false,1502
vu-5566,29029480,1791307571984,1791307576155,502,false,false,1502
vu-1794,02083069,1791307571985,1791307576155,502,false,false,1502
vu-5577,29030654,1791307571989,1791307576155,502,false,false,1502
vu-4089,22002852,1791307571969,1791307576155,502,false,false,1502
vu-709,01075695,1791307571974,1791307576155,502,false,false,1502
vu-3112,15011621,1791307571991,1791307576155,502,false,false,1502
vu-8184,48032484,1791307571988,1791307576155,502,false,false,1502
vu-4783,26019173,1791307571974,1791307576155,502,false,false,1502
vu-9889,63003063,1791307571979,1791307576155,502,false,false,1502
vu-43,01004503,1791307571984,1791307576155,502,false,false,1502
vu-9391,57005192,1791307571970,1791307576155,502,false,false,1502
vu-2742,12010311,1791307571974,1791307576155,502,false,false,1502
vu-7720,46006648,1791307571981,1791307576155,502,false,false,1502
vu-7986,48011318,1791307571964,1791307576155,502,false,false,1502
vu-9733,61003886,1791307571990,1791307576155,502,false,false,1502
vu-4148,22009140,1791307571958,1791307576155,502,false,false,1502
vu-4397,24009432,1791307571958,1791307576155,502,false,false,1502
vu-868,01092682,1791307571975,1791307576155,502,false,false,1502
vu-3350,17005015,1791307571994,1791307576155,502,false,false,1502
vu-8120,48025653,1791307571987,1791307576155,502,false,false,1502
vu-3815,19014803,1791307571967,1791307576155,502,false,false,1502
vu-8736,52004592,1791307571976,1791307576156,502,false,false,1502
vu-3796,19012778,1791307571987,1791307576156,502,false,false,1502
vu-6355,35009749,1791307571985,1791307576156,502,false,false,1502
vu-4446,25005047,1791307571988,1791307576156,502,false,false,1502
vu-1274,02027316,1791307571993,1791307576157,502,false,false,1502
vu-3500,18003061,1791307571985,1791307576157,502,false,false,1502
vu-4765,26017247,1791307571993,1791307576157,502,false,false,1502
vu-202,01021547,1791307571978,1791307576157,502,false,false,1502
vu-8482,50014350,1791307571972,1791307576157,502,false,false,1502
vu-8218,49002069,1791307571989,1791307576157,502,false,false,1502
vu-7482,44002884,1791307571976,1791307576157,502,false,false,1502
vu-1766,02080065,1791307571987,1791307576157,502,false,false,1502
vu-4589,25020263,1791307571990,1791307576157,502,false,false,1502
vu-2379,08001709,1791307571962,1791307576157,502,false,false,1502
vu-8447,50010630,1791307571987,1791307576157,502,false,false,1502
vu-7417,43007309,1791307571984,1791307576157,502,false,false,1502
vu-7243,42004207,1791307571987,1791307576157,502,false,false,1502
vu-1180,02017326,1791307571984,1791307576157,502,false,false,1502
vu-8863,53005433,1791307571986,1791307576157,502,false,false,1502
vu-3494,18002421,1791307571983,1791307576157,502,false,false,1502
vu-870,01092895,1791307571980,1791307576157,502,false,false,1502
vu-7235,42003354,1791307571992,1791307576157,502,false,false,1502
vu-8415,50007214,1791307571988,1791307576157,502,false,false,1502
vu-6679,38005401,1791307571985,1791307576157,502,false,false,1502
vu-9346,57000403,1791307571979,1791307576157,502,false,false,1502
vu-5017,28009648,1791307571996,1791307576157,502,false,false,1502
vu-6744,38012314,1791307571986,1791307576157,502,false,false,1502
vu-1847,03000791,1791307571972,1791307576157,502,false,false,1502
vu-4799,26020884,1791307571982,1791307576157,502,false,false,1502
vu-8238,49004195,1791307571969,1791307576157,502,false,false,1502
vu-6098,33012574,1791307571966,1791307576157,502,false,false,1502
vu-4009,21017782,1791307571988,1791307576157,502,false,false,1502
vu-8492,50015416,1791307571983,1791307576157,502,false,false,1502
vu-5665,30003096,1791307571986,1791307576157,502,false,false,1502
vu-6468,37002362,1791307571981,1791307576157,502,false,false,1502
vu-9900,63004230,1791307571959,1791307576157,502,false,false,1502
vu-7613,45001560,1791307571995,1791307576157,502,false,false,1502
vu-9091,54013375,1791307571978,1791307576157,502,false,false,1502
vu-6978,40011342,1791307571992,1791307576158,502,false,false,1502
vu-1316,02031776,1791307571982,1791307576158,502,false,false,1502
vu-7002,40013894,1791307571991,1791307576158,502,false,false,1502
vu-8289,49009626,1791307571993,1791307576158,502,false,false,1502
vu-2400,08003946,1791307571955,1791307576158,200,true,false,
vu-3083,15008522,1791307571988,1791307576158,502,false,false,1502
vu-7384,43003798,1791307571980,1791307576158,502,false,false,1502
vu-1098,02008608,1791307571993,1791307576158,502,false,false,1502
vu-8650,51015739,1791307571986,1791307576158,502,false,false,1502
vu-1162,02015414,1791307571986,1791307576158,502,false,false,1502
vu-8134,48027148,1791307571992,1791307576158,502,false,false,1502
vu-6299,35003787,1791307571993,1791307576158,502,false,false,1502
vu-8257,49006221,1791307571985,1791307576158,502,false,false,1502
vu-1102,02009032,1791307571962,1791307576158,502,false,false,1502
vu-9415,57007743,1791307571967,1791307576158,502,false,false,1502
vu-3054,15005427,1791307571980,1791307576158,502,false,false,1502
vu-8030,48016031,1791307571991,1791307576158,502,false,false,1502
vu-7214,42001107,1791307571973,1791307576158,502,false,false,1502
vu-3094,15009698,1791307571986,1791307576158,502,false,false,1502
vu-1389,02039531,1791307571980,1791307576158,502,false,false,1502
vu-3069,15007030,1791307571983,1791307576158,502,false,false,1502
vu-5646,30001073,1791307571986,1791307576158,502,false,false,1502
vu-4440,25004408,1791307571992,1791307576158,502,false,false,1502
vu-7414,43006988,1791307571983,1791307576158,502,false,false,1502
vu-6964,40009845,1791307571982,1791307576158,502,false,false,1502
vu-5177,28026705,1791307571986,1791307576158,502,false,false,1502
vu-5548,29027562,1791307571981,1791307576159,502,false,false,1502
vu-4538,25014837,1791307571964,1791307576159,502,false,false,1502
vu-8612,51011695,1791307571994,1791307576159,502,false,false,1502
vu-5135,28022227,1791307571982,1791307576159,502,false,false,1502
vu-3648,18018829,1791307571958,1791307576161,200,true,false,
vu-9821,62003076,1791307571969,1791307576162,502,false,false,1502
vu-6963,40009738,1791307571987,1791307576163,502,false,false,1502
vu-2369,08000647,1791307571981,1791307576164,502,false,false,1502
vu-5055,28013700,1791307571985,1791307576164,502,false,false,1502
vu-906,01096735,1791307571991,1791307576164,502,false,false,1502
vu-8504,51000194,1791307571981,1791307576164,502,false,false,1502
vu-481,01051356,1791307571970,1791307576164,502,false,false,1502
vu-9399,57006041,1791307571986,1791307576164,502,false,false,1502
vu-7131,41006724,1791307571961,1791307576164,502,false,false,1502
vu-8214,49001644,1791307571986,1791307576164,502,false,false,1502
vu-4027,21019699,1791307571963,1791307576164,502,false,false,1502
vu-5834,31004048,1791307571975,1791307576164,502,false,false,1502
vu-2139,04006313,1791307571964,1791307576164,502,false,false,1502
vu-5652,30001712,1791307571981,1791307576164,502,false,false,1502
vu-4828,27001244,1791307571983,1791307576164,502,false,false,1502
vu-4842,27002746,1791307571984,1791307576164,502,false,false,1502
vu-7091,41002457,1791307571987,1791307576165,502,false,false,1502
vu-8861,53005221,1791307571975,1791307576165,502,false,false,1502
vu-9234,56000655,1791307571976,1791307576165,502,false,false,1502
vu-7127,41006297,1791307571987,1791307576165,502,false,false,1502
vu-1534,02055126,1791307571968,1791307576165,502,false,false,1502
vu-5717,30008633,1791307571980,1791307576165,502,false,false,1502
vu-4269,23005652,1791307571964,1791307576165,502,false,false,1502
vu-5322,29003435,1791307571973,1791307576165,502,false,false,1502
vu-6453,37000751,1791307571987,1791307576165,502,false,false,1502
vu-3358,17005874,1791307571984,1791307576165,502,false,false,1502
vu-8695,52000218,1791307571974,1791307576165,502,false,false,1502
vu-7210,42000680,1791307571985,1791307576165,502,false,false,1502
vu-2313,06004431,1791307571984,1791307576165,502,false,false,1502
vu-5346,29006017,1791307571964,1791307576165,502,false,false,1502
vu-8840,53002983,1791307571969,1791307576165,502,false,false,1502
vu-8355,50000838,1791307571989,1791307576165,502,false,false,1502
vu-9551,59001569,1791307571970,1791307576165,502,false,false,1502
vu-7106,41004059,1791307571989,1791307576165,502,false,false,1502
vu-6390,35013475,1791307571988,1791307576165,502,false,false,1502
vu-8752,52006297,1791307571969,1791307576165,502,false,false,1502
vu-173,01018449,1791307571965,1791307576165,502,false,false,1502
vu-8784,52009698,1791307571966,1791307576165,502,false,false,1502
vu-4093,22003278,1791307571992,1791307576165,502,false,false,1502
vu-6928,40006015,1791307571978,1791307576165,502,false,false,1502
vu-7491,44003853,1791307571975,1791307576165,502,false,false,1502
vu-2002,03017341,1791307571979,1791307576165,502,false,false,1502
vu-7509,44005766,1791307571970,1791307576165,502,false,false,1502
vu-1396,02040277,1791307571981,1791307576165,502,false,false,1502
vu-9471,58002766,1791307571977,1791307576165,502,false,false,1502
vu-9719,61002380,1791307571974,1791307576165,502,false,false,1502
vu-9109,55000226,1791307571972,1791307576165,502,false,false,1502
vu-160,01017048,1791307571980,1791307576165,502,false,false,1502
vu-167,01017798,1791307571972,1791307576165,502,false,false,1502
vu-6396,35014113,1791307571963,1791307576165,502,false,false,1502
vu-2801,12016599,1791307571969,1791307576165,502,false,false,1502
vu-2384,08002240,1791307571953,1791307576166,502,false,false,1502
vu-3652,18019261,1791307571974,1791307576166,502,false,false,1502
vu-8008,48013673,1791307571979,1791307576166,502,false,false,1502
vu-9497,58005532,1791307571970,1791307576166,502,false,false,1502
vu-6896,40002606,1791307571983,1791307576166,502,false,false,1502
vu-2039,03021290,1791307571976,1791307576166,502,false,false,1502
vu-5349,29006338,1791307571972,1791307576166,502,false,false,1502
vu-8882,53007452,1791307571969,1791307576166,502,false,false,1502
vu-6673,38004761,1791307571987,1791307576166,502,false,false,1502
vu-4260,23004692,1791307571985,1791307576166,502,false,false,1502
vu-165,01017586,1791307571981,1791307576166,502,false,false,1502
vu-5404,29012213,1791307571968,1791307576166,502,false,false,1502
vu-9864,63000402,1791307571985,1791307576166,502,false,false,1502
vu-2753,12011482,1791307571980,1791307576166,502,false,false,1502
vu-8417,50007431,1791307571993,1791307576166,502,false,false,1502
vu-3469,17017759,1791307571990,1791307576166,502,false,false,1502
vu-2975,14009661,1791307571963,1791307576166,502,false,false,1502
vu-1260,02025829,1791307571993,1791307576166,502,false,false,1502
vu-637,01068023,1791307571976,1791307576166,502,false,false,1502
vu-9871,63001148,1791307571987,1791307576166,502,false,false,1502
vu-1849,03001004,1791307571966,1791307576166,502,false,false,1502
vu-8152,48029067,1791307571992,1791307576166,502,false,false,1502
vu-7230,42002822,1791307571988,1791307576166,502,false,false,1502
vu-8012,48014101,1791307571968,1791307576166,502,false,false,1502
vu-4060,21023227,1791307571971,1791307576166,502,false,false,1502
vu-5696,30006399,1791307571987,1791307576166,502,false,false,1502
vu-8978,54001357,1791307571978,1791307576166,502,false,false,1502
vu-734,01078371,1791307571991,1791307576166,502,false,false,1502
vu-2496,09005792,1791307571971,1791307576166,502,false,false,1502
vu-1859,03002068,1791307571974,1791307576166,502,false,false,1502
vu-8561,51006266,1791307571963,1791307576166,502,false,false,1502
vu-1963,03013178,1791307571996,1791307576166,502,false,false,1502
vu-8354,50000732,1791307571984,1791307576166,502,false,false,1502
vu-5353,29006764,1791307571985,1791307576166,502,false,false,1502
vu-6664,38003804,1791307571974,1791307576166,502,false,false,1502
vu-9936,64000364,1791307571972,1791307576166,502,false,false,1502
vu-6548,37010878,1791307571986,1791307576166,502,false,false,1502
vu-8300,49010793,1791307571992,1791307576166,502,false,false,1502
vu-7642,45004651,1791307571996,1791307576166,502,false,false,1502
vu-214,01022826,1791307571987,1791307576166,502,false,false,1502
vu-3899,21006061,1791307571957,1791307576166,502,false,false,1502
vu-6113,34001324,1791307571988,1791307576166,502,false,false,1502
vu-7339,42014431,1791307571978,1791307576166,502,false,false,1502
vu-1622,02064632,1791307571991,1791307576166,502,false,false,1502
vu-1185,02017857,1791307571986,1791307576166,502,false,false,1502
vu-4006,21017463,1791307571978,1791307576166,502,false,false,1502
vu-2782,12014573,1791307571977,1791307576166,502,false,false,1502
vu-3033,15003183,1791307571963,1791307576166,502,false,false,1502
vu-2355,07003357,1791307571965,1791307576166,502,false,false,1502
vu-7999,48012714,1791307571991,1791307576166,502,false,false,1502
vu-6810,39004106,1791307571992,1791307576166,502,false,false,1502
vu-6655,38002845,1791307571969,1791307576166,502,false,false,1502
vu-7077,41000962,1791307571987,1791307576166,502,false,false,1502
vu-1214,02020939,1791307571996,1791307576166,502,false,false,1502
vu-9796,62000399,1791307571969,1791307576166,502,false,false,1502
vu-7573,44012565,1791307571983,1791307576166,502,false,false,1502
vu-3872,21003190,1791307571990,1791307576166,502,false,false,1502
vu-4859,27004564,1791307571985,1791307576167,502,false,false,1502
vu-599,01063980,1791307571990,1791307576166,502,false,false,1502
vu-435,01046442,1791307571990,1791307576167,502,false,false,1502
vu-7559,44011077,1791307571977,1791307576167,502,false,false,1502
vu-6288,35002618,1791307571988,1791307576167,502,false,false,1502
vu-2149,04007390,1791307571969,1791307576167,502,false,false,1502
vu-4580,25019307,1791307571987,1791307576167,502,false,false,1502
vu-684,01073032,1791307571978,1791307576167,502,false,false,1502
vu-1782,02081795,1791307571992,1791307576167,502,false,false,1502
vu-2145,04006951,1791307571992,1791307576167,502,false,false,1502
vu-141,01015009,1791307571973,1791307576167,502,false,false,1502
vu-8248,49005264,1791307571985,1791307576167,502,false,false,1502
vu-6228,34013642,1791307571992,1791307576167,502,false,false,1502
vu-1187,02018069,1791307571988,1791307576167,502,false,false,1502
vu-3668,18020970,1791307571971,1791307576167,502,false,false,1502
vu-7913,48003510,1791307571968,1791307576167,502,false,false,1502
vu-4187,22013293,1791307571982,1791307576167,502,false,false,1502
vu-7112,41004697,1791307571992,1791307576167,502,false,false,1502
vu-9516,58007553,1791307571972,1791307576167,502,false,false,1502
vu-3702,19002763,1791307571987,1791307576167,502,false,false,1502
vu-3561,18009565,1791307571977,1791307576167,502,false,false,1502
vu-6010,33003178,1791307571994,1791307576167,502,false,false,1502
vu-4466,25007171,1791307571984,1791307576167,502,false,false,1502
vu-5667,30003309,1791307571984,1791307576167,502,false,false,1502
vu-4935,28000855,1791307571980,1791307576167,502,false,false,1502
vu-8490,50015200,1791307571988,1791307576167,502,false,false,1502
vu-1094,02008183,1791307571969,1791307576167,502,false,false,1502
vu-3096,15009911,1791307571986,1791307576167,502,false,false,1502
vu-9879,63002000,1791307571977,1791307576167,502,false,false,1502
vu-3627,18016594,1791307571966,1791307576167,502,false,false,1502
vu-1090,02007758,1791307571988,1791307576167,502,false,false,1502
vu-2501,09006324,1791307571975,1791307576167,502,false,false,1502
vu-1551,02056997,1791307571987,1791307576167,502,false,false,1502
vu-5618,29035044,1791307571982,1791307576167,502,false,false,1502
vu-8487,50014881,1791307571987,1791307576167,502,false,false,1502
vu-9842,62005318,1791307571974,1791307576167,502,false,false,1502
vu-3654,18019476,1791307571991,1791307576167,502,false,false,1502
vu-9786,61009516,1791307571967,1791307576167,502,false,false,1502
vu-9257,56003103,1791307571979,1791307576167,502,false,false,1502
vu-5955,32005711,1791307571981,1791307576167,502,false,false,1502
vu-7632,45003587,1791307571971,1791307576167,502,false,false,1502
vu-9281,56005653,1791307571978,1791307576167,502,false,false,1502
vu-3976,21014263,1791307571993,1791307576167,502,false,false,1502
vu-3092,15009486,1791307571984,1791307576167,502,false,false,1502
vu-4600,25021432,1791307571978,1791307576167,502,false,false,1502
vu-5603,29033442,1791307571984,1791307576167,502,false,false,1502
vu-2602,10008082,1791307571993,1791307576167,502,false,false,1502
vu-3450,17015709,1791307571968,1791307576167,502,false,false,1502
vu-896,01095666,1791307571974,1791307576167,502,false,false,1502
vu-1857,03001855,1791307571968,1791307576167,502,false,false,1502
vu-598,01063874,1791307571956,1791307576168,200,true,false,
vu-7066,40020710,1791307571988,1791307576168,502,false,false,1502
vu-4602,25021645,1791307571982,1791307576168,502,false,false,1502
vu-4151,22009460,1791307571989,1791307576168,502,false,false,1502
vu-9624,59009347,1791307571965,1791307576168,502,false,false,1502
vu-623,01066533,1791307571965,1791307576168,502,false,false,1502
vu-2311,06004217,1791307571986,1791307576168,502,false,false,1502
vu-5370,29008586,1791307571970,1791307576169,502,false,false,1502
vu-9528,58008828,1791307571976,1791307576169,502,false,false,1502
vu-7021,40015915,1791307571974,1791307576171,502,false,false,1502
vu-1699,02072911,1791307571966,1791307576171,502,false,false,1502
vu-273,01029152,1791307571989,1791307576172,502,false,false,1502
vu-3690,19001478,1791307571988,1791307576172,502,false,false,1502
vu-8824,53001279,1791307571982,1791307576172,502,false,false,1502
vu-344,01036739,1791307571986,1791307576172,502,false,false,1502
vu-4843,27002854,1791307571984,1791307576172,502,false,false,1502
vu-7133,41006941,1791307571984,1791307576172,502,false,false,1502
vu-6894,40002394,1791307571993,1791307576172,502,false,false,1502
vu-8719,52002778,1791307571982,1791307576172,502,false,false,1502
vu-6088,33011507,1791307571991,1791307576172,502,false,false,1502
vu-7022,40016025,1791307571988,1791307576173,502,false,false,1502
vu-4900,27008925,1791307571993,1791307576173,502,false,false,1502
vu-6945,40007821,1791307571987,1791307576173,502,false,false,1502
vu-2457,09001639,1791307571981,1791307576173,502,false,false,1502
vu-8678,51018718,1791307571991,1791307576173,502,false,false,1502
vu-7453,43011141,1791307571985,1791307576173,502,false,false,1502
vu-6937,40006971,1791307571959,1791307576173,200,true,false,
vu-7073,41000536,1791307571985,1791307576173,502,false,false,1502
vu-9826,62003608,1791307571969,1791307576174,502,false,false,1502
vu-930,01099290,1791307571993,1791307576175,502,false,false,1502
vu-6829,39006134,1791307571992,1791307576176,502,false,false,1502
vu-2371,08000859,1791307571983,1791307576178,502,false,false,1502
vu-6784,39001331,1791307571980,1791307576178,502,false,false,1502
vu-7198,41013870,1791307571996,1791307576179,502,false,false,1502
vu-9205,55010458,1791307571996,1791307576179,502,false,false,1502
vu-9788,61009728,1791307571976,1791307576179,502,false,false,1502
vu-1745,02077810,1791307571990,1791307576180,502,false,false,1502
vu-1852,03001324,1791307571961,1791307576180,200,true,false,
vu-3733,19006064,1791307571994,1791307576181,502,false,false,1502
vu-1122,02011162,1791307571992,1791307576182,502,false,false,1502
vu-7132,41006834,1791307571985,1791307576182,502,false,false,1502
vu-1663,02069059,1791307571986,1791307576182,502,false,false,1502
vu-5965,32006780,1791307571969,1791307576182,502,false,false,1502
vu-5589,29031947,1791307571986,1791307576182,502,false,false,1502
vu-8466,50012650,1791307571993,1791307576182,502,false,false,1502
vu-6075,33010123,1791307571979,1791307576182,502,false,false,1502
vu-145,01015437,1791307571988,1791307576182,502,false,false,1502
vu-7098,41003205,1791307571985,1791307576182,502,false,false,1502
vu-4490,25009727,1791307571984,1791307576182,502,false,false,1502
vu-2451,09000995,1791307571992,1791307576182,502,false,false,1502
vu-7344,42014963,1791307571993,1791307576183,502,false,false,1502
vu-3916,21007872,1791307571997,1791307576183,502,false,false,1502
vu-9915,63005829,1791307571995,1791307576183,502,false,false,1502
vu-99,01010516,1791307571993,1791307576183,502,false,false,1502
vu-7319,42012299,1791307571995,1791307576183,502,false,false,1502
vu-7241,42003995,1791307571984,1791307576183,502,false,false,1502
vu-4045,21021618,1791307571989,1791307576183,502,false,false,1502
vu-3554,18008819,1791307571986,1791307576183,502,false,false,1502
vu-2082,04000204,1791307571991,1791307576184,502,false,false,1502
vu-8517,51001584,1791307571954,1791307576184,200,true,false,
vu-3728,19005533,1791307571986,1791307576185,502,false,false,1502
vu-3623,18016169,1791307571962,1791307576185,502,false,false,1502
vu-8787,52010018,1791307571957,1791307576186,200,true,false,
vu-4314,24000583,1791307571986,1791307576186,502,false,false,1502
vu-3334,17003293,1791307571985,1791307576188,502,false,false,1502
vu-6726,38010402,1791307571986,1791307576189,502,false,false,1502
vu-103,01010945,1791307571991,1791307576190,502,false,false,1502
vu-3191,16003567,1791307571989,1791307576190,502,false,false,1502
vu-3774,19010434,1791307571986,1791307576190,502,false,false,1502
vu-437,01046655,1791307571984,1791307576190,502,false,false,1502
vu-14,01001397,1791307571986,1791307576190,502,false,false,1502
vu-581,01062060,1791307571994,1791307576190,502,false,false,1502
vu-7924,48004683,1791307571991,1791307576190,502,false,false,1502
vu-1007,01107503,1791307571996,1791307576190,502,false,false,1502
vu-5785,30015898,1791307571988,1791307576190,502,false,false,1502
vu-3372,17007383,1791307571997,1791307576190,502,false,false,1502
vu-4264,23005120,1791307571999,1791307576190,502,false,false,1502
vu-9741,61004738,1791307571980,1791307576190,502,false,false,1502
vu-2924,14004204,1791307571990,1791307576190,502,false,false,1502
vu-2,01000107,1791307571987,1791307576190,502,false,false,1502
vu-4740,26014580,1791307571985,1791307576190,502,false,false,1502
vu-7502,44005021,1791307571974,1791307576190,502,false,false,1502
vu-8150,48028853,1791307571982,1791307576190,502,false,false,1502
vu-8260,49006539,1791307571988,1791307576190,502,false,false,1502
vu-3848,21000635,1791307571985,1791307576190,502,false,false,1502
vu-428,01045697,1791307571985,1791307576190,502,false,false,1502
vu-4849,27003497,1791307571996,1791307576190,502,false,false,1502
vu-7855,47010502,1791307571985,1791307576190,502,false,false,1502
vu-6246,34015566,1791307571999,1791307576190,502,false,false,1502
vu-3381,17008349,1791307571981,1791307576190,502,false,false,1502
vu-1393,02039958,1791307571978,1791307576190,502,false,false,1502
vu-8320,49012925,1791307571990,1791307576190,502,false,false,1502
vu-3053,15005320,1791307571991,1791307576190,502,false,false,1502
vu-2805,13000232,1791307571987,1791307576191,502,false,false,1502
vu-3568,18010310,1791307571975,1791307576192,502,false,false,1502
vu-4897,27008606,1791307571970,1791307576192,502,false,false,1502
vu-1398,02040491,1791307571971,1791307576192,502,false,false,1502
vu-2478,09003874,1791307571976,1791307576193,502,false,false,1502
vu-9932,63007639,1791307571973,1791307576193,502,false,false,1502
vu-2047,03022145,1791307571977,1791307576193,502,false,false,1502
vu-3680,19000413,1791307571969,1791307576193,502,false,false,1502
vu-1262,02026041,1791307571965,1791307576193,502,false,false,1502
vu-3168,16001122,1791307571977,1791307576193,502,false,false,1502
vu-41,01004290,1791307571969,1791307576193,502,false,false,1502
vu-35,01003640,1791307571979,1791307576193,502,false,false,1502
vu-9908,63005082,1791307571971,1791307576193,502,false,false,1502
vu-6806,39003677,1791307571965,1791307576193,502,false,false,1502
vu-9524,58008403,1791307571980,1791307576193,502,false,false,1502
vu-6013,33003499,1791307571972,1791307576193,502,false,false,1502
vu-2863,13006415,1791307571974,1791307576193,502,false,false,1502
vu-9066,54010720,1791307571978,1791307576193,502,false,false,1502
vu-5247,28034184,1791307571980,1791307576194,502,false,false,1502
vu-6719,38009659,1791307571967,1791307576194,502,false,false,1502
vu-9431,57009442,1791307571975,1791307576194,502,false,false,1502
vu-7069,41000098,1791307571984,1791307576194,502,false,false,1502
vu-7297,42009960,1791307571967,1791307576194,502,false,false,1502
vu-9529,58008934,1791307571976,1791307576194,502,false,false,1502
vu-5783,30015683,1791307571994,1791307576194,502,false,false,1502
vu-7705,46005050,1791307571977,1791307576195,502,false,false,1502
vu-7989,48011641,1791307571973,1791307576195,502,false,false,1502
vu-4359,24005383,1791307571975,1791307576195,502,false,false,1502
vu-8899,53009266,1791307571980,1791307576195,502,false,false,1502
vu-4103,22004348,1791307571969,1791307576195,502,false,false,1502
vu-5883,31009264,1791307571976,1791307576196,502,false,false,1502
vu-6334,35007512,1791307571963,1791307576196,502,false,false,1502
vu-1824,02086276,1791307571966,1791307576196,502,false,false,1502
vu-8449,50010843,1791307571985,1791307576197,502,false,false,1502
vu-8456,50011589,1791307571983,1791307576197,502,false,false,1502
vu-2279,06000783,1791307571985,1791307576198,502,false,false,1502
vu-2624,11000916,1791307571994,1791307576198,502,false,false,1502
vu-7017,40015489,1791307571973,1791307576199,500,false,false,1500
vu-6116,34001646,1791307571993,1791307576199,502,false,false,1502
vu-5462,29018393,1791307571984,1791307576201,502,false,false,1502
vu-8675,51018400,1791307571985,1791307576201,502,false,false,1502
vu-1641,02066667,1791307571983,1791307576201,502,false,false,1502
vu-3822,19015550,1791307571966,1791307576201,502,false,false,1502
vu-3682,19000628,1791307571986,1791307576201,502,false,false,1502
vu-9335,56011399,1791307571973,1791307576201,502,false,false,1502
vu-8026,48015603,1791307571989,1791307576201,502,false,false,1502
vu-9577,59004341,1791307571986,1791307576201,500,false,false,1500
vu-1189,02018281,1791307571980,1791307576201,502,false,false,1502
vu-2807,13000444,1791307571966,1791307576201,502,false,false,1502
vu-8336,49014624,1791307571987,1791307576201,502,false,false,1502
vu-3824,19015762,1791307571984,1791307576201,502,false,false,1502
vu-5970,32007313,1791307571986,1791307576201,502,false,false,1502
vu-8061,48019349,1791307571984,1791307576201,502,false,false,1502
vu-4217,23000104,1791307571981,1791307576201,502,false,false,1502
vu-419,01044742,1791307571991,1791307576201,502,false,false,1502
vu-8235,49003876,1791307571991,1791307576201,502,false,false,1502
vu-5283,28038026,1791307571971,1791307576201,502,false,false,1502
vu-1127,02011693,1791307571991,1791307576201,502,false,false,1502
vu-7850,47009969,1791307571970,1791307576201,502,false,false,1502
vu-6707,38008384,1791307571985,1791307576201,502,false,false,1502
vu-157,01016723,1791307571981,1791307576201,502,false,false,1502
vu-5094,28017854,1791307571973,1791307576201,502,false,false,1502
vu-7114,41004910,1791307571983,1791307576201,502,false,false,1502
vu-8404,50006043,1791307571988,1791307576201,502,false,false,1502
vu-4835,27001994,1791307571982,1791307576201,502,false,false,1502
vu-3576,18011162,1791307571987,1791307576201,502,false,false,1502
vu-3068,15006924,1791307571988,1791307576201,502,false,false,1502
vu-7974,48010034,1791307571983,1791307576202,502,false,false,1502
vu-9134,55002888,1791307571974,1791307576202,502,false,false,1502
vu-674,01071968,1791307571979,1791307576202,502,false,false,1502
vu-3698,19002328,1791307571980,1791307576202,502,false,false,1502
vu-5666,30003202,1791307571984,1791307576202,502,false,false,1502
vu-4210,22015744,1791307571974,1791307576202,502,false,false,1502
vu-8638,51014463,1791307571988,1791307576202,502,false,false,1502
vu-5208,28030020,1791307571992,1791307576202,502,false,false,1502
vu-4520,25012922,1791307571980,1791307576202,502,false,false,1502
vu-3041,15004040,1791307571997,1791307576202,502,false,false,1502
vu-907,01096841,1791307571984,1791307576202,502,false,false,1502
vu-3419,17012402,1791307571991,1791307576202,502,false,false,1502
vu-2846,13004601,1791307571979,1791307576202,502,false,false,1502
vu-7075,41000750,1791307571997,1791307576202,502,false,false,1502
vu-2883,13008543,1791307571957,1791307576202,200,true,false,
vu-6734,38011251,1791307571968,1791307576202,502,false,false,1502
vu-2812,13000977,1791307571986,1791307576202,502,false,false,1502
vu-1326,02032838,1791307571981,1791307576202,502,false,false,1502
vu-5693,30006080,1791307571984,1791307576202,502,false,false,1502
vu-3465,17017329,1791307571993,1791307576202,502,false,false,1502
vu-9642,60000583,1791307571995,1791307576202,502,false,false,1502
vu-1211,02020620,1791307571995,1791307576202,502,false,false,1502
vu-5006,28008471,1791307571969,1791307576202,502,false,false,1502
vu-1786,02082220,1791307571985,1791307576202,502,false,false,1502
vu-206,01021974,1791307571992,1791307576202,502,false,false,1502
vu-6187,34009228,1791307571994,1791307576202,502,false,false,1502
vu-1694,02072380,1791307571988,1791307576202,502,false,false,1502
vu-2813,13001084,1791307571983,1791307576202,502,false,false,1502
vu-9159,55005555,1791307571989,1791307576202,502,false,false,1502
vu-9532,58009252,1791307571983,1791307576202,502,false,false,1502
vu-2325,07000159,1791307571984,1791307576202,502,false,false,1502
vu-5960,32006247,1791307571993,1791307576202,502,false,false,1502
vu-3971,21013728,1791307571994,1791307576202,502,false,false,1502
vu-3248,16009646,1791307571994,1791307576202,502,false,false,1502
vu-7049,40018902,1791307571986,1791307576202,502,false,false,1502
vu-6832,39006457,1791307571994,1791307576202,502,false,false,1502
vu-9300,56007674,1791307571974,1791307576202,502,false,false,1502
vu-8907,53010122,1791307571969,1791307576202,502,false,false,1502
vu-3923,21008618,1791307571995,1791307576202,502,false,false,1502
vu-7413,43006882,1791307571985,1791307576202,502,false,false,1502
vu-266,01028392,1791307571984,1791307576202,502,false,false,1502
vu-7257,42005697,1791307571992,1791307576202,502,false,false,1502
vu-1653,02067994,1791307571989,1791307576202,502,false,false,1502
vu-7387,43004117,1791307571977,1791307576202,502,false,false,1502
vu-2249,05004540,1791307571997,1791307576202,502,false,false,1502
vu-4215,22016276,1791307571982,1791307576202,502,false,false,1502
vu-471,01050288,1791307571988,1791307576202,502,false,false,1502
vu-5398,29011574,1791307571969,1791307576203,502,false,false,1502
vu-3829,19016293,1791307571984,1791307576203,502,false,false,1502
vu-6176,34008050,1791307571992,1791307576203,502,false,false,1502
vu-6924,40005589,1791307571960,1791307576203,200,true,false,
vu-1292,02029228,1791307571977,1791307576203,502,false,false,1502
vu-1640,02066557,1791307571993,1791307576203,502,false,false,1502
vu-1192,02018600,1791307571980,1791307576203,502,false,false,1502
vu-7689,46003346,1791307571988,1791307576203,502,false,false,1502
vu-9861,63000081,1791307571973,1791307576203,502,false,false,1502
vu-2435,08007676,1791307571983,1791307576203,502,false,false,1502
vu-7908,48002977,1791307571975,1791307576203,502,false,false,1502
vu-6221,34012899,1791307571987,1791307576203,502,false,false,1502
vu-151,01016074,1791307571987,1791307576204,502,false,false,1502
vu-6839,39007200,1791307571988,1791307576205,502,false,false,1502
vu-3842,19017677,1791307571998,1791307576205,502,false,false,1502
vu-3425,17013042,1791307571998,1791307576208,502,false,false,1502
vu-8405,50006149,1791307571992,1791307576209,500,false,false,1500
vu-4109,22004985,1791307571976,1791307576210,500,false,false,1500
vu-5870,31007880,1791307571982,1791307576210,502,false,false,1502
vu-9444,57010825,1791307571972,1791307576210,502,false,false,1502
vu-3497,18002740,1791307571981,1791307576210,502,false,false,1502
vu-2957,14007730,1791307571975,1791307576210,502,false,false,1502
vu-5286,28038349,1791307571979,1791307576211,502,false,false,1502
vu-837,01089366,1791307571975,1791307576211,502,false,false,1502
vu-3720,19004677,1791307571992,1791307576211,502,false,false,1502
vu-1197,02019132,1791307571982,1791307576211,502,false,false,1502
vu-6849,39008268,1791307571973,1791307576211,502,false,false,1502
vu-8266,49007177,1791307571985,1791307576211,502,false,false,1502
vu-3843,21000096,1791307571987,1791307576211,502,false,false,1502
vu-5664,30002989,1791307571984,1791307576211,502,false,false,1502
vu-2008,03017982,1791307571972,1791307576211,502,false,false,1502
vu-9323,56010120,1791307571977,1791307576211,502,false,false,1502
vu-3289,16014006,1791307571963,1791307576211,200,true,false,
vu-4266,23005333,1791307571972,1791307576211,502,false,false,1502
vu-3141,15014714,1791307571967,1791307576211,502,false,false,1502
vu-2308,06003889,1791307571983,1791307576211,502,false,false,1502
vu-1325,02032732,1791307571979,1791307576211,502,false,false,1502
vu-4442,25004620,1791307571986,1791307576211,502,false,false,1502
vu-2636,11002200,1791307571995,1791307576211,502,false,false,1502
vu-800,01085416,1791307571974,1791307576211,502,false,false,1502
vu-7891,48001158,1791307571975,1791307576212,502,false,false,1502
vu-4088,22002745,1791307571976,1791307576211,502,false,false,1502
vu-9184,55008216,1791307571977,1791307576212,502,false,false,1502
vu-3706,19003189,1791307571987,1791307576212,502,false,false,1502
vu-8113,48024904,1791307571991,1791307576212,502,false,false,1502
vu-1138,02012862,1791307571979,1791307576212,502,false,false,1502
vu-3076,15007775,1791307571985,1791307576213,500,false,false,1500
vu-6313,35005276,1791307571946,1791307576214,200,true,false,
vu-2424,08006508,1791307571981,1791307576214,502,false,false,1502
vu-7606,45000804,1791307571982,1791307576214,502,false,false,1502
vu-6811,39004215,1791307571973,1791307576215,500,false,false,1500
vu-7281,42008255,1791307571960,1791307576215,200,true,false,
vu-6570,37013223,1791307571990,1791307576216,502,false,false,1502
vu-834,01089045,1791307571972,1791307576217,502,false,false,1502
vu-1733,02076535,1791307571984,1791307576217,502,false,false,1502
vu-909,01097053,1791307571992,1791307576218,502,false,false,1502
vu-5797,31000097,1791307571989,1791307576218,502,false,false,1502
vu-1637,02066231,1791307571992,1791307576218,502,false,false,1502
vu-8541,51004142,1791307571988,1791307576218,502,false,false,1502
vu-1562,02058249,1791307571989,1791307576218,502,false,false,1502
vu-6127,34002823,1791307571994,1791307576218,502,false,false,1502
vu-8250,49005476,1791307571991,1791307576218,502,false,false,1502
vu-1549,02056771,1791307571992,1791307576218,502,false,false,1502
vu-9710,61001422,1791307571988,1791307576218,502,false,false,1502
vu-902,01096306,1791307571988,1791307576218,502,false,false,1502
vu-6384,35012837,1791307571982,1791307576218,502,false,false,1502
vu-249,01026574,1791307571987,1791307576218,502,false,false,1502
vu-3243,16009114,1791307571995,1791307576218,502,false,false,1502
vu-8240,49004407,1791307571989,1791307576218,502,false,false,1502
vu-4438,25004195,1791307571995,1791307576218,502,false,false,1502
vu-8301,49010901,1791307571985,1791307576218,502,false,false,1502
vu-1387,02039319,1791307571974,1791307576218,502,false,false,1502
vu-2119,04004169,1791307571991,1791307576219,502,false,false,1502
vu-6400,36000144,1791307571992,1791307576219,502,false,false,1502
vu-4925,27011585,1791307571991,1791307576219,502,false,false,1502
vu-4005,21017357,1791307571992,1791307576219,502,false,false,1502
vu-9696,60006344,1791307571996,1791307576219,502,false,false,1502
vu-630,01067277,1791307571982,1791307576219,502,false,false,1502
vu-4840,27002531,1791307571994,1791307576219,502,false,false,1502
vu-3204,16004951,1791307571988,1791307576219,502,false,false,1502
vu-8819,53000748,1791307571995,1791307576219,502,false,false,1502
vu-7087,41002032,1791307571983,1791307576219,502,false,false,1502
vu-6830,39006242,1791307571988,1791307576219,502,false,false,1502
vu-797,01085096,1791307571991,1791307576219,502,false,false,1502
vu-1594,02061656,1791307571993,1791307576219,502,false,false,1502
vu-3757,19008620,1791307571954,1791307576219,200,true,false,
vu-8191,48033231,1791307571985,1791307576219,502,false,false,1502
vu-256,01027323,1791307571984,1791307576219,502,false,false,1502
vu-6683,38005827,1791307571995,1791307576219,502,false,false,1502
vu-7103,41003738,1791307571998,1791307576219,502,false,false,1502
vu-3983,21015009,1791307571993,1791307576219,502,false,false,1502
vu-9731,61003670,1791307571992,1791307576219,502,false,false,1502
vu-221,01023574,1791307571990,1791307576219,502,false,false,1502
vu-4337,24003043,1791307571992,1791307576219,502,false,false,1502
vu-5205,28029701,1791307571986,1791307576219,502,false,false,1502
vu-17,01001715,1791307571987,1791307576220,502,false,false,1502
vu-4884,27007224,1791307571994,1791307576220,502,false,false,1502
vu-7694,46003880,1791307571996,1791307576220,502,false,false,1502
vu-6654,38002738,1791307571980,1791307576220,502,false,false,1502
vu-2521,09008456,1791307571953,1791307576221,502,false,false,1502
vu-7011,40014851,1791307571964,1791307576221,200,true,false,
vu-6434,36003767,1791307571952,1791307576221,200,true,false,
vu-7497,44004491,1791307571998,1791307576223,502,false,false,1502
vu-2545,10001987,1791307571981,1791307576225,200,true,false,
vu-6121,34002182,1791307571954,1791307576225,200,true,false,
vu-354,01037810,1791307571954,1791307576226,502,false,false,1502
vu-9125,55001928,1791307571981,1791307576226,502,false,false,1502
vu-4476,25008236,1791307571978,1791307576226,502,false,false,1502
vu-8269,49007497,1791307571993,1791307576227,502,false,false,1502
vu-3435,17014114,1791307571990,1791307576228,500,false,false,1500
vu-5807,31001171,1791307571996,1791307576229,502,false,false,1502
vu-6003,33002431,1791307571987,1791307576231,500,false,false,1500
vu-7540,44009059,1791307571990,1791307576231,502,false,false,1502
vu-8138,48027573,1791307571992,1791307576232,502,false,false,1502
vu-1577,02059849,1791307571979,1791307576232,502,false,false,1502
vu-7100,41003418,1791307571985,1791307576232,502,false,false,1502
vu-6303,35004212,1791307571984,1791307576232,502,false,false,1502
vu-4651,26005070,1791307571997,1791307576232,502,false,false,1502
vu-9242,56001507,1791307571973,1791307576233,502,false,false,1502
vu-5594,29032481,1791307571978,1791307576233,502,false,false,1502
vu-362,01038661,1791307571983,1791307576233,502,false,false,1502
vu-2643,11002953,1791307571992,1791307576233,502,false,false,1502
vu-3657,18019797,1791307571970,1791307576233,502,false,false,1502
vu-4211,22015850,1791307571987,1791307576233,502,false,false,1502
vu-5894,31010434,1791307571998,1791307576233,502,false,false,1502
vu-7465,44001074,1791307571978,1791307576233,502,false,false,1502
vu-2096,04001705,1791307571996,1791307576233,502,false,false,1502
vu-1959,03012750,1791307571982,1791307576233,502,false,false,1502
vu-2888,14000358,1791307571995,1791307576233,502,false,false,1502
vu-7059,40019965,1791307571987,1791307576233,502,false,false,1502
vu-2144,04006844,1791307571989,1791307576233,502,false,false,1502
vu-8258,49006327,1791307571993,1791307576233,502,false,false,1502
vu-6737,38011570,1791307571981,1791307576233,502,false,false,1502
vu-7174,41011310,1791307571972,1791307576233,502,false,false,1502
vu-9924,63006786,1791307571979,1791307576233,502,false,false,1502
vu-6056,33008101,1791307571991,1791307576233,502,false,false,1502
vu-4497,25010472,1791307571983,1791307576233,502,false,false,1502
vu-396,01042293,1791307571984,1791307576233,502,false,false,1502
vu-657,01070153,1791307571983,1791307576233,502,false,false,1502
vu-296,01031610,1791307571997,1791307576233,502,false,false,1502
vu-8059,48019136,1791307571987,1791307576233,502,false,false,1502
vu-6323,35006337,1791307571980,1791307576233,502,false,false,1502
vu-7857,47010714,1791307571976,1791307576233,502,false,false,1502
vu-5156,28024459,1791307571976,1791307576233,502,false,false,1502
vu-2446,09000461,1791307571966,1791307576233,502,false,false,1502
vu-7511,44005978,1791307571991,1791307576233,502,false,false,1502
vu-1115,02010418,1791307571973,1791307576233,502,false,false,1502
vu-8256,49006113,1791307571986,1791307576233,502,false,false,1502
vu-4174,22011912,1791307571980,1791307576233,502,false,false,1502
vu-3051,15005105,1791307571984,1791307576233,502,false,false,1502
vu-3518,18004986,1791307571995,1791307576233,502,false,false,1502
vu-4357,24005171,1791307571977,1791307576233,502,false,false,1502
vu-4327,24001978,1791307571996,1791307576233,502,false,false,1502
vu-817,01087235,1791307571972,1791307576233,502,false,false,1502
vu-6957,40009101,1791307571993,1791307576233,502,false,false,1502
vu-783,01083604,1791307571969,1791307576234,502,false,false,1502
vu-7418,43007416,1791307571981,1791307576234,502,false,false,1502
vu-8251,49005583,1791307571993,1791307576234,502,false,false,1502
vu-2266,05006351,1791307571990,1791307576234,502,false,false,1502
vu-4991,28006859,1791307571961,1791307576234,502,false,false,1502
vu-9506,58006489,1791307571979,1791307576234,502,false,false,1502
vu-2125,04004817,1791307571992,1791307576234,502,false,false,1502
vu-8145,48028321,1791307571989,1791307576234,502,false,false,1502
vu-3113,15011728,1791307571988,1791307576234,502,false,false,1502
vu-4430,25003339,1791307571993,1791307576234,502,false,false,1502
vu-602,01064299,1791307571993,1791307576234,502,false,false,1502
vu-8041,48017207,1791307571999,1791307576234,502,false,false,1502
vu-3396,17009950,1791307571967,1791307576234,502,false,false,1502
vu-1696,02072593,1791307571984,1791307576234,502,false,false,1502
vu-1915,03008050,1791307571971,1791307576234,502,false,false,1502
vu-4832,27001672,1791307571989,1791307576234,502,false,false,1502
vu-9135,55002995,1791307571979,1791307576234,502,false,false,1502
vu-5116,28020202,1791307571986,1791307576234,502,false,false,1502
vu-8809,52012357,1791307571990,1791307576234,502,false,false,1502
vu-9050,54009018,1791307571991,1791307576234,502,false,false,1502
vu-4875,27006266,1791307571997,1791307576234,502,false,false,1502
vu-2108,04002984,1791307571995,1791307576234,502,false,false,1502
vu-9249,56002252,1791307571994,1791307576234,502,false,false,1502
vu-8037,48016777,1791307571990,1791307576234,502,false,false,1502
vu-4696,26009877,1791307571993,1791307576234,502,false,false,1502
vu-2255,05005178,1791307571977,1791307576234,502,false,false,1502
vu-6775,39000373,1791307571983,1791307576234,502,false,false,1502
vu-6053,33007779,1791307571992,1791307576234,502,false,false,1502
vu-2087,04000745,1791307571991,1791307576234,502,false,false,1502
vu-8277,49008350,1791307571993,1791307576234,502,false,false,1502
vu-4003,21017145,1791307571991,1791307576234,502,false,false,1502
vu-3651,18019154,1791307571991,1791307576234,502,false,false,1502
vu-6097,33012464,1791307571986,1791307576234,502,false,false,1502
vu-6,01000536,1791307571989,1791307576234,502,false,false,1502
vu-4751,26015757,1791307571987,1791307576234,502,false,false,1502
vu-8890,53008302,1791307571996,1791307576234,502,false,false,1502
vu-1792,02082857,1791307571992,1791307576234,502,false,false,1502
vu-2554,10002961,1791307571983,1791307576234,502,false,false,1502
vu-7633,45003693,1791307571981,1791307576234,502,false,false,1502
vu-3449,17015602,1791307571991,1791307576234,502,false,false,1502
vu-7030,40016877,1791307571987,1791307576234,502,false,false,1502
vu-964,01102916,1791307571985,1791307576234,502,false,false,1502
vu-7165,41010348,1791307571991,1791307576234,502,false,false,1502
vu-7619,45002202,1791307571995,1791307576234,502,false,false,1502
vu-4435,25003876,1791307571984,1791307576235,502,false,false,1502
vu-4113,22005410,1791307571991,1791307576235,502,false,false,1502
vu-2128,04005138,1791307571994,1791307576235,502,false,false,1502
vu-1297,02029759,1791307571979,1791307576235,502,false,false,1502
vu-5024,28010391,1791307571993,1791307576235,502,false,false,1502
vu-1711,02074196,1791307571994,1791307576235,502,false,false,1502
vu-3253,16010176,1791307571997,1791307576235,502,false,false,1502
vu-3687,19001159,1791307571989,1791307576235,502,false,false,1502
vu-7328,42013256,1791307571998,1791307576235,502,false,false,1502
vu-1552,02057113,1791307571989,1791307576235,502,false,false,1502
vu-5753,30012478,1791307571990,1791307576235,502,false,false,1502
vu-4852,27003817,1791307571994,1791307576235,502,false,false,1502
vu-9406,57006785,1791307571992,1791307576235,502,false,false,1502
vu-7236,42003460,1791307571991,1791307576235,502,false,false,1502
vu-5647,30001179,1791307571986,1791307576235,502,false,false,1502
vu-3313,17001053,1791307571996,1791307576235,502,false,false,1502
vu-2340,07001757,1791307571982,1791307576235,502,false,false,1502
vu-6844,39007736,1791307571987,1791307576235,502,false,false,1502
vu-9661,60002611,1791307571977,1791307576235,502,false,false,1502
vu-9246,56001931,1791307571994,1791307576235,502,false,false,1502
vu-7121,41005657,1791307571986,1791307576235,502,false,false,1502
vu-4121,22006263,1791307571995,1791307576235,502,false,false,1502
vu-885,01094494,1791307571991,1791307576235,502,false,false,1502
vu-7988,48011531,1791307571980,1791307576235,502,false,false,1502
vu-3859,21001805,1791307571996,1791307576235,502,false,false,1502
vu-7324,42012832,1791307571996,1791307576235,502,false,false,1502
vu-1002,01106969,1791307571987,1791307576235,502,false,false,1502
vu-4414,25001636,1791307571988,1791307576235,502,false,false,1502
vu-5570,29029906,1791307571989,1791307576235,502,false,false,1502
vu-8421,50007865,1791307571985,1791307576235,502,false,false,1502
vu-3847,21000527,1791307571981,1791307576235,502,false,false,1502
vu-6229,34013748,1791307571993,1791307576235,502,false,false,1502
vu-3644,18018402,1791307571990,1791307576235,502,false,false,1502
vu-5366,29008162,1791307571976,1791307576235,502,false,false,1502
vu-4441,25004514,1791307571983,1791307576235,502,false,false,1502
vu-3321,17001906,1791307571995,1791307576235,502,false,false,1502
vu-5631,29036428,1791307571989,1791307576235,502,false,false,1502
vu-5062,28014443,1791307571991,1791307576235,502,false,false,1502
vu-1011,01107928,1791307571988,1791307576235,502,false,false,1502
vu-3688,19001265,1791307571991,1791307576235,502,false,false,1502
vu-2961,14008161,1791307571980,1791307576235,502,false,false,1502
vu-5847,31005432,1791307571977,1791307576235,502,false,false,1502
vu-5604,29033550,1791307571990,1791307576235,502,false,false,1502
vu-4889,27007757,1791307571991,1791307576235,502,false,false,1502
vu-1323,02032519,1791307571965,1791307576235,502,false,false,1502
vu-4369,24006446,1791307571994,1791307576235,502,false,false,1502
vu-3006,15000303,1791307571999,1791307576235,502,false,false,1502
vu-4570,25018243,1791307571996,1791307576235,502,false,false,1502
vu-8635,51014140,1791307571986,1791307576235,502,false,false,1502
vu-6757,38013698,1791307571992,1791307576235,502,false,false,1502
vu-4864,27005095,1791307571988,1791307576235,502,false,false,1502
vu-2640,11002633,1791307571974,1791307576235,502,false,false,1502
vu-976,01104191,1791307571984,1791307576235,502,false,false,1502
vu-5803,31000744,1791307571993,1791307576235,502,false,false,1502
vu-6635,38000713,1791307571993,1791307576235,502,false,false,1502
vu-7927,48005004,1791307571985,1791307576235,502,false,false,1502
vu-441,01047086,1791307571994,1791307576235,502,false,false,1502
vu-5357,29007190,1791307571964,1791307576235,502,false,false,1502
vu-3834,19016825,1791307571989,1791307576235,502,false,false,1502
vu-4821,27000498,1791307571997,1791307576235,502,false,false,1502
vu-1615,02063889,1791307571992,1791307576235,502,false,false,1502
vu-2138,04006206,1791307571990,1791307576235,502,false,false,1502
vu-3235,16008261,1791307571985,1791307576235,502,false,false,1502
vu-8196,48033764,1791307571983,1791307576235,502,false,false,1502
vu-3603,18014039,1791307571993,1791307576235,502,false,false,1502
vu-4149,22009246,1791307571991,1791307576235,502,false,false,1502
vu-634,01067703,1791307571996,1791307576235,502,false,false,1502
vu-9610,59007856,1791307571982,1791307576236,502,false,false,1502
vu-8653,51016060,1791307571992,1791307576236,502,false,false,1502
vu-337,01035994,1791307571982,1791307576236,502,false,false,1502
vu-6380,35012408,1791307571997,1791307576236,502,false,false,1502
vu-5956,32005819,1791307571977,1791307576236,502,false,false,1502
vu-7016,40015382,1791307571984,1791307576236,502,false,false,1502
vu-7140,41007684,1791307571995,1791307576236,502,false,false,1502
vu-3122,15012691,1791307571989,1791307576236,502,false,false,1502
vu-6177,34008157,1791307571990,1791307576236,502,false,false,1502
vu-3670,18021182,1791307571988,1791307576236,502,false,false,1502
vu-254,01027110,1791307571991,1791307576236,502,false,false,1502
vu-4058,21023013,1791307571985,1791307576236,502,false,false,1502
vu-3731,19005851,1791307571987,1791307576236,502,false,false,1502
vu-8410,50006680,1791307571985,1791307576236,502,false,false,1502
vu-3786,19011709,1791307571992,1791307576236,502,false,false,1502
vu-9645,60000906,1791307571995,1791307576236,502,false,false,1502
vu-2922,14003991,1791307571996,1791307576236,502,false,false,1502
vu-5943,32004429,1791307571986,1791307576236,502,false,false,1502
vu-2912,14002920,1791307571995,1791307576236,502,false,false,1502
vu-6820,39005174,1791307571978,1791307576236,502,false,false,1502
vu-4170,22011486,1791307571991,1791307576236,502,false,false,1502
vu-981,01104723,1791307571987,1791307576236,502,false,false,1502
vu-5041,28012203,1791307571985,1791307576236,502,false,false,1502
vu-1136,02012650,1791307571993,1791307576236,502,false,false,1502
vu-6178,34008266,1791307571992,1791307576236,502,false,false,1502
vu-1658,02068525,1791307571987,1791307576236,502,false,false,1502
vu-5702,30007038,1791307571988,1791307576236,502,false,false,1502
vu-287,01030644,1791307571996,1791307576236,502,false,false,1502
vu-1235,02023174,1791307571997,1791307576236,502,false,false,1502
vu-604,01064513,1791307571996,1791307576236,502,false,false,1502
vu-3727,19005427,1791307571994,1791307576236,502,false,false,1502
vu-6040,33006391,1791307571999,1791307576236,502,false,false,1502
vu-6804,39003464,1791307571986,1791307576236,502,false,false,1502
vu-999,01106650,1791307571987,1791307576236,502,false,false,1502
vu-5745,30011625,1791307571992,1791307576236,502,false,false,1502
vu-4131,22007333,1791307571988,1791307576236,502,false,false,1502
vu-1230,02022642,1791307571993,1791307576236,502,false,false,1502
vu-1680,02070893,1791307571989,1791307576236,502,false,false,1502
vu-2316,06004757,1791307571986,1791307576236,502,false,false,1502
vu-4673,26007421,1791307571987,1791307576236,502,false,false,1502
vu-3261,16011028,1791307571991,1791307576236,502,false,false,1502
vu-4682,26008381,1791307571983,1791307576236,502,false,false,1502
vu-8319,49012819,1791307571989,1791307576236,502,false,false,1502
vu-8197,48033870,1791307571985,1791307576236,502,false,false,1502
vu-2578,10005515,1791307571997,1791307576236,502,false,false,1502
vu-1564,02058463,1791307571993,1791307576236,502,false,false,1502
vu-6126,34002717,1791307571989,1791307576236,502,false,false,1502
vu-2918,14003563,1791307571983,1791307576236,502,false,false,1502
vu-6822,39005387,1791307571994,1791307576236,502,false,false,1502
vu-67,01007089,1791307571985,1791307576237,502,false,false,1502
vu-317,01033848,1791307571997,1791307576237,502,false,false,1502
vu-7058,40019859,1791307571986,1791307576237,502,false,false,1502
vu-4656,26005603,1791307571990,1791307576237,502,false,false,1502
vu-7307,42011022,1791307571997,1791307576237,502,false,false,1502
vu-4176,22012125,1791307571993,1791307576237,502,false,false,1502
vu-3675,18021714,1791307571976,1791307576237,502,false,false,1502
vu-7933,48005646,1791307571994,1791307576237,502,false,false,1502
vu-3533,18006580,1791307571989,1791307576237,502,false,false,1502
vu-2362,07004100,1791307571985,1791307576237,502,false,false,1502
vu-8207,49000898,1791307571981,1791307576237,502,false,false,1502
vu-4015,21018420,1791307571975,1791307576237,502,false,false,1502
vu-4945,28001931,1791307571994,1791307576237,502,false,false,1502
vu-5162,28025105,1791307571987,1791307576237,502,false,false,1502
vu-4354,24004852,1791307571977,1791307576237,502,false,false,1502
vu-613,01065470,1791307571998,1791307576237,502,false,false,1502
vu-3735,19006277,1791307571992,1791307576237,502,false,false,1502
vu-6166,34006981,1791307571993,1791307576237,502,false,false,1502
vu-4363,24005808,1791307571995,1791307576237,502,false,false,1502
vu-2084,04000421,1791307571990,1791307576237,502,false,false,1502
vu-754,01080516,1791307571999,1791307576237,502,false,false,1502
vu-2615,10009464,1791307571997,1791307576237,502,false,false,1502
vu-9832,62004250,1791307571999,1791307576237,502,false,false,1502
vu-6708,38008490,1791307571989,1791307576237,502,false,false,1502
vu-7247,42004633,1791307571988,1791307576237,502,false,false,1502
vu-2157,04008256,1791307571995,1791307576237,502,false,false,1502
vu-3346,17004587,1791307571995,1791307576237,502,false,false,1502
vu-5457,29017861,1791307571986,1791307576237,502,false,false,1502
vu-7885,48000516,1791307571976,1791307576238,502,false,false,1502
vu-3819,19015229,1791307571995,1791307576238,502,false,false,1502
vu-3178,16002184,1791307571975,1791307576238,502,false,false,1502
vu-7032,40017090,1791307571983,1791307576238,502,false,false,1502
vu-1120,02010950,1791307571989,1791307576238,502,false,false,1502
vu-2503,09006536,1791307571997,1791307576238,502,false,false,1502
vu-2394,08003305,1791307571983,1791307576238,502,false,false,1502
vu-3378,17008031,1791307571999,1791307576238,502,false,false,1502
vu-5028,28010817,1791307571995,1791307576238,502,false,false,1502
vu-6244,34015353,1791307571991,1791307576238,502,false,false,1502
vu-1561,02058122,1791307571984,1791307576238,502,false,false,1502
vu-5560,29028838,1791307571993,1791307576238,502,false,false,1502
vu-1657,02068419,1791307571983,1791307576238,502,false,false,1502
vu-944,01100785,1791307571990,1791307576238,502,false,false,1502
vu-2867,13006840,1791307571982,1791307576238,502,false,false,1502
vu-6926,40005802,1791307571978,1791307576238,502,false,false,1502
vu-3137,15014287,1791307571995,1791307576238,502,false,false,1502
vu-8994,54003059,1791307571979,1791307576238,502,false,false,1502
vu-404,01043147,1791307571986,1791307576238,502,false,false,1502
vu-1024,02000736,1791307571999,1791307576238,502,false,false,1502
vu-2209,05000270,1791307571999,1791307576238,502,false,false,1502
vu-6586,37014926,1791307571987,1791307576238,502,false,false,1502
vu-1929,03009542,1791307571972,1791307576238,502,false,false,1502
vu-6058,33008314,1791307571993,1791307576238,502,false,false,1502
vu-9077,54011889,1791307571977,1791307576238,502,false,false,1502
vu-4421,25002380,1791307571991,1791307576238,502,false,false,1502
vu-118,01012538,1791307571963,1791307576238,502,false,false,1502
vu-9914,63005723,1791307571991,1791307576239,502,false,false,1502
vu-3264,16011346,1791307571989,1791307576238,502,false,false,1502
vu-5799,31000313,1791307571991,1791307576239,502,false,false,1502
vu-6179,34008374,1791307571993,1791307576239,502,false,false,1502
vu-7102,41003632,1791307571986,1791307576239,502,false,false,1502
vu-3228,16007510,1791307571994,1791307576239,502,false,false,1502
vu-4004,21017251,1791307572001,1791307576239,502,false,false,1502
vu-4110,22005091,1791307571993,1791307576239,502,false,false,1502
vu-1005,01107291,1791307571988,1791307576239,502,false,false,1502
vu-4913,27010310,1791307571997,1791307576239,502,false,false,1502
vu-2058,03023317,1791307571993,1791307576239,502,false,false,1502
vu-2872,13007372,1791307571994,1791307576239,502,false,false,1502
vu-4550,25016115,1791307571995,1791307576239,502,false,false,1502
vu-9699,61000249,1791307571979,1791307576239,502,false,false,1502
vu-8394,50004982,1791307571986,1791307576239,502,false,false,1502
vu-1337,02034008,1791307571982,1791307576239,502,false,false,1502
vu-6160,34006343,1791307571995,1791307576239,502,false,false,1502
vu-6162,34006555,1791307571993,1791307576239,502,false,false,1502
vu-9469,58002551,1791307571972,1791307576239,502,false,false,1502
vu-7601,45000271,1791307571985,1791307576239,502,false,false,1502
vu-8804,52011825,1791307571987,1791307576239,502,false,false,1502
vu-7550,44010121,1791307571985,1791307576239,502,false,false,1502
vu-9218,55011839,1791307571991,1791307576239,502,false,false,1502
vu-1616,02063995,1791307571990,1791307576239,502,false,false,1502
vu-8233,49003664,1791307571988,1791307576239,502,false,false,1502
vu-6273,35001018,1791307571993,1791307576239,502,false,false,1502
vu-6078,33010443,1791307571995,1791307576239,502,false,false,1502
vu-5159,28024779,1791307571995,1791307576239,502,false,false,1502
vu-4997,28007505,1791307571996,1791307576239,502,false,false,1502
vu-1095,02008289,1791307571992,1791307576239,502,false,false,1502
vu-2639,11002525,1791307571977,1791307576239,502,false,false,1502
vu-46,01004823,1791307571991,1791307576239,502,false,false,1502
vu-4689,26009124,1791307571989,1791307576239,502,false,false,1502
vu-8370,50002432,1791307571989,1791307576239,502,false,false,1502
vu-3886,21004678,1791307571993,1791307576239,502,false,false,1502
vu-3317,17001480,1791307571994,1791307576239,502,false,false,1502
vu-9229,56000124,1791307571987,1791307576239,502,false,false,1502
vu-7216,42001323,1791307571989,1791307576239,502,false,false,1502
vu-7047,40018689,1791307571996,1791307576239,502,false,false,1502
vu-7874,47012521,1791307571997,1791307576239,502,false,false,1502
vu-4660,26006027,1791307571994,1791307576239,502,false,false,1502
vu-6383,35012731,1791307571990,1791307576239,502,false,false,1502
vu-5389,29010617,1791307571994,1791307576239,502,false,false,1502
vu-4863,27004989,1791307571993,1791307576239,502,false,false,1502
vu-8151,48028960,1791307571989,1791307576239,502,false,false,1502
vu-6455,37000967,1791307571995,1791307576239,502,false,false,1502
vu-475,01050716,1791307571987,1791307576239,502,false,false,1502
vu-8932,53012782,1791307571983,1791307576239,502,false,false,1502
vu-6785,39001438,1791307571994,1791307576240,502,false,false,1502
vu-2665,12002089,1791307572000,1791307576239,502,false,false,1502
vu-6504,37006195,1791307571998,1791307576240,502,false,false,1502
vu-5820,31002556,1791307571992,1791307576240,502,false,false,1502
vu-7725,46007179,1791307571991,1791307576240,502,false,false,1502
vu-47,01004932,1791307571992,1791307576240,502,false,false,1502
vu-9013,54005081,1791307571979,1791307576240,502,false,false,1502
vu-4593,25020689,1791307571976,1791307576240,502,false,false,1502
vu-9899,63004124,1791307571997,1791307576240,502,false,false,1502
vu-9400,57006147,1791307571989,1791307576240,502,false,false,1502
vu-3048,15004787,1791307571976,1791307576240,502,false,false,1502
vu-211,01022505,1791307571994,1791307576240,502,false,false,1502
vu-4962,28003757,1791307571988,1791307576240,502,false,false,1502
vu-88,01009332,1791307571994,1791307576240,502,false,false,1502
vu-8215,49001750,1791307571984,1791307576240,502,false,false,1502
vu-8970,54000506,1791307571975,1791307576240,502,false,false,1502
vu-2218,05001231,1791307571998,1791307576240,502,false,false,1502
vu-5502,29022659,1791307571997,1791307576240,502,false,false,1502
vu-3876,21003614,1791307571992,1791307576240,502,false,false,1502
vu-9319,56009695,1791307571973,1791307576240,502,false,false,1502
vu-6902,40003250,1791307571992,1791307576240,502,false,false,1502
vu-267,01028499,1791307571983,1791307576240,502,false,false,1502
vu-5058,28014018,1791307571988,1791307576240,502,false,false,1502
vu-2905,14002174,1791307571992,1791307576240,502,false,false,1502
vu-8268,49007389,1791307571991,1791307576240,502,false,false,1502
vu-9386,57004659,1791307571996,1791307576240,502,false,false,1502
vu-6827,39005922,1791307571985,1791307576240,502,false,false,1502
vu-4586,25019944,1791307571996,1791307576240,502,false,false,1502
vu-2097,04001811,1791307571993,1791307576240,502,false,false,1502
vu-6498,37005558,1791307571999,1791307576240,502,false,false,1502
vu-5053,28013485,1791307571996,1791307576240,502,false,false,1502
vu-2558,10003388,1791307571999,1791307576240,502,false,false,1502
vu-5500,29022446,1791307571998,1791307576240,502,false,false,1502
vu-5776,30014928,1791307571991,1791307576240,502,false,false,1502
vu-1736,02076854,1791307571991,1791307576240,502,false,false,1502
vu-6471,37002682,1791307571991,1791307576240,502,false,false,1502
vu-209,01022293,1791307571989,1791307576240,502,false,false,1502
vu-4658,26005815,1791307571986,1791307576240,502,false,false,1502
vu-5743,30011412,1791307571997,1791307576240,502,false,false,1502
vu-4013,21018206,1791307571996,1791307576240,502,false,false,1502
vu-55,01005805,1791307571996,1791307576240,502,false,false,1502
vu-7647,45005185,1791307571988,1791307576240,502,false,false,1502
vu-4272,23005972,1791307571996,1791307576240,502,false,false,1502
vu-8762,52007360,1791307571983,1791307576240,502,false,false,1502
vu-6034,33005751,1791307571995,1791307576240,502,false,false,1502
vu-7907,48002870,1791307571987,1791307576240,502,false,false,1502
vu-3047,15004679,1791307571997,1791307576240,502,false,false,1502
vu-263,01028073,1791307571996,1791307576240,502,false,false,1502
vu-5801,31000530,1791307571989,1791307576240,502,false,false,1502
vu-4791,26020029,1791307571985,1791307576240,502,false,false,1502
vu-8181,48032162,1791307571987,1791307576240,502,false,false,1502
vu-1779,02081473,1791307571987,1791307576240,502,false,false,1502
vu-3940,21010426,1791307571994,1791307576240,502,false,false,1502
vu-2049,03022357,1791307571992,1791307576240,502,false,false,1502
vu-6430,36003341,1791307571996,1791307576240,502,false,false,1502
vu-6212,34011933,1791307571990,1791307576241,502,false,false,1502
vu-1009,01107715,1791307571997,1791307576241,502,false,false,1502
vu-5749,30012051,1791307571987,1791307576241,502,false,false,1502
vu-6325,35006550,1791307571979,1791307576241,502,false,false,1502
vu-1058,02004353,1791307571998,1791307576241,502,false,false,1502
vu-2977,14009874,1791307571984,1791307576241,502,false,false,1502
vu-279,01029792,1791307571985,1791307576241,502,false,false,1502
vu-9691,60005812,1791307571996,1791307576241,502,false,false,1502
vu-1228,02022429,1791307571995,1791307576241,502,false,false,1502
vu-8950,53014694,1791307571978,1791307576241,502,false,false,1502
vu-1210,02020514,1791307571996,1791307576241,502,false,false,1502
vu-380,01040589,1791307572001,1791307576241,502,false,false,1502
vu-4569,25018136,1791307571995,1791307576241,502,false,false,1502
vu-1543,02056121,1791307571991,1791307576241,502,false,false,1502
vu-8660,51016805,1791307571997,1791307576241,502,false,false,1502
vu-4175,22012018,1791307571997,1791307576241,502,false,false,1502
vu-9148,55004386,1791307571988,1791307576241,502,false,false,1502
vu-184,01019626,1791307571959,1791307576241,502,false,false,1502
vu-3005,15000195,1791307571996,1791307576241,502,false,false,1502
vu-9324,56010226,1791307571993,1791307576241,502,false,false,1502
vu-3131,15013649,1791307571991,1791307576241,502,false,false,1502
vu-7476,44002244,1791307572000,1791307576241,502,false,false,1502
vu-1215,02021045,1791307571997,1791307576241,502,false,false,1502
vu-3570,18010522,1791307571984,1791307576241,502,false,false,1502
vu-3941,21010532,1791307571990,1791307576241,502,false,false,1502
vu-622,01066427,1791307571994,1791307576241,502,false,false,1502
vu-2584,10006157,1791307571997,1791307576241,502,false,false,1502
vu-5501,29022552,1791307571997,1791307576241,502,false,false,1502
vu-4117,22005836,1791307571994,1791307576241,502,false,false,1502
vu-220,01023468,1791307571988,1791307576241,502,false,false,1502
vu-4259,23004586,1791307571997,1791307576241,502,false,false,1502
vu-7431,43008798,1791307571997,1791307576241,502,false,false,1502
vu-9953,64002172,1791307571997,1791307576241,502,false,false,1502
vu-8210,49001219,1791307571990,1791307576241,502,false,false,1502
vu-8166,48030562,1791307571995,1791307576241,502,false,false,1502
vu-210,01022399,1791307571994,1791307576241,502,false,false,1502
vu-7,01000642,1791307571990,1791307576241,502,false,false,1502
vu-3738,19006596,1791307571986,1791307576241,502,false,false,1502
vu-5,01000427,1791307571993,1791307576241,502,false,false,1502
vu-3629,18016807,1791307571987,1791307576241,502,false,false,1502
vu-8426,50008400,1791307571990,1791307576241,502,false,false,1502
vu-6159,34006237,1791307571991,1791307576241,502,false,false,1502
vu-7427,43008372,1791307571995,1791307576241,502,false,false,1502
vu-8465,50012544,1791307571989,1791307576241,502,false,false,1502
vu-320,01034167,1791307571994,1791307576241,502,false,false,1502
vu-562,01060032,1791307571985,1791307576241,502,false,false,1502
vu-5575,29030442,1791307571985,1791307576241,502,false,false,1502
vu-1452,02046300,1791307571999,1791307576241,502,false,false,1502
vu-2100,04002131,1791307571996,1791307576241,502,false,false,1502
vu-6759,38013911,1791307571985,1791307576241,502,false,false,1502
vu-5101,28018603,1791307571980,1791307576241,502,false,false,1502
vu-3058,15005854,1791307571991,1791307576241,502,false,false,1502
vu-4645,26004433,1791307571993,1791307576241,502,false,false,1502
vu-9701,61000462,1791307571990,1791307576241,502,false,false,1502
vu-8100,48023515,1791307571988,1791307576241,502,false,false,1502
vu-421,01044954,1791307571991,1791307576241,502,false,false,1502
vu-5591,29032163,1791307571998,1791307576241,502,false,false,1502
vu-8634,51014034,1791307571996,1791307576242,502,false,false,1502
vu-6875,40000369,1791307572001,1791307576242,502,false,false,1502
vu-5578,29030763,1791307571997,1791307576242,502,false,false,1502
vu-8049,48018062,1791307571994,1791307576242,502,false,false,1502
vu-6567,37012904,1791307571996,1791307576242,502,false,false,1502
vu-2236,05003153,1791307571999,1791307576242,502,false,false,1502
vu-7737,46008457,1791307571988,1791307576242,502,false,false,1502
vu-5469,29019141,1791307571997,1791307576242,502,false,false,1502
vu-2115,04003744,1791307571992,1791307576242,502,false,false,1502
vu-4927,28000002,1791307571988,1791307576242,502,false,false,1502
vu-1455,02046620,1791307572000,1791307576242,502,false,false,1502
vu-1221,02021685,1791307571992,1791307576242,502,false,false,1502
vu-917,01097905,1791307571985,1791307576242,502,false,false,1502
vu-3790,19012140,1791307571977,1791307576242,502,false,false,1502
vu-6131,34003248,1791307571990,1791307576242,502,false,false,1502
vu-8143,48028106,1791307571990,1791307576242,502,false,false,1502
vu-3883,21004360,1791307571995,1791307576242,502,false,false,1502
vu-2993,14011591,1791307571995,1791307576242,502,false,false,1502
vu-3271,16012089,1791307571983,1791307576242,502,false,false,1502
vu-983,01104938,1791307571996,1791307576242,502,false,false,1502
vu-8082,48021591,1791307571989,1791307576242,502,false,false,1502
vu-6141,34004317,1791307571992,1791307576242,502,false,false,1502
vu-990,01105689,1791307571991,1791307576242,502,false,false,1502
vu-6852,39008586,1791307571999,1791307576242,502,false,false,1502
vu-1861,03002281,1791307571973,1791307576242,502,false,false,1502
vu-699,01074628,1791307571999,1791307576242,502,false,false,1502
vu-7503,44005128,1791307571991,1791307576242,502,false,false,1502
vu-3966,21013193,1791307571994,1791307576242,502,false,false,1502
vu-8886,53007877,1791307571981,1791307576242,502,false,false,1502
vu-2879,13008117,1791307571994,1791307576242,502,false,false,1502
vu-4865,27005201,1791307571992,1791307576242,502,false,false,1502
vu-2559,10003494,1791307571996,1791307576242,502,false,false,1502
vu-3741,19006915,1791307571999,1791307576242,502,false,false,1502
vu-7125,41006085,1791307571986,1791307576242,502,false,false,1502
vu-2140,04006420,1791307571990,1791307576242,502,false,false,1502
vu-3828,19016187,1791307571988,1791307576242,502,false,false,1502
vu-1078,02006483,1791307571994,1791307576242,502,false,false,1502
vu-7473,44001926,1791307571985,1791307576242,502,false,false,1502
vu-133,01014141,1791307572000,1791307576242,502,false,false,1502
vu-2243,05003898,1791307571997,1791307576242,502,false,false,1502
vu-8484,50014562,1791307571988,1791307576242,502,false,false,1502
vu-432,01046123,1791307571985,1791307576242,502,false,false,1502
vu-1229,02022536,1791307571995,1791307576243,502,false,false,1502
vu-5481,29020422,1791307571998,1791307576243,502,false,false,1502
vu-9573,59003915,1791307571987,1791307576243,502,false,false,1502
vu-7250,42004952,1791307571990,1791307576243,502,false,false,1502
vu-4744,26015012,1791307571992,1791307576243,502,false,false,1502
vu-2121,04004384,1791307571993,1791307576243,502,false,false,1502
vu-5593,29032375,1791307571986,1791307576243,502,false,false,1502
vu-1244,02024130,1791307571995,1791307576243,502,false,false,1502
vu-8684,51019357,1791307571989,1791307576243,502,false,false,1502
vu-7468,44001393,1791307571981,1791307576243,502,false,false,1502
vu-8401,50005725,1791307571992,1791307576243,502,false,false,1502
vu-9570,59003595,1791307571985,1791307576243,502,false,false,1502
vu-1550,02056884,1791307571984,1791307576243,502,false,false,1502
vu-9887,63002850,1791307571987,1791307576243,502,false,false,1502
vu-5602,29033334,1791307571988,1791307576243,502,false,false,1502
vu-8146,48028428,1791307571990,1791307576243,502,false,false,1502
vu-3944,21010850,1791307571959,1791307576243,200,true,false,
vu-1631,02065593,1791307571991,1791307576243,502,false,false,1502
vu-5438,29015838,1791307571980,1791307576243,502,false,false,1502
vu-1701,02073127,1791307571990,1791307576243,502,false,false,1502
vu-9925,63006892,1791307571977,1791307576243,502,false,false,1502
vu-3782,19011284,1791307571996,1791307576243,502,false,false,1502
vu-3646,18018615,1791307572000,1791307576243,502,false,false,1502
vu-5281,28037813,1791307571977,1791307576243,502,false,false,1502
vu-6063,33008844,1791307571997,1791307576243,502,false,false,1502
vu-4662,26006241,1791307571989,1791307576243,502,false,false,1502
vu-6909,40003994,1791307571987,1791307576244,502,false,false,1502
vu-5649,30001392,1791307571980,1791307576244,502,false,false,1502
vu-2275,06000357,1791307571987,1791307576244,502,false,false,1502
vu-90,01009549,1791307571997,1791307576244,502,false,false,1502
vu-3045,15004465,1791307571999,1791307576244,502,false,false,1502
vu-3611,18014893,1791307571998,1791307576244,502,false,false,1502
vu-8898,53009158,1791307571995,1791307576244,502,false,false,1502
vu-9628,59009772,1791307571992,1791307576244,502,false,false,1502
vu-6420,36002277,1791307571998,1791307576244,502,false,false,1502
vu-5969,32007206,1791307572000,1791307576244,502,false,false,1502
vu-6191,34009655,1791307571989,1791307576244,502,false,false,1502
vu-4983,28006003,1791307571993,1791307576244,502,false,false,1502
vu-1079,02006590,1791307571993,1791307576244,502,false,false,1502
vu-8442,50010099,1791307571987,1791307576244,502,false,false,1502
vu-6004,33002537,1791307571993,1791307576244,502,false,false,1502
vu-8186,48032696,1791307571995,1791307576245,502,false,false,1502
vu-7147,41008429,1791307571991,1791307576245,502,false,false,1502
vu-2382,08002028,1791307571978,1791307576245,502,false,false,1502
vu-2854,13005457,1791307571984,1791307576245,502,false,false,1502
vu-375,01040053,1791307572000,1791307576245,502,false,false,1502
vu-6057,33008207,1791307571994,1791307576245,502,false,false,1502
vu-391,01041757,1791307572001,1791307576245,502,false,false,1502
vu-5810,31001490,1791307571994,1791307576245,502,false,false,1502
vu-8649,51015633,1791307571982,1791307576245,502,false,false,1502
vu-5537,29026387,1791307571994,1791307576245,502,false,false,1502
vu-4781,26018957,1791307571993,1791307576245,502,false,false,1502
vu-1225,02022111,1791307571995,1791307576245,502,false,false,1502
vu-1290,02029015,1791307571974,1791307576245,502,false,false,1502
vu-4576,25018883,1791307571999,1791307576245,502,false,false,1502
vu-2233,05002833,1791307571996,1791307576245,502,false,false,1502
vu-3943,21010744,1791307571993,1791307576246,502,false,false,1502
vu-3810,19014271,1791307572000,1791307576246,502,false,false,1502
vu-4694,26009664,1791307572000,1791307576246,502,false,false,1502
vu-3293,16014432,1791307572001,1791307576246,502,false,false,1502
vu-4418,25002060,1791307571995,1791307576246,502,false,false,1502
vu-9690,60005706,1791307571992,1791307576246,502,false,false,1502
vu-9941,64000896,1791307571999,1791307576246,502,false,false,1502
vu-7711,46005689,1791307571999,1791307576246,502,false,false,1502
vu-403,01043041,1791307571993,1791307576246,502,false,false,1502
vu-7078,41001068,1791307571988,1791307576246,502,false,false,1502
vu-1252,02024979,1791307571997,1791307576246,502,false,false,1502
vu-7242,42004101,1791307571994,1791307576246,502,false,false,1502
vu-4756,26016291,1791307571994,1791307576246,502,false,false,1502
vu-5788,30016217,1791307571997,1791307576246,502,false,false,1502
vu-4675,26007635,1791307571989,1791307576246,502,false,false,1502
vu-201,01021441,1791307571989,1791307576246,502,false,false,1502
vu-8169,48030882,1791307571997,1791307576246,502,false,false,1502
vu-9640,60000370,1791307571993,1791307576246,502,false,false,1502
vu-3641,18018083,1791307571988,1791307576246,502,false,false,1502
vu-3528,18006050,1791307571998,1791307576246,502,false,false,1502
vu-4755,26016185,1791307571989,1791307576246,502,false,false,1502
vu-3799,19013097,1791307572000,1791307576246,502,false,false,1502
vu-8206,49000791,1791307572001,1791307576246,502,false,false,1502
vu-3426,17013148,1791307571996,1791307576246,502,false,false,1502
vu-2257,05005391,1791307572000,1791307576246,502,false,false,1502
vu-7334,42013898,1791307571995,1791307576246,502,false,false,1502
vu-2703,12006139,1791307572000,1791307576246,502,false,false,1502
vu-2098,04001918,1791307571989,1791307576246,502,false,false,1502
vu-3571,18010628,1791307571995,1791307576246,502,false,false,1502
vu-6206,34011281,1791307571997,1791307576246,502,false,false,1502
vu-3918,21008085,1791307571994,1791307576246,502,false,false,1502
vu-3622,18016063,1791307571994,1791307576246,502,false,false,1502
vu-3482,18001146,1791307571992,1791307576246,502,false,false,1502
vu-9404,57006573,1791307571993,1791307576246,502,false,false,1502
vu-9306,56008311,1791307571976,1791307576246,502,false,false,1502
vu-9627,59009665,1791307571990,1791307576246,502,false,false,1502
vu-415,01044316,1791307571989,1791307576246,502,false,false,1502
vu-6619,37018435,1791307571975,1791307576246,502,false,false,1502
vu-7051,40019114,1791307571991,1791307576246,502,false,false,1502
vu-3201,16004630,1791307571988,1791307576246,502,false,false,1502
vu-5117,28020310,1791307571994,1791307576246,502,false,false,1502
vu-1722,02075365,1791307571988,1791307576246,502,false,false,1502
vu-8234,49003770,1791307571986,1791307576246,502,false,false,1502
vu-4206,22015319,1791307571993,1791307576246,502,false,false,1502
vu-6486,37004280,1791307571997,1791307576246,502,false,false,1502
vu-4223,23000741,1791307571999,1791307576246,502,false,false,1502
vu-971,01103660,1791307571991,1791307576247,502,false,false,1502
vu-7436,43009330,1791307571984,1791307576247,502,false,false,1502
vu-3962,21012768,1791307571993,1791307576247,502,false,false,1502
vu-4886,27007438,1791307571993,1791307576247,502,false,false,1502
vu-3837,19017144,1791307571997,1791307576247,502,false,false,1502
vu-961,01102597,1791307571983,1791307576247,502,false,false,1502
vu-6602,37016628,1791307571994,1791307576247,502,false,false,1502
vu-6091,33011826,1791307571995,1791307576247,502,false,false,1502
vu-2896,14001210,1791307571995,1791307576247,502,false,false,1502
vu-7080,41001282,1791307571999,1791307576247,502,false,false,1502
vu-6258,34016844,1791307571984,1791307576247,502,false,false,1502
vu-8033,48016353,1791307571993,1791307576247,502,false,false,1502
vu-2254,05005072,1791307571996,1791307576247,502,false,false,1502
vu-8040,48017100,1791307571995,1791307576247,502,false,false,1502
vu-6717,38009446,1791307571997,1791307576247,502,false,false,1502
vu-916,01097798,1791307571989,1791307576247,502,false,false,1502
vu-38,01003971,1791307571993,1791307576247,502,false,false,1502
vu-6414,36001637,1791307571993,1791307576247,502,false,false,1502
vu-8219,49002175,1791307571988,1791307576247,502,false,false,1502
vu-8477,50013819,1791307571985,1791307576247,502,false,false,1502
vu-64,01006766,1791307571996,1791307576247,502,false,false,1502
vu-3233,16008045,1791307571992,1791307576247,502,false,false,1502
vu-4714,26011808,1791307572000,1791307576247,502,false,false,1502
vu-629,01067171,1791307571995,1791307576247,502,false,false,1502
vu-9631,59010091,1791307571993,1791307576247,502,false,false,1502
vu-3864,21002339,1791307571990,1791307576247,502,false,false,1502
vu-2109,04003091,1791307571992,1791307576247,502,false,false,1502
vu-1093,02008077,1791307571994,1791307576247,502,false,false,1502
vu-5884,31009370,1791307571990,1791307576247,502,false,false,1502
vu-4207,22015426,1791307571991,1791307576247,502,false,false,1502
vu-4022,21019168,1791307572000,1791307576247,502,false,false,1502
vu-2920,14003779,1791307571998,1791307576247,502,false,false,1502
vu-1553,02057226,1791307571990,1791307576247,502,false,false,1502
vu-3992,21015972,1791307571992,1791307576247,502,false,false,1502
vu-4879,27006691,1791307571987,1791307576247,502,false,false,1502
vu-2998,14012127,1791307571999,1791307576247,502,false,false,1502
vu-4052,21022368,1791307572000,1791307576247,502,false,false,1502
vu-3553,18008713,1791307571996,1791307576247,502,false,false,1502
vu-5079,28016256,1791307571976,1791307576247,502,false,false,1502
vu-3857,21001592,1791307571996,1791307576247,502,false,false,1502
vu-3457,17016463,1791307571989,1791307576247,502,false,false,1502
vu-1438,02044777,1791307572001,1791307576247,502,false,false,1502
vu-6518,37007683,1791307571999,1791307576247,502,false,false,1502
vu-6459,37001402,1791307571990,1791307576247,502,false,false,1502
vu-8433,50009144,1791307571992,1791307576248,502,false,false,1502
vu-450,01048048,1791307571992,1791307576248,502,false,false,1502
vu-6305,35004425,1791307571997,1791307576248,502,false,false,1502
vu-1,01000001,1791307571994,1791307576248,502,false,false,1502
vu-106,01011263,1791307571997,1791307576248,502,false,false,1502
vu-6897,40002713,1791307571992,1791307576248,502,false,false,1502
vu-5448,29016906,1791307571997,1791307576248,502,false,false,1502
vu-9566,59003169,1791307571998,1791307576248,502,false,false,1502
vu-4625,26002296,1791307571990,1791307576248,502,false,false,1502
vu-3532,18006474,1791307571993,1791307576248,502,false,false,1502
vu-8016,48014530,1791307571983,1791307576248,502,false,false,1502
vu-1942,03010932,1791307571988,1791307576248,502,false,false,1502
vu-7538,44008846,1791307571998,1791307576248,502,false,false,1502
vu-6213,34012042,1791307571989,1791307576248,502,false,false,1502
vu-8267,49007283,1791307571998,1791307576248,502,false,false,1502
vu-1132,02012224,1791307571990,1791307576248,502,false,false,1502
vu-8263,49006858,1791307571988,1791307576248,502,false,false,1502
vu-7687,46003134,1791307571991,1791307576248,502,false,false,1502
vu-1141,02013180,1791307571988,1791307576248,502,false,false,1502
vu-8253,49005795,1791307571993,1791307576248,502,false,false,1502
vu-8418,50007537,1791307571983,1791307576248,502,false,false,1502
vu-6172,34007620,1791307571991,1791307576248,502,false,false,1502
vu-8055,48018706,1791307571995,1791307576248,502,false,false,1502
vu-1103,02009139,1791307571991,1791307576248,502,false,false,1502
vu-1772,02080719,1791307571993,1791307576248,502,false,false,1502
vu-2385,08002346,1791307571996,1791307576248,502,false,false,1502
vu-3241,16008902,1791307571990,1791307576248,502,false,false,1502
vu-1490,02050382,1791307572000,1791307576248,502,false,false,1502
vu-5490,29021380,1791307571998,1791307576249,502,false,false,1502
vu-6599,37016309,1791307571996,1791307576249,502,false,false,1502
vu-6101,34000048,1791307571996,1791307576249,502,false,false,1502
vu-231,01024644,1791307571995,1791307576249,502,false,false,1502
vu-3383,17008562,1791307571999,1791307576249,502,false,false,1502
vu-4415,25001742,1791307571968,1791307576249,502,false,false,1502
vu-6925,40005695,1791307571997,1791307576249,502,false,false,1502
vu-2939,14005806,1791307571975,1791307576249,502,false,false,1502
vu-7523,44007253,1791307571995,1791307576249,502,false,false,1502
vu-316,01033742,1791307571996,1791307576251,502,false,false,1502
vu-4319,24001121,1791307571990,1791307576252,502,false,false,1502
vu-353,01037702,1791307571986,1791307576252,502,false,false,1502
vu-7138,41007472,1791307571990,1791307576253,502,false,false,1502
vu-3002,14012554,1791307571998,1791307576253,502,false,false,1502
vu-9726,61003125,1791307571992,1791307576253,502,false,false,1502
vu-4518,25012708,1791307571993,1791307576253,502,false,false,1502
vu-7258,42005803,1791307571989,1791307576253,502,false,false,1502
vu-4965,28004077,1791307571994,1791307576253,502,false,false,1502
vu-2095,04001599,1791307571988,1791307576253,502,false,false,1502
vu-8821,53000960,1791307571994,1791307576253,502,false,false,1502
vu-6015,33003714,1791307571989,1791307576253,502,false,false,1502
vu-6800,39003037,1791307571996,1791307576253,502,false,false,1502
vu-7330,42013469,1791307571989,1791307576253,502,false,false,1502
vu-526,01056151,1791307571995,1791307576253,502,false,false,1502
vu-7862,47011245,1791307571999,1791307576254,502,false,false,1502
vu-996,01106329,1791307571989,1791307576254,502,false,false,1502
vu-2556,10003174,1791307571997,1791307576254,502,false,false,1502
vu-3022,15002006,1791307571997,1791307576254,502,false,false,1502
vu-6140,34004211,1791307571988,1791307576254,502,false,false,1502
vu-6289,35002725,1791307571993,1791307576255,502,false,false,1502
vu-3893,21005422,1791307571993,1791307576255,502,false,false,1502
vu-7965,48009062,1791307571999,1791307576255,502,false,false,1502
vu-2324,07000052,1791307571989,1791307576255,502,false,false,1502
vu-1254,02025192,1791307571997,1791307576255,502,false,false,1502
vu-3212,16005805,1791307571994,1791307576255,502,false,false,1502
vu-1967,03013605,1791307571995,1791307576255,502,false,false,1502
vu-4562,25017392,1791307571997,1791307576255,502,false,false,1502
vu-6283,35002086,1791307571996,1791307576256,502,false,false,1502
vu-8494,50015642,1791307571974,1791307576256,502,false,false,1502
vu-2143,04006738,1791307571990,1791307576256,502,false,false,1502
vu-4453,25005790,1791307571997,1791307576256,502,false,false,1502
vu-275,01029366,1791307571989,1791307576256,502,false,false,1502
vu-5818,31002344,1791307571984,1791307576256,502,false,false,1502
vu-4685,26008699,1791307572000,1791307576256,502,false,false,1502
vu-6871,39010615,1791307571999,1791307576256,502,false,false,1502
vu-2873,13007478,1791307571997,1791307576256,502,false,false,1502
vu-8759,52007040,1791307571981,1791307576256,502,false,false,1502
vu-535,01057120,1791307571998,1791307576256,502,false,false,1502
vu-1179,02017220,1791307571986,1791307576256,502,false,false,1502
vu-9303,56007992,1791307571994,1791307576256,502,false,false,1502
vu-7209,42000573,1791307571991,1791307576256,502,false,false,1502
vu-6201,34010734,1791307571994,1791307576256,502,false,false,1502
vu-3914,21007658,1791307571970,1791307576257,502,false,false,1502
vu-2152,04007722,1791307571991,1791307576257,502,false,false,1502
vu-7329,42013363,1791307571998,1791307576257,502,false,false,1502
vu-8352,50000520,1791307571988,1791307576257,502,false,false,1502
vu-8189,48033017,1791307571992,1791307576257,502,false,false,1502
vu-4932,28000535,1791307571998,1791307576257,502,false,false,1502
vu-7434,43009116,1791307571985,1791307576257,502,false,false,1502
vu-4235,23002020,1791307571997,1791307576257,502,false,false,1502
vu-7469,44001499,1791307571983,1791307576257,502,false,false,1502
vu-7488,44003528,1791307571996,1791307576257,502,false,false,1502
vu-4943,28001719,1791307571993,1791307576257,502,false,false,1502
vu-8188,48032911,1791307571997,1791307576257,502,false,false,1502
vu-730,01077944,1791307572001,1791307576257,502,false,false,1502
vu-8193,48033444,1791307571991,1791307576257,502,false,false,1502
vu-5157,28024565,1791307571980,1791307576257,502,false,false,1502
vu-1757,02079107,1791307571990,1791307576257,502,false,false,1502
vu-3695,19002009,1791307571992,1791307576257,502,false,false,1502
vu-3267,16011665,1791307571996,1791307576257,502,false,false,1502
vu-8222,49002494,1791307571991,1791307576257,502,false,false,1502
vu-6026,33004899,1791307571996,1791307576258,502,false,false,1502
vu-281,01030004,1791307571990,1791307576258,502,false,false,1502
vu-4713,26011701,1791307571994,1791307576259,502,false,false,1502
vu-2220,05001445,1791307571999,1791307576260,502,false,false,1502
vu-8065,48019781,1791307571997,1791307576261,502,false,false,1502
vu-9248,56002146,1791307571996,1791307576261,502,false,false,1502
vu-3219,16006550,1791307571993,1791307576261,502,false,false,1502
vu-1264,02026253,1791307571994,1791307576261,502,false,false,1502
vu-6556,37011729,1791307571995,1791307576262,502,false,false,1502
vu-9389,57004978,1791307571995,1791307576262,502,false,false,1502
vu-8247,49005158,1791307571986,1791307576262,200,true,false,
vu-4823,27000711,1791307571990,1791307576263,502,false,false,1502
vu-8137,48027466,1791307571997,1791307576263,502,false,false,1502
vu-200,01021334,1791307571993,1791307576263,502,false,false,1502
vu-3409,17011335,1791307571990,1791307576263,502,false,false,1502
vu-2687,12004435,1791307571993,1791307576263,502,false,false,1502
vu-8357,50001051,1791307571989,1791307576263,502,false,false,1502
vu-5736,30010667,1791307571986,1791307576263,502,false,false,1502
vu-6011,33003285,1791307571997,1791307576263,502,false,false,1502
vu-9179,55007684,1791307571994,1791307576263,502,false,false,1502
vu-9150,55004598,1791307571992,1791307576263,502,false,false,1502
vu-5300,29001077,1791307571993,1791307576263,502,false,false,1502
vu-3980,21014689,1791307571996,1791307576263,502,false,false,1502
vu-592,01063236,1791307571992,1791307576263,502,false,false,1502
vu-4439,25004302,1791307571983,1791307576263,502,false,false,1502
vu-6472,37002789,1791307571996,1791307576264,502,false,false,1502
vu-6165,34006874,1791307571993,1791307576264,502,false,false,1502
vu-1719,02075046,1791307571993,1791307576264,502,false,false,1502
vu-1158,02014987,1791307571989,1791307576264,502,false,false,1502
vu-7029,40016770,1791307571991,1791307576264,502,false,false,1502
vu-9558,59002312,1791307571998,1791307576264,502,false,false,1502
vu-2914,14003138,1791307571996,1791307576264,502,false,false,1502
vu-4039,21020978,1791307571990,1791307576264,502,false,false,1502
vu-7449,43010715,1791307572000,1791307576264,502,false,false,1502
vu-4982,28005897,1791307571998,1791307576264,502,false,false,1502
vu-4566,25017817,1791307571996,1791307576264,502,false,false,1502
vu-4700,26010311,1791307571994,1791307576264,502,false,false,1502
vu-7269,42006977,1791307571992,1791307576264,502,false,false,1502
vu-5368,29008374,1791307571999,1791307576264,502,false,false,1502
vu-7580,44013308,1791307571990,1791307576264,502,false,false,1502
vu-5275,28037168,1791307571994,1791307576264,502,false,false,1502
vu-3130,15013543,1791307571997,1791307576265,502,false,false,1502
vu-2589,10006692,1791307571996,1791307576265,502,false,false,1502
vu-7336,42014113,1791307571997,1791307576265,502,false,false,1502
vu-6251,34016099,1791307571995,1791307576265,502,false,false,1502
vu-4384,24008047,1791307571993,1791307576265,502,false,false,1502
vu-9666,60003146,1791307571999,1791307576265,502,false,false,1502
vu-6055,33007994,1791307571995,1791307576265,502,false,false,1502
vu-3871,21003084,1791307571996,1791307576265,502,false,false,1502
vu-1044,02002863,1791307571998,1791307576265,502,false,false,1502
vu-3771,19010113,1791307571995,1791307576265,502,false,false,1502
vu-3972,21013837,1791307571996,1791307576265,502,false,false,1502
vu-3,01000215,1791307571999,1791307576265,502,false,false,1502
vu-6677,38005188,1791307571992,1791307576265,502,false,false,1502
vu-5998,33001899,1791307571992,1791307576265,502,false,false,1502
vu-8665,51017337,1791307571993,1791307576265,502,false,false,1502
vu-3091,15009379,1791307571987,1791307576265,502,false,false,1502
vu-967,01103235,1791307571991,1791307576265,502,false,false,1502
vu-4732,26013723,1791307572000,1791307576265,502,false,false,1502
vu-9221,55012158,1791307571997,1791307576265,502,false,false,1502
vu-5013,28009218,1791307571996,1791307576265,502,false,false,1502
vu-2158,04008362,1791307571997,1791307576266,502,false,false,1502
vu-8448,50010736,1791307571990,1791307576266,502,false,false,1502
vu-2381,08001921,1791307571958,1791307576265,200,true,false,
vu-8887,53007983,1791307571990,1791307576266,502,false,false,1502
vu-6533,37009281,1791307571996,1791307576266,502,false,false,1502
vu-7211,42000786,1791307571971,1791307576266,502,false,false,1502
vu-5008,28008685,1791307571999,1791307576266,502,false,false,1502
vu-1698,02072805,1791307571994,1791307576266,502,false,false,1502
vu-1251,02024873,1791307571997,1791307576266,502,false,false,1502
vu-1034,02001798,1791307571995,1791307576266,502,false,false,1502
vu-7549,44010015,1791307571998,1791307576266,502,false,false,1502
vu-8332,49014200,1791307571992,1791307576266,502,false,false,1502
vu-3327,17002549,1791307571995,1791307576266,502,false,false,1502
vu-6743,38012208,1791307571980,1791307576266,502,false,false,1502
vu-3036,15003504,1791307571995,1791307576266,502,false,false,1502
vu-6847,39008055,1791307572000,1791307576266,502,false,false,1502
vu-4583,25019626,1791307571999,1791307576266,502,false,false,1502
vu-2622,11000699,1791307571994,1791307576266,502,false,false,1502
vu-1074,02006058,1791307571999,1791307576266,502,false,false,1502
vu-4261,23004798,1791307572000,1791307576269,502,false,false,1502
vu-9865,63000509,1791307571979,1791307576270,502,false,false,1502
vu-7048,40018796,1791307571993,1791307576270,502,false,false,1502
vu-3862,21002125,1791307571999,1791307576270,502,false,false,1502
vu-2633,11001881,1791307571998,1791307576270,502,false,false,1502
vu-7844,47009331,1791307571995,1791307576270,502,false,false,1502
vu-1796,02083283,1791307571990,1791307576270,502,false,false,1502
vu-7489,44003638,1791307571973,1791307576270,502,false,false,1502
vu-9209,55010882,1791307571999,1791307576270,502,false,false,1502
vu-6080,33010656,1791307571996,1791307576270,502,false,false,1502
vu-9393,57005404,1791307571997,1791307576270,502,false,false,1502
vu-1046,02003075,1791307571997,1791307576270,502,false,false,1502
vu-3885,21004572,1791307571995,1791307576270,502,false,false,1502
vu-519,01055406,1791307571999,1791307576270,502,false,false,1502
vu-9712,61001636,1791307571993,1791307576270,502,false,false,1502
vu-4000,21016825,1791307572000,1791307576270,502,false,false,1502
vu-4763,26017035,1791307571995,1791307576271,502,false,false,1502
vu-2192,04012016,1791307571998,1791307576271,502,false,false,1502
vu-4981,28005791,1791307571991,1791307576271,502,false,false,1502
vu-7759,47000272,1791307571997,1791307576271,502,false,false,1502
vu-1165,02015733,1791307571984,1791307576271,502,false,false,1502
vu-6375,35011877,1791307571992,1791307576271,502,false,false,1502
vu-4573,25018564,1791307571997,1791307576271,502,false,false,1502
vu-3462,17016999,1791307571997,1791307576271,502,false,false,1502
vu-6167,34007087,1791307571991,1791307576271,502,false,false,1502
vu-8084,48021803,1791307571992,1791307576271,502,false,false,1502
vu-8596,51009994,1791307571993,1791307576271,502,false,false,1502
vu-3512,18004349,1791307571983,1791307576271,502,false,false,1502
vu-5994,33001473,1791307571995,1791307576271,502,false,false,1502
vu-3523,18005518,1791307571990,1791307576271,502,false,false,1502
vu-4969,28004507,1791307571998,1791307576271,502,false,false,1502
vu-4491,25009833,1791307571999,1791307576271,502,false,false,1502
vu-3957,21012234,1791307571994,1791307576271,502,false,false,1502
vu-978,01104403,1791307571989,1791307576271,502,false,false,1502
vu-2560,10003600,1791307571995,1791307576272,502,false,false,1502
vu-2603,10008188,1791307571995,1791307576272,502,false,false,1502
vu-5154,28024247,1791307572000,1791307576272,502,false,false,1502
vu-5009,28008791,1791307571996,1791307576272,502,false,false,1502
vu-3432,17013791,1791307571999,1791307576272,502,false,false,1502
vu-2169,04009534,1791307571996,1791307576272,502,false,false,1502
vu-1105,02009354,1791307571989,1791307576272,502,false,false,1502
vu-6951,40008460,1791307571973,1791307576272,502,false,false,1502
vu-1099,02008714,1791307571989,1791307576272,502,false,false,1502
vu-901,01096199,1791307571991,1791307576272,502,false,false,1502
vu-991,01105796,1791307571989,1791307576272,502,false,false,1502
vu-4577,25018989,1791307571997,1791307576272,502,false,false,1502
vu-5590,29032056,1791307571989,1791307576272,502,false,false,1502
vu-960,01102489,1791307571992,1791307576272,502,false,false,1502
vu-9950,64001851,1791307571999,1791307576272,502,false,false,1502
vu-4248,23003410,1791307572000,1791307576272,502,false,false,1502
vu-7572,44012458,1791307571994,1791307576272,502,false,false,1502
vu-6029,33005218,1791307571960,1791307576272,502,false,false,1502
vu-8728,52003737,1791307571979,1791307576272,502,false,false,1502
vu-1771,02080609,1791307571989,1791307576272,502,false,false,1502
vu-1003,01107075,1791307571991,1791307576272,502,false,false,1502
vu-4412,25001423,1791307571997,1791307576273,502,false,false,1502
vu-4563,25017498,1791307571993,1791307576273,502,false,false,1502
vu-1309,02031032,1791307571981,1791307576273,502,false,false,1502
vu-1144,02013499,1791307571982,1791307576273,502,false,false,1502
vu-8106,48024156,1791307571987,1791307576273,502,false,false,1502
vu-1247,02024448,1791307571993,1791307576273,502,false,false,1502
vu-8157,48029601,1791307571992,1791307576273,502,false,false,1502
vu-2241,05003685,1791307571997,1791307576273,502,false,false,1502
vu-3371,17007272,1791307571994,1791307576273,502,false,false,1502
vu-3743,19007127,1791307571998,1791307576273,502,false,false,1502
vu-3906,21006805,1791307571996,1791307576273,502,false,false,1502
vu-8329,49013880,1791307571992,1791307576273,502,false,false,1502
vu-7227,42002502,1791307571987,1791307576273,502,false,false,1502
vu-7953,48007780,1791307571994,1791307576273,502,false,false,1502
vu-2631,11001667,1791307571995,1791307576273,502,false,false,1502
vu-271,01028938,1791307571984,1791307576273,502,false,false,1502
vu-3905,21006699,1791307571992,1791307576273,502,false,false,1502
vu-5508,29023296,1791307571995,1791307576274,502,false,false,1502
vu-1674,02070250,1791307571989,1791307576274,502,false,false,1502
vu-577,01061634,1791307571986,1791307576274,502,false,false,1502
vu-1647,02067335,1791307571990,1791307576274,502,false,false,1502
vu-4572,25018457,1791307571997,1791307576274,502,false,false,1502
vu-4505,25011323,1791307571992,1791307576274,502,false,false,1502
vu-9402,57006359,1791307571993,1791307576274,502,false,false,1502
vu-849,01090653,1791307571976,1791307576274,502,false,false,1502
vu-984,01105044,1791307571989,1791307576274,502,false,false,1502
vu-9357,57001572,1791307571997,1791307576274,502,false,false,1502
vu-4940,28001396,1791307571996,1791307576274,502,false,false,1502
vu-3252,16010070,1791307571994,1791307576274,502,false,false,1502
vu-6093,33012038,1791307571992,1791307576274,502,false,false,1502
vu-422,01045060,1791307571992,1791307576274,502,false,false,1502
vu-3925,21008830,1791307571990,1791307576274,502,false,false,1502
vu-1557,02057685,1791307572001,1791307576274,502,false,false,1502
vu-590,01063021,1791307571996,1791307576274,502,false,false,1502
vu-2329,07000585,1791307571980,1791307576274,502,false,false,1502
vu-1727,02075897,1791307571989,1791307576274,502,false,false,1502
vu-3367,17006845,1791307571993,1791307576274,502,false,false,1502
vu-195,01020801,1791307571996,1791307576274,502,false,false,1502
vu-5454,29017543,1791307572000,1791307576275,502,false,false,1502
vu-4436,25003982,1791307571998,1791307576275,502,false,false,1502
vu-294,01031391,1791307571996,1791307576275,502,false,false,1502
vu-6918,40004952,1791307571992,1791307576275,502,false,false,1502
vu-7551,44010227,1791307571997,1791307576275,502,false,false,1502
vu-6218,34012580,1791307571997,1791307576275,502,false,false,1502
vu-6807,39003786,1791307571979,1791307576275,502,false,false,1502
vu-268,01028606,1791307571999,1791307576275,502,false,false,1502
vu-1319,02032094,1791307571981,1791307576275,502,false,false,1502
vu-2835,13003426,1791307571948,1791307576275,200,true,false,
vu-1721,02075259,1791307571984,1791307576275,502,false,false,1502
vu-4403,25000466,1791307571993,1791307576275,502,false,false,1502
vu-3206,16005165,1791307571984,1791307576275,502,false,false,1502
vu-9417,57007956,1791307571980,1791307576275,502,false,false,1502
vu-2878,13008011,1791307571993,1791307576275,502,false,false,1502
vu-1199,02019345,1791307571987,1791307576275,502,false,false,1502
vu-8132,48026935,1791307571993,1791307576275,502,false,false,1502
vu-1608,02063144,1791307571991,1791307576276,502,false,false,1502
vu-7801,47004755,1791307572001,1791307576276,502,false,false,1502
vu-9987,64005791,1791307572000,1791307576276,502,false,false,1502
vu-6036,33005966,1791307571994,1791307576276,502,false,false,1502
vu-2113,04003524,1791307571992,1791307576276,502,false,false,1502
vu-5812,31001702,1791307571987,1791307576276,502,false,false,1502
vu-3658,18019903,1791307571998,1791307576276,502,false,false,1502
vu-3945,21010957,1791307571990,1791307576276,502,false,false,1502
vu-4343,24003682,1791307571989,1791307576276,502,false,false,1502
vu-9270,56004485,1791307571999,1791307576276,502,false,false,1502
vu-6157,34006024,1791307571996,1791307576276,502,false,false,1502
vu-2588,10006584,1791307571993,1791307576277,502,false,false,1502
vu-1587,02060912,1791307571989,1791307576277,502,false,false,1502
vu-2219,05001338,1791307571958,1791307576279,200,true,false,
vu-7071,41000316,1791307571989,1791307576280,502,false,false,1502
vu-9064,54010507,1791307571998,1791307576280,502,false,false,1502
vu-5952,32005392,1791307572000,1791307576281,502,false,false,1502
vu-5823,31002876,1791307571987,1791307576281,502,false,false,1502
vu-315,01033636,1791307571993,1791307576281,502,false,false,1502
vu-4757,26016397,1791307571965,1791307576281,502,false,false,1502
vu-5444,29016478,1791307571999,1791307576281,502,false,false,1502
vu-1425,02043382,1791307572001,1791307576281,502,false,false,1502
vu-1444,02045434,1791307572001,1791307576281,502,false,false,1502
vu-8284,49009095,1791307572000,1791307576281,502,false,false,1502
vu-8550,51005099,1791307571990,1791307576281,502,false,false,1502
vu-1639,02066446,1791307571990,1791307576281,502,false,false,1502
vu-5027,28010711,1791307571999,1791307576281,502,false,false,1502
vu-7119,41005443,1791307571989,1791307576281,502,false,false,1502
vu-1237,02023386,1791307571997,1791307576281,502,false,false,1502
vu-394,01042078,1791307572000,1791307576282,502,false,false,1502
vu-5757,30012902,1791307571990,1791307576282,502,false,false,1502
vu-9390,57005084,1791307571998,1791307576282,502,false,false,1502
vu-3046,15004572,1791307571997,1791307576282,502,false,false,1502
vu-7904,48002550,1791307571971,1791307576282,502,false,false,1502
vu-5304,29001505,1791307571997,1791307576282,502,false,false,1502
vu-9727,61003232,1791307571991,1791307576282,502,false,false,1502
vu-8112,48024797,1791307571989,1791307576283,502,false,false,1502
vu-9478,58003511,1791307571976,1791307576283,502,false,false,1502
vu-3118,15012261,1791307571994,1791307576283,502,false,false,1502
vu-1759,02079322,1791307571993,1791307576283,502,false,false,1502
vu-6092,33011932,1791307572000,1791307576283,502,false,false,1502
vu-2679,12003579,1791307571999,1791307576283,502,false,false,1502
vu-3356,17005661,1791307571998,1791307576283,502,false,false,1502
vu-5302,29001290,1791307572001,1791307576283,502,false,false,1502
vu-795,01084883,1791307572001,1791307576283,502,false,false,1502
vu-2054,03022891,1791307571993,1791307576283,502,false,false,1502
vu-3791,19012246,1791307571998,1791307576284,502,false,false,1502
vu-2190,04011803,1791307571988,1791307576284,502,false,false,1502
vu-3189,16003355,1791307571977,1791307576284,502,false,false,1502
vu-6016,33003821,1791307571996,1791307576284,502,false,false,1502
vu-158,01016835,1791307571998,1791307576284,502,false,false,1502
vu-733,01078265,1791307572000,1791307576285,502,false,false,1502
vu-4322,24001441,1791307571995,1791307576285,502,false,false,1502
vu-7949,48007354,1791307571996,1791307576285,502,false,false,1502
vu-224,01023894,1791307571995,1791307576285,502,false,false,1502
vu-1159,02015093,1791307571998,1791307576285,502,false,false,1502
vu-4930,28000322,1791307571995,1791307576285,502,false,false,1502
vu-1063,02004886,1791307571997,1791307576285,502,false,false,1502
vu-7936,48005968,1791307571991,1791307576285,502,false,false,1502
vu-4666,26006674,1791307571991,1791307576285,502,false,false,1502
vu-5050,28013164,1791307571995,1791307576285,502,false,false,1502
vu-2577,10005409,1791307571998,1791307576285,502,false,false,1502
vu-6019,33004145,1791307571996,1791307576285,502,false,false,1502
vu-1528,02054485,1791307571999,1791307576285,502,false,false,1502
vu-1573,02059423,1791307571983,1791307576285,502,false,false,1502
vu-2263,05006033,1791307571998,1791307576286,502,false,false,1502
vu-237,01025285,1791307571972,1791307576286,200,true,false,
vu-3881,21004147,1791307571996,1791307576286,502,false,false,1502
vu-8187,48032803,1791307571994,1791307576286,502,false,false,1502
vu-4968,28004399,1791307571995,1791307576287,502,false,false,1502
vu-6658,38003164,1791307571992,1791307576287,502,false,false,1502
vu-1108,02009673,1791307571994,1791307576287,502,false,false,1502
vu-2186,04011378,1791307571997,1791307576287,502,false,false,1502
vu-585,01062489,1791307571990,1791307576288,502,false,false,1502
vu-453,01048369,1791307571994,1791307576288,502,false,false,1502
vu-8661,51016911,1791307571955,1791307576288,200,true,false,
vu-5229,28032261,1791307571953,1791307576290,200,true,false,
vu-542,01057875,1791307571998,1791307576291,502,false,false,1502
vu-8577,51007970,1791307571973,1791307576291,502,false,false,1502
vu-7274,42007509,1791307571977,1791307576292,502,false,false,1502
vu-7938,48006182,1791307571996,1791307576292,502,false,false,1502
vu-9412,57007424,1791307571994,1791307576292,500,false,false,1500
vu-8325,49013456,1791307571992,1791307576292,502,false,false,1502
vu-6002,33002325,1791307571998,1791307576292,502,false,false,1502
vu-1028,02001160,1791307572000,1791307576292,502,false,false,1502
vu-6456,37001077,1791307572000,1791307576293,502,false,false,1502
vu-5971,32007419,1791307572000,1791307576293,502,false,false,1502
vu-4386,24008259,1791307571989,1791307576293,502,false,false,1502
vu-7807,47005393,1791307571998,1791307576293,502,false,false,1502
vu-6112,34001218,1791307571990,1791307576293,502,false,false,1502
vu-5467,29018929,1791307571997,1791307576293,502,false,false,1502
vu-1482,02049517,1791307572000,1791307576293,502,false,false,1502
vu-1521,02053727,1791307571999,1791307576293,502,false,false,1502
vu-8054,48018597,1791307571998,1791307576294,502,false,false,1502
vu-5042,28012311,1791307571995,1791307576294,502,false,false,1502
vu-9152,55004810,1791307571991,1791307576294,502,false,false,1502
vu-3759,19008834,1791307571989,1791307576294,502,false,false,1502
vu-1080,02006696,1791307571991,1791307576294,502,false,false,1502
vu-9868,63000828,1791307571995,1791307576294,502,false,false,1502
vu-2075,03025129,1791307571997,1791307576294,502,false,false,1502
vu-3166,16000909,1791307571970,1791307576294,502,false,false,1502
vu-3389,17009203,1791307572000,1791307576294,502,false,false,1502
vu-4040,21021085,1791307571992,1791307576294,502,false,false,1502
vu-4912,27010204,1791307571996,1791307576294,502,false,false,1502
vu-3963,21012874,1791307571997,1791307576294,502,false,false,1502
vu-5458,29017967,1791307571995,1791307576294,502,false,false,1502
vu-7819,47006671,1791307571989,1791307576295,500,false,false,1500
vu-9983,64005366,1791307571993,1791307576297,502,false,false,1502
vu-8629,51013502,1791307571960,1791307576297,200,true,false,
vu-4038,21020870,1791307571998,1791307576298,502,false,false,1502
vu-7996,48012390,1791307571995,1791307576298,502,false,false,1502
vu-1259,02025722,1791307571995,1791307576298,502,false,false,1502
vu-4309,24000049,1791307571998,1791307576298,502,false,false,1502
vu-9084,54012632,1791307571973,1791307576299,502,false,false,1502
vu-1767,02080171,1791307571994,1791307576299,502,false,false,1502
vu-3010,15000730,1791307571962,1791307576299,200,true,false,
vu-4499,25010684,1791307571948,1791307576300,502,false,false,1502
vu-8616,51012120,1791307571994,1791307576301,502,false,false,1502
vu-1964,03013285,1791307571973,1791307576301,502,false,false,1502
vu-7877,47012841,1791307571950,1791307576301,502,false,false,1502
vu-7253,42005272,1791307571995,1791307576301,502,false,false,1502
vu-5167,28025639,1791307572000,1791307576301,502,false,false,1502
vu-3555,18008927,1791307571995,1791307576302,502,false,false,1502
vu-2184,04011164,1791307571999,1791307576302,502,false,false,1502
vu-989,01105583,1791307571990,1791307576302,502,false,false,1502
vu-4122,22006369,1791307571993,1791307576302,502,false,false,1502
vu-3019,15001687,1791307571995,1791307576302,502,false,false,1502
vu-8309,49011757,1791307571990,1791307576302,502,false,false,1502
vu-4723,26012766,1791307572000,1791307576303,502,false,false,1502
vu-7972,48009817,1791307571995,1791307576303,502,false,false,1502
vu-1494,02050820,1791307571999,1791307576303,502,false,false,1502
vu-6190,34009547,1791307571994,1791307576303,502,false,false,1502
vu-324,01034592,1791307571993,1791307576303,502,false,false,1502
vu-8412,50006893,1791307571951,1791307576303,502,false,false,1502
vu-4724,26012873,1791307571968,1791307576303,502,false,false,1502
vu-743,01079347,1791307572001,1791307576303,502,false,false,1502
vu-4971,28004720,1791307571997,1791307576303,502,false,false,1502
vu-4164,22010844,1791307571994,1791307576304,502,false,false,1502
vu-4344,24003789,1791307571997,1791307576304,502,false,false,1502
vu-9834,62004463,1791307572000,1791307576304,502,false,false,1502
vu-6148,34005063,1791307571995,1791307576304,502,false,false,1502
vu-7392,43004648,1791307571959,1791307576304,502,false,false,1502
vu-3014,15001155,1791307571997,1791307576304,502,false,false,1502
vu-1825,02086382,1791307571948,1791307576304,200,true,false,
vu-3136,15014181,1791307571995,1791307576304,502,false,false,1502
vu-8362,50001581,1791307571983,1791307576304,502,false,false,1502
vu-2004,03017555,1791307571963,1791307576304,502,false,false,1502
vu-3903,21006487,1791307571996,1791307576304,502,false,false,1502
vu-2261,05005816,1791307571998,1791307576304,502,false,false,1502
vu-6712,38008916,1791307571999,1791307576304,502,false,false,1502
vu-8239,49004301,1791307571990,1791307576304,502,false,false,1502
vu-9783,61009198,1791307571956,1791307576304,502,false,false,1502
vu-927,01098969,1791307571961,1791307576304,502,false,false,1502
vu-2656,12001128,1791307572000,1791307576304,502,false,false,1502
vu-248,01026468,1791307571980,1791307576304,502,false,false,1502
vu-4115,22005623,1791307571991,1791307576304,502,false,false,1502
vu-7890,48001051,1791307571997,1791307576304,502,false,false,1502
vu-2583,10006049,1791307571994,1791307576304,502,false,false,1502
vu-541,01057768,1791307571996,1791307576304,502,false,false,1502
vu-1053,02003820,1791307571959,1791307576304,502,false,false,1502
vu-2162,04008788,1791307571962,1791307576304,502,false,false,1502
vu-883,01094279,1791307571965,1791307576304,502,false,false,1502
vu-3907,21006911,1791307571995,1791307576304,502,false,false,1502
vu-6189,34009441,1791307571969,1791307576304,502,false,false,1502
vu-8893,53008624,1791307571997,1791307576304,502,false,false,1502
vu-2655,12001021,1791307572000,1791307576304,502,false,false,1502
vu-5290,29000006,1791307571996,1791307576304,502,false,false,1502
vu-5592,29032269,1791307571994,1791307576304,502,false,false,1502
vu-9575,59004128,1791307571983,1791307576304,502,false,false,1502
vu-7625,45002843,1791307571973,1791307576304,502,false,false,1502
vu-5561,29028944,1791307571990,1791307576304,502,false,false,1502
vu-9623,59009239,1791307571975,1791307576305,502,false,false,1502
vu-8742,52005232,1791307571970,1791307576305,502,false,false,1502
vu-7276,42007723,1791307571963,1791307576304,502,false,false,1502
vu-6952,40008567,1791307571967,1791307576305,502,false,false,1502
vu-4587,25020051,1791307572000,1791307576305,502,false,false,1502
vu-6788,39001759,1791307571993,1791307576305,502,false,false,1502
vu-7728,46007498,1791307571961,1791307576305,502,false,false,1502
vu-163,01017373,1791307571975,1791307576305,502,false,false,1502
vu-3723,19004999,1791307571986,1791307576305,502,false,false,1502
vu-8542,51004248,1791307571959,1791307576305,502,false,false,1502
vu-1106,02009460,1791307571996,1791307576305,502,false,false,1502
vu-2923,14004097,1791307571996,1791307576305,502,false,false,1502
vu-2601,10007974,1791307571995,1791307576305,502,false,false,1502
vu-2416,08005658,1791307571962,1791307576305,502,false,false,1502
vu-5526,29025215,1791307571953,1791307576305,502,false,false,1502
vu-643,01068664,1791307571994,1791307576305,502,false,false,1502
vu-7893,48001372,1791307571993,1791307576305,502,false,false,1502
vu-9067,54010827,1791307571972,1791307576305,502,false,false,1502
vu-9201,55010031,1791307571999,1791307576305,502,false,false,1502
vu-3199,16004418,1791307571962,1791307576305,502,false,false,1502
vu-4609,26000579,1791307571998,1791307576305,502,false,false,1502
vu-3636,18017552,1791307571954,1791307576305,502,false,false,1502
vu-4626,26002402,1791307571998,1791307576305,502,false,false,1502
vu-81,01008582,1791307571966,1791307576306,502,false,false,1502
vu-6139,34004105,1791307572000,1791307576306,502,false,false,1502
vu-3347,17004694,1791307571969,1791307576306,502,false,false,1502
vu-2156,04008148,1791307571969,1791307576306,502,false,false,1502
vu-7178,41011736,1791307571964,1791307576306,200,true,false,
vu-3937,21010107,1791307571955,1791307576306,502,false,false,1502
vu-1437,02044671,1791307571956,1791307576306,502,false,false,1502
vu-1250,02024767,1791307571999,1791307576306,502,false,false,1502
vu-2691,12004859,1791307572001,1791307576306,502,false,false,1502
vu-7527,44007678,1791307571999,1791307576306,502,false,false,1502
vu-3315,17001267,1791307571964,1791307576306,502,false,false,1502
vu-1430,02043921,1791307572000,1791307576306,502,false,false,1502
vu-3744,19007234,1791307571956,1791307576306,502,false,false,1502
vu-2253,05004966,1791307571997,1791307576306,502,false,false,1502
vu-8171,48031095,1791307571989,1791307576306,502,false,false,1502
vu-2686,12004328,1791307572000,1791307576306,502,false,false,1502
vu-7932,48005538,1791307571996,1791307576306,502,false,false,1502
vu-3082,15008415,1791307571990,1791307576306,502,false,false,1502
vu-7186,41012589,1791307571957,1791307576306,502,false,false,1502
vu-1525,02054159,1791307572001,1791307576307,502,false,false,1502
vu-8411,50006787,1791307571999,1791307576307,502,false,false,1502
vu-5789,30016324,1791307571994,1791307576307,502,false,false,1502
vu-4718,26012234,1791307571992,1791307576308,502,false,false,1502
vu-1022,02000523,1791307571990,1791307576308,502,false,false,1502
vu-1139,02012968,1791307571990,1791307576308,502,false,false,1502
vu-3620,18015850,1791307571993,1791307576308,502,false,false,1502
vu-6889,40001862,1791307571999,1791307576308,502,false,false,1502
vu-6005,33002643,1791307571959,1791307576308,200,true,false,
vu-399,01042612,1791307572000,1791307576309,502,false,false,1502
vu-2116,04003850,1791307571989,1791307576309,502,false,false,1502
vu-4393,24009005,1791307571997,1791307576310,502,false,false,1502
vu-2332,07000907,1791307571984,1791307576310,502,false,false,1502
vu-9231,56000336,1791307571987,1791307576310,502,false,false,1502
vu-4360,24005489,1791307571995,1791307576310,502,false,false,1502
vu-1458,02046938,1791307572000,1791307576311,502,false,false,1502
vu-8461,50012119,1791307571990,1791307576311,502,false,false,1502
vu-6406,36000782,1791307571999,1791307576311,502,false,false,1502
vu-1988,03015840,1791307571999,1791307576311,502,false,false,1502
vu-3052,15005212,1791307571991,1791307576311,502,false,false,1502
vu-9658,60002290,1791307571999,1791307576311,502,false,false,1502
vu-586,01062595,1791307571994,1791307576311,502,false,false,1502
vu-3447,17015389,1791307572000,1791307576311,502,false,false,1502
vu-4911,27010098,1791307571998,1791307576311,502,false,false,1502
vu-2700,12005819,1791307572001,1791307576311,502,false,false,1502
vu-8080,48021377,1791307571976,1791307576311,200,true,false,
vu-1735,02076748,1791307571992,1791307576312,502,false,false,1502
vu-4081,22002001,1791307571990,1791307576312,502,false,false,1502
vu-3704,19002977,1791307571999,1791307576312,502,false,false,1502
vu-3938,21010213,1791307571995,1791307576312,502,false,false,1502
vu-5393,29011043,1791307571999,1791307576313,502,false,false,1502
vu-3132,15013755,1791307571963,1791307576313,502,false,false,1502
vu-6403,36000462,1791307571985,1791307576313,502,false,false,1502
vu-8951,53014800,1791307571980,1791307576314,502,false,false,1502
vu-4933,28000641,1791307571993,1791307576314,502,false,false,1502
vu-91,01009655,1791307571999,1791307576314,502,false,false,1502
vu-4989,28006645,1791307571982,1791307576314,502,false,false,1502
vu-8980,54001570,1791307571980,1791307576314,502,false,false,1502
vu-3781,19011178,1791307571981,1791307576314,502,false,false,1502
vu-9110,55000332,1791307571982,1791307576314,502,false,false,1502
vu-5878,31008732,1791307571986,1791307576314,502,false,false,1502
vu-8237,49004088,1791307571999,1791307576314,502,false,false,1502
vu-5607,29033870,1791307571990,1791307576315,502,false,false,1502
vu-223,01023787,1791307571991,1791307576315,502,false,false,1502
vu-4494,25010152,1791307572000,1791307576315,502,false,false,1502
vu-704,01075159,1791307571969,1791307576315,200,true,false,
vu-7196,41013655,1791307571985,1791307576315,502,false,false,1502
vu-746,01079665,1791307572001,1791307576315,502,false,false,1502
vu-2729,12008925,1791307571978,1791307576316,502,false,false,1502
vu-9767,61007498,1791307571981,1791307576316,502,false,false,1502
vu-400,01042721,1791307571990,1791307576316,502,false,false,1502
vu-7660,46000247,1791307571998,1791307576316,502,false,false,1502
vu-4891,27007969,1791307571996,1791307576316,502,false,false,1502
vu-6041,33006497,1791307571997,1791307576316,502,false,false,1502
vu-7556,44010758,1791307571997,1791307576316,502,false,false,1502
vu-6207,34011389,1791307571988,1791307576316,502,false,false,1502
vu-952,01101634,1791307571990,1791307576316,502,false,false,1502
vu-4726,26013086,1791307571999,1791307576316,502,false,false,1502
vu-2704,12006245,1791307571999,1791307576316,502,false,false,1502
vu-177,01018878,1791307572001,1791307576316,502,false,false,1502
vu-9180,55007791,1791307571997,1791307576316,502,false,false,1502
vu-5750,30012157,1791307571989,1791307576316,502,false,false,1502
vu-7327,42013150,1791307571997,1791307576317,502,false,false,1502
vu-3160,16000269,1791307571975,1791307576318,502,false,false,1502
vu-4687,26008912,1791307572000,1791307576318,502,false,false,1502
vu-445,01047516,1791307571992,1791307576319,502,false,false,1502
vu-2350,07002823,1791307571963,1791307576320,502,false,false,1502
vu-7704,46004944,1791307571989,1791307576320,502,false,false,1502
vu-87,01009221,1791307571996,1791307576320,502,false,false,1502
vu-9199,55009818,1791307571995,1791307576320,502,false,false,1502
vu-1339,02034220,1791307571977,1791307576320,502,false,false,1502
vu-3043,15004253,1791307571998,1791307576321,502,false,false,1502
vu-6074,33010017,1791307571998,1791307576320,502,false,false,1502
vu-654,01069834,1791307571980,1791307576321,502,false,false,1502
vu-3840,19017465,1791307571983,1791307576321,502,false,false,1502
vu-4008,21017676,1791307571992,1791307576321,502,false,false,1502
vu-773,01082539,1791307571996,1791307576321,502,false,false,1502
vu-6861,39009550,1791307572000,1791307576321,502,false,false,1502
vu-9882,63002318,1791307572000,1791307576321,502,false,false,1502
vu-5946,32004749,1791307572001,1791307576321,502,false,false,1502
vu-543,01057984,1791307571996,1791307576321,502,false,false,1502
vu-1050,02003502,1791307571998,1791307576321,502,false,false,1502
vu-1483,02049625,1791307572000,1791307576321,502,false,false,1502
vu-4693,26009555,1791307572000,1791307576321,502,false,false,1502
vu-6880,40000903,1791307572000,1791307576321,502,false,false,1502
vu-8452,50011162,1791307571990,1791307576321,502,false,false,1502
vu-953,01101740,1791307571989,1791307576321,502,false,false,1502
vu-2996,14011913,1791307571999,1791307576321,502,false,false,1502
vu-2458,09001745,1791307571984,1791307576321,502,false,false,1502
vu-4335,24002829,1791307571956,1791307576321,502,false,false,1502
vu-8896,53008944,1791307571998,1791307576321,502,false,false,1502
vu-4551,25016221,1791307571999,1791307576321,502,false,false,1502
vu-2705,12006351,1791307572000,1791307576321,502,false,false,1502
vu-1504,02051901,1791307572000,1791307576321,502,false,false,1502
vu-1113,02010205,1791307571995,1791307576321,502,false,false,1502
vu-142,01015115,1791307571960,1791307576321,200,true,false,
vu-1089,02007652,1791307571992,1791307576321,502,false,false,1502
vu-7365,43001776,1791307571960,1791307576321,200,true,false,
vu-2066,03024169,1791307571989,1791307576321,502,false,false,1502
vu-3057,15005747,1791307571988,1791307576321,502,false,false,1502
vu-1879,03004199,1791307571971,1791307576321,502,false,false,1502
vu-6718,38009553,1791307571993,1791307576321,502,false,false,1502
vu-8278,49008457,1791307571988,1791307576321,502,false,false,1502
vu-3448,17015496,1791307572000,1791307576321,502,false,false,1502
vu-5924,32002405,1791307572000,1791307576321,502,false,false,1502
vu-679,01072500,1791307571998,1791307576321,502,false,false,1502
vu-5968,32007100,1791307571978,1791307576322,502,false,false,1502
vu-8829,53001810,1791307571992,1791307576322,502,false,false,1502
vu-5605,29033656,1791307571989,1791307576322,502,false,false,1502
vu-2649,12000384,1791307572001,1791307576322,502,false,false,1502
vu-5524,29025003,1791307571998,1791307576322,502,false,false,1502
vu-1042,02002650,1791307572000,1791307576322,502,false,false,1502
vu-335,01035781,1791307571997,1791307576322,502,false,false,1502
vu-5926,32002618,1791307572000,1791307576322,502,false,false,1502
vu-564,01060246,1791307571980,1791307576322,502,false,false,1502
vu-7643,45004758,1791307571988,1791307576322,502,false,false,1502
vu-4244,23002981,1791307571998,1791307576322,502,false,false,1502
vu-3714,19004039,1791307571997,1791307576322,502,false,false,1502
vu-7052,40019220,1791307571992,1791307576323,502,false,false,1502
vu-6596,37015991,1791307571997,1791307576323,502,false,false,1502
vu-5913,32001231,1791307571958,1791307576323,502,false,false,1502
vu-2302,06003242,1791307571983,1791307576323,502,false,false,1502
vu-4702,26010528,1791307572001,1791307576324,502,false,false,1502
vu-8116,48025226,1791307571985,1791307576324,500,false,false,1500
vu-7964,48008956,1791307571996,1791307576325,502,false,false,1502
vu-6061,33008632,1791307571997,1791307576325,502,false,false,1502
vu-406,01043360,1791307571990,1791307576326,502,false,false,1502
vu-2723,12008280,1791307571992,1791307576326,502,false,false,1502
vu-7325,42012938,1791307571998,1791307576326,502,false,false,1502
vu-56,01005913,1791307571997,1791307576326,502,false,false,1502
vu-5091,28017533,1791307571978,1791307576326,502,false,false,1502
vu-2572,10004877,1791307571995,1791307576326,502,false,false,1502
vu-7035,40017408,1791307571994,1791307576326,502,false,false,1502
vu-1600,02062294,1791307571986,1791307576326,502,false,false,1502
vu-8103,48023837,1791307571994,1791307576326,502,false,false,1502
vu-9831,62004143,1791307572000,1791307576326,502,false,false,1502
vu-3647,18018721,1791307571999,1791307576326,502,false,false,1502
vu-4850,27003605,1791307571991,1791307576326,502,false,false,1502
vu-6001,33002219,1791307571992,1791307576326,502,false,false,1502
vu-2132,04005564,1791307571990,1791307576326,502,false,false,1502
vu-763,01081476,1791307571999,1791307576326,502,false,false,1502
vu-5630,29036322,1791307571988,1791307576326,502,false,false,1502
vu-8496,50015856,1791307571988,1791307576326,502,false,false,1502
vu-522,01055726,1791307571998,1791307576327,502,false,false,1502
vu-3258,16010708,1791307571991,1791307576327,502,false,false,1502
vu-4464,25006958,1791307571983,1791307576327,502,false,false,1502
vu-4037,21020762,1791307571986,1791307576327,502,false,false,1502
vu-3653,18019370,1791307572000,1791307576327,502,false,false,1502
vu-5518,29024362,1791307571995,1791307576327,502,false,false,1502
vu-7777,47002198,1791307571989,1791307576327,502,false,false,1502
vu-5459,29018074,1791307571999,1791307576327,502,false,false,1502
vu-942,01100573,1791307571990,1791307576327,502,false,false,1502
vu-5310,29002146,1791307571993,1791307576327,502,false,false,1502
vu-4701,26010419,1791307572000,1791307576327,502,false,false,1502
vu-4048,21021940,1791307572000,1791307576327,502,false,false,1502
vu-7464,44000968,1791307571988,1791307576327,502,false,false,1502
vu-7674,46001747,1791307572000,1791307576327,502,false,false,1502
vu-6381,35012515,1791307571994,1791307576327,502,false,false,1502
vu-719,01076767,1791307572000,1791307576327,502,false,false,1502
vu-871,01093001,1791307571950,1791307576327,200,true,false,
vu-3919,21008191,1791307571992,1791307576327,502,false,false,1502
vu-5460,29018181,1791307571997,1791307576327,502,false,false,1502
vu-4358,24005277,1791307571995,1791307576327,502,false,false,1502
vu-3195,16003993,1791307571994,1791307576327,502,false,false,1502
vu-4181,22012655,1791307571995,1791307576327,502,false,false,1502
vu-3534,18006687,1791307572001,1791307576327,502,false,false,1502
vu-9448,58000315,1791307571953,1791307576327,502,false,false,1502
vu-322,01034379,1791307571997,1791307576327,502,false,false,1502
vu-4872,27005946,1791307571992,1791307576327,502,false,false,1502
vu-1485,02049842,1791307572000,1791307576327,502,false,false,1502
vu-2744,12010525,1791307571959,1791307576327,502,false,false,1502
vu-4090,22002958,1791307571985,1791307576327,502,false,false,1502
vu-7771,47001552,1791307571999,1791307576327,502,false,false,1502
vu-701,01074841,1791307571949,1791307576327,502,false,false,1502
vu-3608,18014571,1791307572000,1791307576327,502,false,false,1502
vu-5979,32008272,1791307572000,1791307576327,502,false,false,1502
vu-8015,48014423,1791307571986,1791307576327,502,false,false,1502
vu-4492,25009939,1791307572000,1791307576327,502,false,false,1502
vu-1695,02072486,1791307571983,1791307576327,502,false,false,1502
vu-5493,29021700,1791307571998,1791307576327,502,false,false,1502
vu-731,01078052,1791307572001,1791307576327,502,false,false,1502
vu-9643,60000691,1791307571997,1791307576327,502,false,false,1502
vu-3552,18008606,1791307571995,1791307576327,502,false,false,1502
vu-1219,02021472,1791307571998,1791307576327,502,false,false,1502
vu-3666,18020758,1791307572001,1791307576327,502,false,false,1502
vu-397,01042399,1791307572000,1791307576327,502,false,false,1502
vu-3073,15007456,1791307571987,1791307576327,502,false,false,1502
vu-1432,02044133,1791307572000,1791307576327,502,false,false,1502
vu-8479,50014031,1791307571978,1791307576327,502,false,false,1502
vu-6300,35003893,1791307571996,1791307576327,502,false,false,1502
vu-6039,33006285,1791307571994,1791307576328,502,false,false,1502
vu-478,01051035,1791307571973,1791307576328,502,false,false,1502
vu-1671,02069924,1791307571994,1791307576328,502,false,false,1502
vu-4749,26015543,1791307571994,1791307576328,502,false,false,1502
vu-4274,23006184,1791307571999,1791307576328,502,false,false,1502
vu-2107,04002878,1791307571954,1791307576328,502,false,false,1502
vu-9966,64003555,1791307571994,1791307576328,502,false,false,1502
vu-4806,26021632,1791307571984,1791307576328,502,false,false,1502
vu-7852,47010184,1791307571953,1791307576328,502,false,false,1502
vu-100,01010625,1791307571986,1791307576328,502,false,false,1502
vu-9080,54012208,1791307571955,1791307576329,200,true,false,
vu-6938,40007078,1791307571998,1791307576330,502,false,false,1502
vu-3855,21001380,1791307572000,1791307576330,502,false,false,1502
vu-4934,28000748,1791307571991,1791307576330,502,false,false,1502
vu-7961,48008632,1791307571993,1791307576331,502,false,false,1502
vu-3785,19011603,1791307571992,1791307576332,502,false,false,1502
vu-7060,40020072,1791307571951,1791307576333,200,true,false,
vu-1129,02011906,1791307571995,1791307576333,502,false,false,1502
vu-9650,60001440,1791307571950,1791307576334,502,false,false,1502
vu-5703,30007144,1791307571958,1791307576337,200,true,false,
vu-7847,47009650,1791307571963,1791307576339,502,false,false,1502
vu-2482,09004301,1791307571949,1791307576344,502,false,false,1502
vu-9212,55011202,1791307571995,1791307576344,502,false,false,1502
vu-949,01101316,1791307571986,1791307576345,502,false,false,1502
vu-7019,40015702,1791307571997,1791307576347,502,false,false,1502
vu-107,01011370,1791307571996,1791307576349,502,false,false,1502
vu-2727,12008710,1791307571954,1791307576350,200,true,false,
vu-5052,28013378,1791307571990,1791307576350,502,false,false,1502
vu-6171,34007514,1791307571959,1791307576350,200,true,false,
vu-126,01013388,1791307571999,1791307576351,502,false,false,1502
vu-7405,43006033,1791307571960,1791307576351,200,true,false,
vu-6900,40003034,1791307571997,1791307576352,502,false,false,1502
vu-5983,33000298,1791307572001,1791307576353,502,false,false,1502
vu-1720,02075152,1791307571960,1791307576354,502,false,false,1502
vu-761,01081263,1791307572000,1791307576354,502,false,false,1502
vu-9653,60001759,1791307571949,1791307576356,200,true,false,
vu-1100,02008820,1791307571991,1791307576357,502,false,false,1502
vu-4641,26004006,1791307571956,1791307576358,200,true,false,
vu-6287,35002511,1791307571994,1791307576359,502,false,false,1502
vu-4777,26018530,1791307571958,1791307576360,200,true,false,
vu-2013,03018516,1791307571967,1791307576361,502,false,false,1502
vu-9803,62001144,1791307571950,1791307576361,502,false,false,1502
vu-8147,48028535,1791307571997,1791307576361,502,false,false,1502
vu-1220,02021579,1791307571999,1791307576362,502,false,false,1502
vu-4366,24006126,1791307571971,1791307576362,200,true,false,
vu-4739,26014472,1791307571962,1791307576363,502,false,false,1502
vu-6858,39009225,1791307571956,1791307576363,200,true,false,
vu-748,01079878,1791307572000,1791307576364,502,false,false,1502
vu-4202,22014893,1791307571995,1791307576365,502,false,false,1502
vu-8071,48020420,1791307571998,1791307576367,502,false,false,1502
vu-7432,43008904,1791307571996,1791307576369,502,false,false,1502
vu-8603,51010739,1791307571978,1791307576371,502,false,false,1502
vu-4534,25014412,1791307571970,1791307576373,502,false,false,1502
vu-1491,02050489,1791307571999,1791307576373,502,false,false,1502
vu-8060,48019243,1791307571989,1791307576373,502,false,false,1502
vu-9743,61004950,1791307571998,1791307576374,502,false,false,1502
vu-69,01007301,1791307571996,1791307576374,502,false,false,1502
vu-3013,15001049,1791307571997,1791307576374,502,false,false,1502
vu-4941,28001504,1791307571997,1791307576374,502,false,false,1502
vu-6488,37004494,1791307571999,1791307576374,502,false,false,1502
vu-2188,04011591,1791307571999,1791307576374,502,false,false,1502
vu-7628,45003163,1791307571971,1791307576374,502,false,false,1502
vu-9086,54012845,1791307571952,1791307576374,502,false,false,1502
vu-8162,48030133,1791307571995,1791307576375,502,false,false,1502
vu-1533,02055018,1791307572000,1791307576375,502,false,false,1502
vu-2719,12007849,1791307572000,1791307576376,502,false,false,1502
vu-7189,41012909,1791307571990,1791307576376,500,false,false,1500
vu-5731,30010129,1791307571947,1791307576376,200,true,false,
vu-5051,28013272,1791307571993,1791307576377,502,false,false,1502
vu-4554,25016539,1791307571960,1791307576377,200,true,false,
vu-5601,29033227,1791307571988,1791307576377,502,false,false,1502
vu-5843,31005005,1791307571971,1791307576377,502,false,false,1502
vu-3889,21004997,1791307571995,1791307576377,502,false,false,1502
vu-9313,56009058,1791307571948,1791307576378,502,false,false,1502
vu-3388,17009096,1791307572000,1791307576378,502,false,false,1502
vu-6257,34016738,1791307571969,1791307576378,200,true,false,
vu-3017,15001475,1791307571998,1791307576378,502,false,false,1502
vu-5449,29017012,1791307571998,1791307576378,502,false,false,1502
vu-6855,39008905,1791307572001,1791307576378,200,true,false,
vu-3988,21015540,1791307571997,1791307576380,502,false,false,1502
vu-1465,02047683,1791307571999,1791307576380,502,false,false,1502
vu-1679,02070787,1791307571988,1791307576380,502,false,false,1502
vu-3566,18010096,1791307571998,1791307576380,502,false,false,1502
vu-6866,39010081,1791307572000,1791307576380,502,false,false,1502
vu-4283,23007146,1791307571999,1791307576380,502,false,false,1502
vu-861,01091937,1791307571977,1791307576380,200,true,false,
vu-6588,37015140,1791307571998,1791307576380,502,false,false,1502
vu-2901,14001743,1791307571994,1791307576381,502,false,false,1502
vu-4585,25019838,1791307571997,1791307576381,502,false,false,1502
vu-8557,51005842,1791307571997,1791307576381,502,false,false,1502
vu-4298,23008742,1791307572001,1791307576381,502,false,false,1502
vu-2870,13007160,1791307571992,1791307576381,502,false,false,1502
vu-5923,32002299,1791307572000,1791307576381,502,false,false,1502
vu-1536,02055351,1791307571999,1791307576381,502,false,false,1502
vu-1605,02062826,1791307571954,1791307576381,502,false,false,1502
vu-9630,59009985,1791307571978,1791307576381,502,false,false,1502
vu-5987,33000724,1791307571999,1791307576381,502,false,false,1502
vu-848,01090545,1791307571951,1791307576381,502,false,false,1502
vu-4410,25001211,1791307571999,1791307576381,502,false,false,1502
vu-3016,15001368,1791307572000,1791307576381,502,false,false,1502
vu-5523,29024897,1791307571997,1791307576381,502,false,false,1502
vu-1515,02053081,1791307572001,1791307576381,502,false,false,1502
vu-1777,02081261,1791307571953,1791307576381,502,false,false,1502
vu-1171,02016370,1791307572001,1791307576381,502,false,false,1502
vu-2262,05005923,1791307571997,1791307576381,502,false,false,1502
vu-1246,02024342,1791307571998,1791307576381,502,false,false,1502
vu-1023,02000630,1791307571998,1791307576381,502,false,false,1502
vu-5536,29026279,1791307571998,1791307576381,502,false,false,1502
vu-5230,28032368,1791307571948,1791307576381,502,false,false,1502
vu-7701,46004625,1791307571949,1791307576381,502,false,false,1502
vu-2175,04010199,1791307571999,1791307576381,502,false,false,1502
vu-7831,47007949,1791307572000,1791307576381,502,false,false,1502
vu-6200,34010626,1791307571994,1791307576381,502,false,false,1502
vu-5940,32004110,1791307572000,1791307576381,502,false,false,1502
vu-4866,27005308,1791307571999,1791307576381,502,false,false,1502
vu-5972,32007525,1791307572000,1791307576381,502,false,false,1502
vu-7094,41002778,1791307572001,1791307576381,502,false,false,1502
vu-5416,29013494,1791307572000,1791307576381,502,false,false,1502
vu-3145,15015146,1791307571994,1791307576381,502,false,false,1502
vu-2068,03024383,1791307571992,1791307576381,502,false,false,1502
vu-6972,40010700,1791307571977,1791307576382,502,false,false,1502
vu-6933,40006546,1791307571994,1791307576381,502,false,false,1502
vu-7616,45001881,1791307572001,1791307576382,502,false,false,1502
vu-5420,29013920,1791307571948,1791307576382,502,false,false,1502
vu-5980,32008378,1791307571995,1791307576382,502,false,false,1502
vu-879,01093852,1791307571977,1791307576382,502,false,false,1502
vu-8568,51007011,1791307571999,1791307576382,502,false,false,1502
vu-2899,14001529,1791307571995,1791307576382,502,false,false,1502
vu-6534,37009387,1791307571998,1791307576382,502,false,false,1502
vu-2606,10008507,1791307571995,1791307576382,502,false,false,1502
vu-1234,02023067,1791307571992,1791307576382,502,false,false,1502
vu-2575,10005196,1791307571998,1791307576382,502,false,false,1502
vu-1726,02075789,1791307571986,1791307576382,502,false,false,1502
vu-5941,32004217,1791307572000,1791307576382,502,false,false,1502
vu-4188,22013401,1791307571999,1791307576382,502,false,false,1502
vu-4712,26011593,1791307572000,1791307576382,502,false,false,1502
vu-2221,05001551,1791307571998,1791307576382,502,false,false,1502
vu-7895,48001585,1791307571995,1791307576382,502,false,false,1502
vu-2605,10008400,1791307571955,1791307576382,502,false,false,1502
vu-6870,39010508,1791307572000,1791307576382,502,false,false,1502
vu-6129,34003036,1791307571989,1791307576382,502,false,false,1502
vu-1542,02056015,1791307572000,1791307576382,502,false,false,1502
vu-4284,23007252,1791307571999,1791307576382,502,false,false,1502
vu-5521,29024682,1791307571995,1791307576382,502,false,false,1502
vu-2396,08003518,1791307571990,1791307576382,502,false,false,1502
vu-4142,22008501,1791307571998,1791307576382,502,false,false,1502
vu-7871,47012201,1791307571996,1791307576382,502,false,false,1502
vu-80,01008476,1791307571980,1791307576382,502,false,false,1502
vu-3573,18010841,1791307572000,1791307576382,502,false,false,1502
vu-3549,18008287,1791307571993,1791307576382,502,false,false,1502
vu-3662,18020332,1791307571998,1791307576383,502,false,false,1502
vu-5558,29028625,1791307571949,1791307576382,502,false,false,1502
vu-6544,37010453,1791307571998,1791307576383,502,false,false,1502
vu-8581,51008395,1791307571996,1791307576383,502,false,false,1502
vu-6130,34003142,1791307571990,1791307576383,502,false,false,1502
vu-7190,41013015,1791307571999,1791307576383,502,false,false,1502
vu-5498,29022233,1791307571996,1791307576383,502,false,false,1502
vu-2327,07000372,1791307571998,1791307576383,502,false,false,1502
vu-5000,28007829,1791307571995,1791307576383,502,false,false,1502
vu-6000,33002111,1791307571999,1791307576383,502,false,false,1502
vu-7314,42011768,1791307571999,1791307576383,502,false,false,1502
vu-7672,46001534,1791307571994,1791307576383,502,false,false,1502
vu-2060,03023529,1791307571990,1791307576383,502,false,false,1502
vu-7248,42004740,1791307571999,1791307576383,502,false,false,1502
vu-5301,29001183,1791307571994,1791307576383,502,false,false,1502
vu-1513,02052868,1791307572000,1791307576383,502,false,false,1502
vu-508,01054237,1791307571952,1791307576384,502,false,false,1502
vu-6059,33008420,1791307571996,1791307576384,502,false,false,1502
vu-7967,48009276,1791307571998,1791307576384,502,false,false,1502
vu-6051,33007567,1791307571999,1791307576384,502,false,false,1502
vu-7959,48008420,1791307571997,1791307576386,502,false,false,1502
vu-3059,15005961,1791307571987,1791307576386,502,false,false,1502
vu-6492,37004919,1791307571957,1791307576387,502,false,false,1502
vu-6404,36000568,1791307571951,1791307576389,200,true,false,
vu-7302,42010490,1791307571990,1791307576389,502,false,false,1502
vu-6374,35011770,1791307571957,1791307576389,200,true,false,
vu-9753,61006012,1791307571968,1791307576389,502,false,false,1502
vu-228,01024324,1791307571988,1791307576390,200,true,false,
vu-2681,12003794,1791307571952,1791307576390,200,true,false,
vu-5506,29023084,1791307571999,1791307576390,502,false,false,1502
vu-9453,58000846,1791307571958,1791307576390,502,false,false,1502
vu-5343,29005696,1791307571966,1791307576391,200,true,false,
vu-7659,46000141,1791307571982,1791307576393,502,false,false,1502
vu-8230,49003345,1791307571989,1791307576393,502,false,false,1502
vu-7971,48009708,1791307571998,1791307576394,502,false,false,1502
vu-3950,21011489,1791307571996,1791307576394,502,false,false,1502
vu-9564,59002953,1791307572000,1791307576394,502,false,false,1502
vu-6132,34003355,1791307571996,1791307576394,502,false,false,1502
vu-4071,22000937,1791307571953,1791307576396,200,true,false,
vu-4672,26007314,1791307571957,1791307576396,200,true,false,
vu-6600,37016416,1791307571957,1791307576397,200,true,false,
vu-3407,17011122,1791307571989,1791307576398,502,false,false,1502
vu-6351,35009323,1791307571965,1791307576398,502,false,false,1502
vu-4313,24000477,1791307571994,1791307576398,500,false,false,1500
vu-3025,15002328,1791307571998,1791307576399,502,false,false,1502
vu-4887,27007544,1791307571981,1791307576400,200,true,false,
vu-1818,02085628,1791307571952,1791307576400,502,false,false,1502
vu-3936,21010001,1791307571993,1791307576401,502,false,false,1502
vu-7311,42011447,1791307571999,1791307576402,502,false,false,1502
vu-3427,17013254,1791307571999,1791307576402,502,false,false,1502
vu-6233,34014175,1791307571995,1791307576402,502,false,false,1502
vu-5815,31002023,1791307571999,1791307576402,502,false,false,1502
vu-6428,36003129,1791307571953,1791307576402,502,false,false,1502
vu-5573,29030228,1791307571997,1791307576402,502,false,false,1502
vu-6848,39008161,1791307572000,1791307576402,502,false,false,1502
vu-6043,33006711,1791307571998,1791307576402,502,false,false,1502
vu-2604,10008294,1791307571996,1791307576402,502,false,false,1502
vu-9835,62004569,1791307571948,1791307576402,502,false,false,1502
vu-9707,61001103,1791307571948,1791307576402,502,false,false,1502
vu-2211,05000484,1791307571995,1791307576402,502,false,false,1502
vu-8168,48030776,1791307571997,1791307576402,502,false,false,1502
vu-5063,28014550,1791307571957,1791307576402,502,false,false,1502
vu-5627,29036002,1791307571992,1791307576402,502,false,false,1502
vu-3385,17008776,1791307571989,1791307576402,502,false,false,1502
vu-9893,63003487,1791307571999,1791307576402,502,false,false,1502
vu-3351,17005124,1791307571995,1791307576403,502,false,false,1502
vu-8534,51003399,1791307572001,1791307576403,502,false,false,1502
vu-7646,45005077,1791307571992,1791307576403,502,false,false,1502
vu-4239,23002447,1791307571999,1791307576403,502,false,false,1502
vu-4618,26001546,1791307571976,1791307576403,502,false,false,1502
vu-1018,02000099,1791307571998,1791307576403,502,false,false,1502
vu-7867,47011776,1791307572000,1791307576403,502,false,false,1502
vu-1072,02005844,1791307571997,1791307576403,502,false,false,1502
vu-1481,02049409,1791307572000,1791307576403,502,false,false,1502
vu-6272,35000912,1791307571996,1791307576403,502,false,false,1502
vu-4552,25016327,1791307571996,1791307576403,502,false,false,1502
vu-874,01093320,1791307571951,1791307576403,502,false,false,1502
vu-2016,03018840,1791307571948,1791307576403,502,false,false,1502
vu-7020,40015808,1791307571999,1791307576403,502,false,false,1502
vu-9283,56005865,1791307571964,1791307576403,502,false,false,1502
vu-2177,04010412,1791307571999,1791307576403,502,false,false,1502
vu-1021,02000417,1791307571998,1791307576403,502,false,false,1502
vu-8024,48015384,1791307571990,1791307576403,502,false,false,1502
vu-1514,02052975,1791307572000,1791307576403,502,false,false,1502
vu-5542,29026920,1791307571954,1791307576403,502,false,false,1502
vu-4630,26002831,1791307571992,1791307576403,502,false,false,1502
vu-5576,29030548,1791307571978,1791307576403,502,false,false,1502
vu-6582,37014499,1791307571996,1791307576403,502,false,false,1502
vu-7531,44008103,1791307571994,1791307576403,502,false,false,1502
vu-9353,57001146,1791307571999,1791307576403,502,false,false,1502
vu-7677,46002070,1791307572000,1791307576403,502,false,false,1502
vu-645,01068876,1791307571994,1791307576403,502,false,false,1502
vu-2277,06000570,1791307571949,1791307576403,502,false,false,1502
vu-3711,19003721,1791307571998,1791307576403,502,false,false,1502
vu-6736,38011463,1791307571959,1791307576403,502,false,false,1502
vu-529,01056475,1791307571998,1791307576403,502,false,false,1502
vu-4892,27008076,1791307571990,1791307576403,502,false,false,1502
vu-2491,09005259,1791307571993,1791307576403,502,false,false,1502
vu-2259,05005604,1791307571999,1791307576403,502,false,false,1502
vu-3279,16012941,1791307571948,1791307576403,502,false,false,1502
vu-5694,30006186,1791307571999,1791307576404,502,false,false,1502
vu-6872,40000048,1791307572001,1791307576404,502,false,false,1502
vu-2547,10002203,1791307571951,1791307576404,502,false,false,1502
vu-1282,02028165,1791307571988,1791307576404,502,false,false,1502
vu-6269,35000591,1791307571997,1791307576404,502,false,false,1502
vu-7899,48002013,1791307571998,1791307576404,502,false,false,1502
vu-3572,18010735,1791307571998,1791307576404,502,false,false,1502
vu-4192,22013828,1791307571996,1791307576404,502,false,false,1502
vu-8580,51008288,1791307571989,1791307576405,502,false,false,1502
vu-5376,29009225,1791307571974,1791307576409,502,false,false,1502
vu-2692,12004967,1791307572001,1791307576413,200,true,false,
vu-8023,48015278,1791307571950,1791307576415,200,true,false,
vu-4537,25014731,1791307571959,1791307576416,502,false,false,1502
vu-6149,34005169,1791307572000,1791307576417,500,false,false,1500
vu-864,01092256,1791307571949,1791307576417,502,false,false,1502
vu-642,01068557,1791307571996,1791307576418,502,false,false,1502
vu-1464,02047576,1791307572000,1791307576418,502,false,false,1502
vu-735,01078478,1791307572001,1791307576418,500,false,false,1500
vu-7539,44008952,1791307571958,1791307576419,200,true,false,
vu-9366,57002535,1791307571951,1791307576419,502,false,false,1502
vu-9776,61008454,1791307571953,1791307576421,502,false,false,1502
vu-8554,51005523,1791307571954,1791307576421,200,true,false,
vu-4255,23004158,1791307571960,1791307576423,200,true,false,
vu-2613,10009252,1791307571993,1791307576425,200,true,false,
vu-2053,03022785,1791307571966,1791307576426,502,false,false,1502
vu-2363,08000005,1791307571952,1791307576428,502,false,false,1502
vu-1223,02021899,1791307571998,1791307576428,502,false,false,1502
vu-1714,02074515,1791307571990,1791307576428,502,false,false,1502
vu-5640,30000436,1791307571949,1791307576428,502,false,false,1502
vu-24,01002460,1791307571949,1791307576428,502,false,false,1502
vu-6779,39000797,1791307571999,1791307576428,502,false,false,1502
vu-3836,19017038,1791307571994,1791307576428,502,false,false,1502
vu-1789,02082538,1791307571967,1791307576428,502,false,false,1502
vu-9339,56011823,1791307571981,1791307576428,502,false,false,1502
vu-176,01018771,1791307571989,1791307576428,502,false,false,1502
vu-6085,33011188,1791307571996,1791307576428,502,false,false,1502
vu-946,01100997,1791307571990,1791307576428,502,false,false,1502
vu-4312,24000370,1791307571996,1791307576428,502,false,false,1502
vu-4253,23003946,1791307572000,1791307576428,502,false,false,1502
vu-6416,36001851,1791307571990,1791307576428,502,false,false,1502
vu-4801,26021099,1791307571989,1791307576428,502,false,false,1502
vu-7773,47001765,1791307571960,1791307576428,502,false,false,1502
vu-3931,21009470,1791307571996,1791307576428,502,false,false,1502
vu-1190,02018387,1791307571958,1791307576428,502,false,false,1502
vu-5958,32006033,1791307572000,1791307576428,502,false,false,1502
vu-7308,42011128,1791307571995,1791307576428,502,false,false,1502
vu-9682,60004852,1791307571996,1791307576428,502,false,false,1502
vu-7447,43010503,1791307572001,1791307576429,502,false,false,1502
vu-1800,02083711,1791307571950,1791307576429,502,false,false,1502
vu-4100,22004022,1791307571962,1791307576429,502,false,false,1502
vu-3035,15003396,1791307571998,1791307576429,502,false,false,1502
vu-9840,62005103,1791307572000,1791307576429,502,false,false,1502
vu-6859,39009333,1791307572002,1791307576429,502,false,false,1502
vu-7991,48011855,1791307571998,1791307576429,502,false,false,1502
vu-7408,43006351,1791307571961,1791307576429,502,false,false,1502
vu-4320,24001227,1791307572000,1791307576429,502,false,false,1502
vu-2595,10007335,1791307571999,1791307576429,502,false,false,1502
vu-2676,12003259,1791307572001,1791307576429,502,false,false,1502
vu-5277,28037382,1791307571967,1791307576429,502,false,false,1502
vu-2267,05006457,1791307571998,1791307576429,502,false,false,1502
vu-2845,13004495,1791307571954,1791307576429,502,false,false,1502
vu-1453,02046408,1791307572001,1791307576429,502,false,false,1502
vu-3477,18000613,1791307571999,1791307576429,502,false,false,1502
vu-8225,49002812,1791307571995,1791307576429,502,false,false,1502
vu-6899,40002927,1791307572000,1791307576429,502,false,false,1502
vu-6426,36002916,1791307571996,1791307576429,502,false,false,1502
vu-6090,33011720,1791307571997,1791307576429,502,false,false,1502
vu-8588,51009144,1791307571997,1791307576429,502,false,false,1502
vu-4782,26019065,1791307571992,1791307576429,502,false,false,1502
vu-5477,29019997,1791307571995,1791307576429,502,false,false,1502
vu-6520,37007897,1791307571998,1791307576429,502,false,false,1502
vu-7524,44007359,1791307571994,1791307576429,502,false,false,1502
vu-8358,50001157,1791307571993,1791307576429,502,false,false,1502
vu-6989,40012513,1791307571953,1791307576429,502,false,false,1502
vu-8408,50006468,1791307571992,1791307576429,502,false,false,1502
vu-433,01046230,1791307571989,1791307576429,502,false,false,1502
vu-7740,46008776,1791307571949,1791307576429,502,false,false,1502
vu-649,01069301,1791307571999,1791307576429,502,false,false,1502
vu-9663,60002824,1791307571998,1791307576429,502,false,false,1502
vu-9449,58000421,1791307571990,1791307576429,502,false,false,1502
vu-4365,24006020,1791307571996,1791307576429,502,false,false,1502
vu-6877,40000581,1791307571999,1791307576429,502,false,false,1502
vu-7626,45002950,1791307571995,1791307576429,502,false,false,1502
vu-9777,61008561,1791307571949,1791307576429,502,false,false,1502
vu-8389,50004450,1791307571992,1791307576429,502,false,false,1502
vu-6772,39000054,1791307571959,1791307576429,502,false,false,1502
vu-5056,28013806,1791307572000,1791307576429,502,false,false,1502
vu-5632,29036534,1791307571988,1791307576429,502,false,false,1502
vu-6958,40009207,1791307571994,1791307576429,502,false,false,1502
vu-3770,19010006,1791307571999,1791307576430,502,false,false,1502
vu-9921,63006467,1791307571973,1791307576430,502,false,false,1502
vu-6417,36001957,1791307571991,1791307576430,502,false,false,1502
vu-7420,43007629,1791307571989,1791307576430,502,false,false,1502
vu-50,01005265,1791307572000,1791307576430,502,false,false,1502
vu-4296,23008529,1791307571998,1791307576430,502,false,false,1502
vu-2564,10004026,1791307571999,1791307576430,502,false,false,1502
vu-6853,39008692,1791307572000,1791307576430,502,false,false,1502
vu-4190,22013616,1791307571969,1791307576430,502,false,false,1502
vu-5048,28012951,1791307571994,1791307576430,502,false,false,1502
vu-1729,02076109,1791307571996,1791307576430,502,false,false,1502
vu-7532,44008209,1791307572000,1791307576430,502,false,false,1502
vu-2323,06005504,1791307571988,1791307576430,502,false,false,1502
vu-2032,03020542,1791307571975,1791307576430,502,false,false,1502
vu-6886,40001542,1791307572001,1791307576430,502,false,false,1502
vu-7480,44002671,1791307571999,1791307576430,502,false,false,1502
vu-5446,29016692,1791307571990,1791307576430,502,false,false,1502
vu-9859,62007145,1791307571970,1791307576433,200,true,false,
vu-5931,32003150,1791307571965,1791307576433,502,false,false,1502
vu-6364,35010709,1791307571957,1791307576434,200,true,false,
vu-4967,28004292,1791307571994,1791307576435,500,false,false,1500
vu-1487,02050061,1791307571961,1791307576436,200,true,false,
vu-7363,43001562,1791307571950,1791307576439,200,true,false,
vu-995,01106223,1791307571982,1791307576441,200,true,false,
vu-6248,34015780,1791307571970,1791307576447,200,true,false,
vu-4229,23001381,1791307571957,1791307576459,200,true,false,
vu-8014,48014317,1791307571952,1791307576464,200,true,false,
vu-9377,57003703,1791307571981,1791307576479,200,true,false,
vu-6329,35006980,1791307571955,1791307576481,200,true,false,
vu-4162,22010630,1791307571955,1791307576481,200,true,false,
vu-3845,21000312,1791307571957,1791307576484,200,true,false,
vu-8668,51017657,1791307571956,1791307576484,200,true,false,
vu-5106,28019137,1791307571958,1791307576487,200,true,false,
vu-8639,51014569,1791307571957,1791307576488,200,true,false,
vu-4135,22007758,1791307571961,1791307576490,200,true,false,
vu-4408,25000999,1791307571963,1791307576491,200,true,false,
vu-1511,02052654,1791307571957,1791307576492,200,true,false,
vu-2242,05003792,1791307571962,1791307576494,200,true,false,
vu-5662,30002777,1791307571967,1791307576496,200,true,false,
vu-492,01052528,1791307571956,1791307576500,200,true,false,
vu-2979,14010087,1791307571956,1791307576501,200,true,false,
vu-4124,22006581,1791307571962,1791307576501,200,true,false,
vu-3143,15014932,1791307571963,1791307576502,502,false,false,1502
vu-2321,06005292,1791307571956,1791307576503,200,true,false,
vu-7685,46002922,1791307571954,1791307576503,200,true,false,
vu-284,01030325,1791307571960,1791307576506,200,true,false,
vu-7637,45004118,1791307571966,1791307576508,200,true,false,
vu-2422,08006296,1791307571978,1791307576508,200,true,false,
vu-3875,21003508,1791307571960,1791307576525,200,true,false,
vu-2464,09002383,1791307571956,1791307576531,200,true,false,
vu-5298,29000863,1791307571976,1791307576536,200,true,false,
vu-6591,37015459,1791307571956,1791307576541,200,true,false,
vu-5836,31004260,1791307571954,1791307576541,200,true,false,
vu-8348,50000095,1791307572001,1791307576544,200,true,false,
vu-7826,47007415,1791307571954,1791307576550,200,true,false,
vu-9965,64003448,1791307571948,1791307576552,200,true,false,
vu-4179,22012443,1791307571956,1791307576555,200,true,false,
vu-4640,26003900,1791307571963,1791307576556,200,true,false,
vu-4796,26020564,1791307571977,1791307576557,200,true,false,
vu-4809,26021950,1791307571949,1791307576560,200,true,false,
vu-6724,38010190,1791307571954,1791307576563,200,true,false,
vu-2913,14003031,1791307571960,1791307576563,200,true,false,
vu-462,01049330,1791307571964,1791307576564,502,false,false,1502
vu-4853,27003923,1791307571959,1791307576567,200,true,false,
vu-9019,54005719,1791307571947,1791307576567,200,true,false,
vu-9274,56004910,1791307571954,1791307576568,200,true,false,
vu-5671,30003737,1791307571949,1791307576571,200,true,false,
vu-39,01004078,1791307571965,1791307576572,200,true,false,
vu-8512,51001048,1791307571955,1791307576574,200,true,false,
vu-4728,26013298,1791307571968,1791307576576,200,true,false,
vu-8536,51003611,1791307571965,1791307576579,200,true,false,
vu-9081,54012314,1791307571960,1791307576582,200,true,false,
vu-7290,42009213,1791307571949,1791307576582,200,true,false,
vu-4743,26014903,1791307571966,1791307576586,200,true,false,
vu-4522,25013134,1791307571966,1791307576589,200,true,false,
vu-8027,48015710,1791307571954,1791307576590,200,true,false,
vu-9989,64006004,1791307571949,1791307576591,200,true,false,
vu-8261,49006645,1791307571955,1791307576598,200,true,false,
vu-4548,25015902,1791307571949,1791307576600,200,true,false,
vu-9071,54011252,1791307571974,1791307576601,200,true,false,
vu-3242,16009008,1791307571965,1791307576603,200,true,false,
vu-9403,57006466,1791307571959,1791307576606,200,true,false,
vu-7264,42006444,1791307571955,1791307576607,200,true,false,
vu-4180,22012549,1791307571947,1791307576607,200,true,false,
vu-4820,27000392,1791307571950,1791307576609,200,true,false,
vu-1172,02016476,1791307571949,1791307576609,200,true,false,
vu-4745,26015118,1791307572001,1791307576615,200,true,false,
vu-6991,40012725,1791307571965,1791307576616,200,true,false,
vu-8768,52007998,1791307571966,1791307576617,200,true,false,
vu-4378,24007404,1791307571958,1791307576620,200,true,false,
vu-1798,02083498,1791307571963,1791307576620,200,true,false,
vu-5936,32003684,1791307571957,1791307576620,200,true,false,
vu-2250,05004646,1791307571953,1791307576622,200,true,false,
vu-5022,28010178,1791307571961,1791307576625,200,true,false,
vu-8036,48016671,1791307571952,1791307576625,200,true,false,
vu-2170,04009643,1791307571955,1791307576626,200,true,false,
vu-7774,47001872,1791307571954,1791307576626,200,true,false,
vu-2297,06002710,1791307572001,1791307576627,200,true,false,
vu-6601,37016522,1791307571958,1791307576631,200,true,false,
vu-7041,40018049,1791307572001,1791307576632,200,true,false,
vu-842,01089903,1791307571974,1791307576633,200,true,false,
vu-2023,03019584,1791307571976,1791307576635,200,true,false,
vu-7768,47001232,1791307571949,1791307576635,200,true,false,
vu-8575,51007757,1791307571958,1791307576638,200,true,false,
vu-3320,17001799,1791307571966,1791307576639,200,true,false,
vu-9836,62004676,1791307572001,1791307576640,200,true,false,
vu-238,01025394,1791307571957,1791307576641,200,true,false,
vu-6391,35013581,1791307571957,1791307576644,200,true,false,
vu-5857,31006496,1791307571959,1791307576647,200,true,false,
vu-1306,02030714,1791307571977,1791307576647,200,true,false,
vu-6917,40004846,1791307571955,1791307576648,200,true,false,
vu-4201,22014787,1791307571975,1791307576650,200,true,false,
vu-3456,17016357,1791307571962,1791307576651,200,true,false,
vu-3332,17003081,1791307571951,1791307576651,200,true,false,
vu-5282,28037919,1791307571951,1791307576655,200,true,false,
vu-5720,30008953,1791307571950,1791307576656,200,true,false,
vu-7484,44003104,1791307571976,1791307576657,200,true,false,
vu-6698,38007423,1791307571958,1791307576661,200,true,false,
vu-9598,59006574,1791307571948,1791307576661,200,true,false,
vu-4938,28001180,1791307571955,1791307576669,200,true,false,
vu-310,01033104,1791307571950,1791307576669,200,true,false,
vu-4242,23002765,1791307571971,1791307576671,200,true,false,
vu-3277,16012728,1791307571967,1791307576674,200,true,false,
vu-6919,40005058,1791307571951,1791307576677,200,true,false,
vu-5406,29012426,1791307571955,1791307576679,200,true,false,
vu-8057,48018921,1791307571959,1791307576690,200,true,false,
vu-5356,29007084,1791307571950,1791307576693,200,true,false,
vu-7452,43011034,1791307571984,1791307576693,200,true,false,
vu-7194,41013443,1791307571958,1791307576695,200,true,false,
vu-8696,52000325,1791307571955,1791307576696,200,true,false,
vu-110,01011688,1791307571956,1791307576697,200,true,false,
vu-1431,02044027,1791307571961,1791307576699,200,true,false,
vu-5139,28022651,1791307571958,1791307576701,200,true,false,
vu-328,01035017,1791307571960,1791307576703,200,true,false,
vu-8053,48018491,1791307571972,1791307576703,200,true,false,
vu-7978,48010463,1791307571958,1791307576706,200,true,false,
vu-2040,03021396,1791307571959,1791307576707,200,true,false,
vu-5309,29002038,1791307571982,1791307576709,200,true,false,
vu-1493,02050708,1791307571972,1791307576709,200,true,false,
vu-3569,18010416,1791307571960,1791307576711,200,true,false,
vu-3705,19003083,1791307571965,1791307576713,200,true,false,
vu-1369,02037406,1791307571949,1791307576715,200,true,false,
vu-6256,34016631,1791307571955,1791307576717,200,true,false,
vu-9649,60001334,1791307571954,1791307576718,200,true,false,
vu-3150,15015678,1791307571970,1791307576722,200,true,false,
vu-3303,16015498,1791307571955,1791307576723,200,true,false,
vu-3510,18004135,1791307571947,1791307576723,200,true,false,
vu-5496,29022019,1791307572001,1791307576723,200,true,false,
vu-7510,44005872,1791307571961,1791307576727,200,true,false,
vu-2840,13003960,1791307571959,1791307576728,502,false,false,1502
vu-9096,54013907,1791307571971,1791307576728,200,true,false,
vu-3336,17003506,1791307571948,1791307576729,200,true,false,
vu-8563,51006479,1791307571962,1791307576730,200,true,false,
vu-5069,28015188,1791307571948,1791307576731,200,true,false,
vu-5189,28027988,1791307571951,1791307576733,200,true,false,
vu-7860,47011033,1791307571971,1791307576734,200,true,false,
vu-534,01057014,1791307571954,1791307576734,200,true,false,
vu-4511,25011963,1791307571957,1791307576736,200,true,false,
vu-8782,52009486,1791307571951,1791307576738,200,true,false,
vu-6535,37009493,1791307571954,1791307576740,200,true,false,
vu-4018,21018741,1791307572001,1791307576742,200,true,false,
vu-305,01032572,1791307571962,1791307576745,200,true,false,
vu-1061,02004674,1791307571957,1791307576745,200,true,false,
vu-7320,42012405,1791307571959,1791307576746,200,true,false,
vu-8621,51012651,1791307571957,1791307576746,200,true,false,
vu-6576,37013862,1791307571981,1791307576747,200,true,false,
vu-8827,53001597,1791307571960,1791307576749,200,true,false,
vu-9194,55009286,1791307571955,1791307576749,200,true,false,
vu-5194,28028523,1791307571983,1791307576750,200,true,false,
vu-8700,52000750,1791307571973,1791307576752,200,true,false,
vu-2711,12006991,1791307571966,1791307576754,200,true,false,
vu-7340,42014537,1791307571956,1791307576755,200,true,false,
vu-8712,52002030,1791307571961,1791307576756,200,true,false,
vu-20,01002034,1791307571949,1791307576758,200,true,false,
vu-8547,51004779,1791307571962,1791307576761,200,true,false,
vu-6609,37017371,1791307571959,1791307576761,200,true,false,
vu-6901,40003144,1791307571966,1791307576761,200,true,false,
vu-8779,52009166,1791307571953,1791307576766,200,true,false,
vu-2815,13001296,1791307571954,1791307576771,200,true,false,
vu-5907,32000589,1791307571950,1791307576772,200,true,false,
vu-2463,09002276,1791307571990,1791307576776,200,true,false,
vu-6411,36001317,1791307571953,1791307576780,200,true,false,
vu-6747,38012633,1791307571952,1791307576783,200,true,false,
vu-8986,54002208,1791307571980,1791307576784,200,true,false,
vu-5675,30004161,1791307571952,1791307576786,200,true,false,
vu-3912,21007444,1791307571953,1791307576789,200,true,false,
vu-9742,61004844,1791307571957,1791307576790,200,true,false,
vu-6369,35011240,1791307571954,1791307576790,200,true,false,
vu-1856,03001749,1791307571969,1791307576791,200,true,false,
vu-7366,43001883,1791307571949,1791307576794,200,true,false,
vu-2557,10003280,1791307571957,1791307576796,200,true,false,
vu-8614,51011907,1791307571958,1791307576796,200,true,false,
vu-5422,29014135,1791307571954,1791307576798,200,true,false,
vu-6094,33012145,1791307571990,1791307576798,200,true,false,
vu-9717,61002167,1791307571947,1791307576799,200,true,false,
vu-3789,19012033,1791307571958,1791307576800,200,true,false,
vu-4557,25016861,1791307571959,1791307576801,200,true,false,
vu-4773,26018103,1791307571951,1791307576802,200,true,false,
vu-1567,02058785,1791307571958,1791307576802,200,true,false,
vu-8783,52009592,1791307571967,1791307576809,200,true,false,
vu-6180,34008481,1791307571953,1791307576814,200,true,false,
vu-6343,35008473,1791307571965,1791307576815,200,true,false,
vu-5687,30005440,1791307571960,1791307576817,200,true,false,
vu-1218,02021366,1791307571957,1791307576821,200,true,false,
vu-9158,55005449,1791307571977,1791307576822,200,true,false,
vu-6340,35008154,1791307571961,1791307576824,200,true,false,
vu-6676,38005082,1791307571959,1791307576825,200,true,false,
vu-5827,31003305,1791307571958,1791307576828,200,true,false,
vu-6563,37012473,1791307571969,1791307576830,200,true,false,
vu-355,01037916,1791307571949,1791307576830,200,true,false,
vu-2799,12016387,1791307571954,1791307576831,200,true,false,
vu-9535,58009571,1791307571978,1791307576840,200,true,false,
vu-2045,03021931,1791307571951,1791307576841,200,true,false,
vu-7090,41002351,1791307571965,1791307576841,200,true,false,
vu-4387,24008365,1791307571958,1791307576844,200,true,false,
vu-1902,03006654,1791307571969,1791307576908,200,true,false,
vu-5004,28008256,1791307571964,1791307576910,200,true,false,
vu-2134,04005781,1791307571988,1791307576915,200,true,false,
vu-2507,09006962,1791307571975,1791307576919,200,true,false,
vu-6680,38005507,1791307571964,1791307576927,200,true,false,
vu-331,01035349,1791307571952,1791307576927,200,true,false,
vu-2966,14008695,1791307571983,1791307576927,200,true,false,
vu-3841,19017571,1791307571979,1791307576933,200,true,false,
vu-5040,28012097,1791307571995,1791307576935,200,true,false,
vu-5332,29004511,1791307571982,1791307576937,200,true,false,
vu-2770,12013295,1791307571974,1791307576939,200,true,false,
vu-6662,38003591,1791307571949,1791307576941,200,true,false,
vu-3984,21015116,1791307571996,1791307576943,200,true,false,
vu-7422,43007842,1791307571981,1791307576944,200,true,false,
vu-3065,15006602,1791307571952,1791307576946,200,true,false,
vu-8275,49008134,1791307571989,1791307576950,200,true,false,
vu-3278,16012834,1791307571962,1791307576952,200,true,false,
vu-5975,32007845,1791307572000,1791307576955,200,true,false,
vu-5990,33001046,1791307572001,1791307576958,200,true,false,
vu-9163,55005982,1791307571986,1791307576959,200,true,false,
vu-7096,41002991,1791307572001,1791307576963,200,true,false,
vu-117,01012431,1791307571963,1791307576967,200,true,false,
vu-2339,07001651,1791307571960,1791307576967,200,true,false,
vu-782,01083498,1791307571970,1791307576971,200,true,false,
vu-8471,50013181,1791307571986,1791307576976,200,true,false,
vu-8569,51007118,1791307571953,1791307576976,200,true,false,
vu-4568,25018030,1791307571999,1791307576976,200,true,false,
vu-3866,21002551,1791307571955,1791307576976,200,true,false,
vu-7411,43006670,1791307571952,1791307576978,200,true,false,
vu-813,01086807,1791307571958,1791307576979,200,true,false,
vu-4147,22009034,1791307571948,1791307576984,200,true,false,
vu-2003,03017447,1791307571950,1791307576985,200,true,false,
vu-7832,47008055,1791307571981,1791307576988,200,true,false,
vu-2012,03018410,1791307571975,1791307576989,200,true,false,
vu-4199,22014572,1791307571985,1791307576989,200,true,false,
vu-7443,43010076,1791307571987,1791307576990,200,true,false,
vu-3397,17010057,1791307571955,1791307576991,200,true,false,
vu-259,01027646,1791307571987,1791307576995,200,true,false,
vu-6413,36001530,1791307571960,1791307577004,200,true,false,
vu-7721,46006755,1791307571980,1791307577018,200,true,false,
vu-4517,25012602,1791307571971,1791307577025,200,true,false,
vu-9296,56007248,1791307571957,1791307577026,200,true,false,
vu-4084,22002321,1791307571982,1791307577027,200,true,false,
vu-6791,39002077,1791307571980,1791307577059,200,true,false,
vu-8718,52002672,1791307571980,1791307577061,200,true,false,
vu-6483,37003962,1791307571984,1791307577063,200,true,false,
vu-2916,14003350,1791307571977,1791307577063,200,true,false,
vu-5223,28031620,1791307571955,1791307577083,200,true,false,
vu-5942,32004323,1791307572001,1791307577087,200,true,false,
vu-4153,22009673,1791307571960,1791307577088,200,true,false,
vu-385,01041120,1791307572001,1791307577097,200,true,false,
vu-1313,02031457,1791307571983,1791307577098,200,true,false,
vu-3190,16003461,1791307571977,1791307577099,200,true,false,
vu-4130,22007225,1791307571954,1791307577103,200,true,false,
vu-9451,58000633,1791307571993,1791307577105,200,true,false,
vu-343,01036631,1791307571975,1791307577107,200,true,false,
vu-1509,02052438,1791307572001,1791307577108,200,true,false,
vu-7407,43006245,1791307571977,1791307577113,200,true,false,
vu-8195,48033658,1791307571991,1791307577114,200,true,false,
vu-9905,63004761,1791307571988,1791307577116,200,true,false,
vu-1451,02046193,1791307572000,1791307577118,200,true,false,
vu-7623,45002631,1791307571960,1791307577125,200,true,false,
vu-1673,02070142,1791307571984,1791307577125,200,true,false,
vu-7454,43011247,1791307571956,1791307577130,200,true,false,
vu-7354,43000602,1791307571966,1791307577132,200,true,false,
vu-1858,03001962,1791307571967,1791307577136,200,true,false,
vu-7688,46003240,1791307571993,1791307577152,200,true,false,
vu-8090,48022444,1791307571991,1791307577154,200,true,false,
vu-5695,30006292,1791307571998,1791307577159,200,true,false,
vu-7040,40017943,1791307571959,1791307577163,200,true,false,
vu-9943,64001108,1791307571973,1791307577167,200,true,false,
vu-9990,64006110,1791307571960,1791307577173,200,true,false,
vu-6361,35010389,1791307571952,1791307577190,200,true,false,
vu-369,01039407,1791307571975,1791307577192,200,true,false,
vu-3441,17014752,1791307571979,1791307577193,200,true,false,
vu-2026,03019903,1791307571974,1791307577195,200,true,false,
vu-1665,02069275,1791307571982,1791307577195,200,true,false,
vu-3630,18016913,1791307572001,1791307577197,200,true,false,
vu-4308,23009808,1791307571999,1791307577198,200,true,false,
vu-4485,25009195,1791307571962,1791307577198,200,true,false,
vu-6124,34002504,1791307571957,1791307577200,200,true,false,
vu-3989,21015649,1791307571984,1791307577202,200,true,false,
vu-3939,21010320,1791307571963,1791307577203,200,true,false,
vu-4628,26002617,1791307571986,1791307577204,200,true,false,
vu-8079,48021271,1791307571956,1791307577207,200,true,false,
vu-230,01024538,1791307571998,1791307577209,200,true,false,
vu-1503,02051794,1791307572001,1791307577211,200,true,false,
vu-1985,03015520,1791307571975,1791307577212,200,true,false,
vu-3904,21006593,1791307571959,1791307577212,200,true,false,
vu-7582,44013523,1791307571970,1791307577213,200,true,false,
vu-3969,21013514,1791307571996,1791307577213,200,true,false,
vu-2465,09002489,1791307571948,1791307577214,200,true,false,
vu-3703,19002871,1791307571968,1791307577215,200,true,false,
vu-9004,54004121,1791307571970,1791307577216,200,true,false,
vu-3894,21005528,1791307571993,1791307577216,200,true,false,
vu-1783,02081902,1791307571990,1791307577217,200,true,false,
vu-33,01003427,1791307571968,1791307577217,200,true,false,
vu-4705,26010848,1791307572000,1791307577218,200,true,false,
vu-8870,53006177,1791307571953,1791307577219,200,true,false,
vu-1947,03011464,1791307571966,1791307577223,200,true,false,
vu-9662,60002718,1791307571951,1791307577224,200,true,false,
vu-3250,16009858,1791307571959,1791307577226,200,true,false,
vu-4976,28005254,1791307571960,1791307577226,200,true,false,
vu-2897,14001316,1791307571956,1791307577227,200,true,false,
vu-9759,61006649,1791307571960,1791307577230,200,true,false,
vu-6346,35008792,1791307571964,1791307577232,200,true,false,
vu-1004,01107182,1791307571956,1791307577233,200,true,false,
vu-741,01079127,1791307571961,1791307577234,200,true,false,
vu-505,01053918,1791307571954,1791307577235,200,true,false,
vu-745,01079559,1791307572000,1791307577237,200,true,false,
vu-9659,60002397,1791307571980,1791307577238,200,true,false,
vu-8830,53001917,1791307571963,1791307577239,200,true,false,
vu-2080,03025662,1791307571954,1791307577240,200,true,false,
vu-588,01062808,1791307571952,1791307577241,200,true,false,
vu-3067,15006817,1791307571989,1791307577241,200,true,false,
vu-8990,54002634,1791307571976,1791307577242,200,true,false,
vu-9679,60004533,1791307571983,1791307577246,200,true,false,
vu-2964,14008481,1791307571953,1791307577247,200,true,false,
vu-136,01014472,1791307571953,1791307577248,200,true,false,
vu-4947,28002145,1791307571961,1791307577248,200,true,false,
vu-7918,48004043,1791307571966,1791307577249,200,true,false,
vu-601,01064193,1791307571995,1791307577251,200,true,false,
vu-2224,05001870,1791307571970,1791307577252,200,true,false,
vu-7399,43005394,1791307571952,1791307577254,200,true,false,
vu-199,01021228,1791307571990,1791307577260,200,true,false,
vu-8431,50008932,1791307571988,1791307577261,200,true,false,
vu-1875,03003770,1791307571957,1791307577261,200,true,false,
vu-7617,45001988,1791307571957,1791307577261,200,true,false,
vu-899,01095986,1791307571949,1791307577262,200,true,false,
vu-7224,42002181,1791307571959,1791307577263,200,true,false,
vu-1164,02015627,1791307571982,1791307577263,200,true,false,
vu-1520,02053619,1791307571999,1791307577263,200,true,false,
vu-5881,31009051,1791307571993,1791307577267,200,true,false,
vu-5034,28011454,1791307571959,1791307577267,200,true,false,
vu-4815,26022587,1791307571959,1791307577268,200,true,false,
vu-4203,22015000,1791307571953,1791307577269,200,true,false,
vu-7130,41006618,1791307571958,1791307577269,200,true,false,
vu-3184,16002823,1791307571966,1791307577285,200,true,false,
vu-957,01102170,1791307571987,1791307577298,200,true,false,
vu-7286,42008788,1791307571962,1791307577301,200,true,false,
vu-7457,44000223,1791307571989,1791307577303,200,true,false,
vu-2470,09003023,1791307571973,1791307577303,200,true,false,
vu-9844,62005533,1791307571976,1791307577305,200,true,false,
vu-3032,15003076,1791307571972,1791307577307,200,true,false,
vu-6552,37011304,1791307571955,1791307577309,200,true,false,
vu-2948,14006769,1791307571958,1791307577311,200,true,false,
vu-7122,41005765,1791307571955,1791307577312,200,true,false,
vu-8806,52012039,1791307571969,1791307577313,200,true,false,
vu-9687,60005386,1791307571971,1791307577314,200,true,false,
vu-8199,49000048,1791307571986,1791307577315,200,true,false,
vu-3719,19004571,1791307571993,1791307577318,200,true,false,
vu-3202,16004736,1791307571998,1791307577319,200,true,false,
vu-4858,27004457,1791307571955,1791307577319,200,true,false,
vu-8828,53001703,1791307571968,1791307577322,200,true,false,
vu-2725,12008497,1791307571972,1791307577326,200,true,false,
vu-2085,04000529,1791307571992,1791307577328,200,true,false,
vu-9153,55004916,1791307571992,1791307577331,200,true,false,
vu-7317,42012087,1791307571957,1791307577333,200,true,false,
vu-3884,21004466,1791307571954,1791307577337,200,true,false,
vu-6831,39006351,1791307571961,1791307577338,200,true,false,
vu-2593,10007121,1791307571996,1791307577340,200,true,false,
vu-8117,48025332,1791307571971,1791307577342,200,true,false,
vu-3471,17017972,1791307571955,1791307577342,200,true,false,
vu-7566,44011821,1791307571956,1791307577344,200,true,false,
vu-9930,63007425,1791307571965,1791307577344,200,true,false,
vu-515,01054981,1791307571996,1791307577346,200,true,false,
vu-4980,28005684,1791307571976,1791307577347,200,true,false,
vu-7976,48010248,1791307571957,1791307577350,200,true,false,
vu-5174,28026387,1791307571966,1791307577351,200,true,false,
vu-8085,48021910,1791307571977,1791307577351,200,true,false,
vu-8058,48019030,1791307571951,1791307577353,200,true,false,
vu-5755,30012690,1791307571957,1791307577353,200,true,false,
vu-2366,08000326,1791307571979,1791307577354,200,true,false,
vu-9540,59000400,1791307571953,1791307577355,200,true,false,
vu-4168,22011271,1791307571977,1791307577361,200,true,false,
vu-4591,25020476,1791307571974,1791307577365,200,true,false,
vu-3499,18002955,1791307572001,1791307577365,200,true,false,
vu-4955,28003012,1791307571969,1791307577368,200,true,false,
vu-7347,42015283,1791307571960,1791307577373,200,true,false,
vu-7533,44008315,1791307571953,1791307577380,200,true,false,
vu-3431,17013682,1791307571956,1791307577397,200,true,false,
vu-7033,40017196,1791307571992,1791307577406,200,true,false,
vu-5767,30013969,1791307571985,1791307577413,200,true,false,
vu-609,01065044,1791307571960,1791307577417,200,true,false,
vu-2091,04001172,1791307571997,1791307577423,200,true,false,
vu-5103,28018817,1791307571975,1791307577424,200,true,false,
vu-6722,38009977,1791307571962,1791307577425,200,true,false,
vu-6270,35000698,1791307571956,1791307577428,200,true,false,
vu-4146,22008928,1791307571951,1791307577428,200,true,false,
vu-8844,53003408,1791307571976,1791307577428,200,true,false,
vu-9646,60001015,1791307571957,1791307577430,200,true,false,
vu-4664,26006457,1791307571963,1791307577430,200,true,false,
vu-6967,40010168,1791307571953,1791307577432,200,true,false,
vu-4426,25002911,1791307571991,1791307577434,200,true,false,
vu-5698,30006611,1791307571967,1791307577435,200,true,false,
vu-4328,24002084,1791307571967,1791307577436,200,true,false,
vu-4984,28006111,1791307571997,1791307577436,200,true,false,
vu-4948,28002254,1791307571996,1791307577441,200,true,false,
vu-7950,48007460,1791307571994,1791307577442,200,true,false,
vu-8631,51013715,1791307571966,1791307577444,200,true,false,
vu-2079,03025555,1791307571984,1791307577448,200,true,false,
vu-4254,23004052,1791307571955,1791307577451,200,true,false,
vu-1176,02016901,1791307571953,1791307577455,200,true,false,
vu-948,01101209,1791307571952,1791307577456,200,true,false,
vu-2090,04001066,1791307571996,1791307577458,200,true,false,
vu-7221,42001857,1791307571976,1791307577459,200,true,false,
vu-1205,02019982,1791307571951,1791307577460,200,true,false,
vu-4233,23001808,1791307571970,1791307577461,200,true,false,
vu-1723,02075471,1791307571952,1791307577466,200,true,false,
vu-3765,19009473,1791307571951,1791307577466,200,true,false,
vu-7733,46008029,1791307572001,1791307577468,200,true,false,
vu-3958,21012342,1791307571958,1791307577470,200,true,false,
vu-3257,16010602,1791307571992,1791307577473,200,true,false,
vu-4527,25013667,1791307571972,1791307577474,200,true,false,
vu-9079,54012102,1791307571950,1791307577479,200,true,false,
vu-1537,02055472,1791307572000,1791307577481,200,true,false,
vu-3860,21001912,1791307571964,1791307577486,200,true,false,
vu-1351,02035495,1791307571955,1791307577492,200,true,false,
vu-3546,18007966,1791307571972,1791307577492,200,true,false,
vu-9492,58005001,1791307571966,1791307577498,200,true,false,
vu-1751,02078448,1791307571993,1791307577500,200,true,false,
vu-8420,50007756,1791307571987,1791307577502,200,true,false,
vu-7343,42014857,1791307571964,1791307577507,200,true,false,
vu-5335,29004839,1791307571971,1791307577508,200,true,false,
vu-6824,39005600,1791307571961,1791307577509,200,true,false,
vu-665,01071003,1791307571977,1791307577511,200,true,false,
vu-2133,04005675,1791307571957,1791307577512,200,true,false,
vu-3946,21011063,1791307571955,1791307577513,200,true,false,
vu-8997,54003377,1791307571967,1791307577514,200,true,false,
vu-3775,19010540,1791307571961,1791307577516,200,true,false,
vu-3318,17001586,1791307571992,1791307577517,200,true,false,
vu-2831,13003002,1791307571965,1791307577517,200,true,false,
vu-8920,53011504,1791307571975,1791307577521,200,true,false,
vu-1473,02048537,1791307572001,1791307577521,200,true,false,
vu-8875,53006709,1791307571976,1791307577524,200,true,false,
vu-7795,47004117,1791307571993,1791307577524,200,true,false,
vu-3833,19016719,1791307571991,1791307577525,200,true,false,
vu-9439,57010294,1791307571968,1791307577526,200,true,false,
vu-2623,11000807,1791307571955,1791307577529,200,true,false,
vu-8525,51002439,1791307571968,1791307577530,200,true,false,
vu-7519,44006828,1791307571981,1791307577531,200,true,false,
vu-6493,37005025,1791307571961,1791307577532,200,true,false,
vu-5264,28035992,1791307571956,1791307577533,200,true,false,
vu-1938,03010503,1791307571977,1791307577534,200,true,false,
vu-5596,29032693,1791307571984,1791307577536,200,true,false,
vu-5244,28033865,1791307571980,1791307577538,200,true,false,
vu-5925,32002511,1791307571962,1791307577538,200,true,false,
vu-7946,48007035,1791307571991,1791307577540,200,true,false,
vu-2183,04011057,1791307571998,1791307577540,200,true,false,
vu-3269,16011877,1791307571960,1791307577541,200,true,false,
vu-8508,51000620,1791307571957,1791307577541,200,true,false,
vu-7064,40020498,1791307571984,1791307577542,200,true,false,
vu-3915,21007764,1791307571966,1791307577542,200,true,false,
vu-8395,50005088,1791307571989,1791307577543,200,true,false,
vu-6738,38011676,1791307571984,1791307577546,200,true,false,
vu-6286,35002405,1791307571996,1791307577547,200,true,false,
vu-2168,04009425,1791307571995,1791307577548,200,true,false,
vu-4632,26003049,1791307571954,1791307577551,200,true,false,
vu-1198,02019239,1791307571986,1791307577554,200,true,false,
vu-8832,53002130,1791307571954,1791307577563,200,true,false,
vu-6754,38013379,1791307571962,1791307577566,200,true,false,
vu-5451,29017224,1791307571961,1791307577569,200,true,false,
vu-5399,29011680,1791307571975,1791307577583,200,true,false,
vu-29,01002992,1791307571951,1791307577583,200,true,false,
vu-7714,46006008,1791307571994,1791307577585,200,true,false,
vu-8141,48027892,1791307571959,1791307577588,200,true,false,
vu-23,01002353,1791307571983,1791307577590,200,true,false,
vu-9175,55007258,1791307571969,1791307577591,200,true,false,
vu-8925,53012036,1791307571972,1791307577592,200,true,false,
vu-5218,28031089,1791307571955,1791307577594,200,true,false,
vu-4812,26022269,1791307571949,1791307577596,200,true,false,
vu-6198,34010409,1791307571955,1791307577596,200,true,false,
vu-521,01055620,1791307571970,1791307577600,200,true,false,
vu-8565,51006691,1791307571965,1791307577601,200,true,false,
vu-5411,29012960,1791307571971,1791307577602,200,true,false,
vu-1702,02073235,1791307571958,1791307577603,200,true,false,
vu-5982,33000191,1791307571965,1791307577604,200,true,false,
vu-7163,41010136,1791307571948,1791307577606,200,true,false,
vu-6292,35003044,1791307571963,1791307577606,200,true,false,
vu-5388,29010511,1791307571991,1791307577608,200,true,false,
vu-5519,29024470,1791307571982,1791307577609,200,true,false,
vu-7515,44006403,1791307571999,1791307577610,200,true,false,
vu-4059,21023121,1791307571948,1791307577610,200,true,false,
vu-5425,29014455,1791307571984,1791307577612,200,true,false,
vu-1682,02071105,1791307571984,1791307577613,200,true,false,
vu-4987,28006433,1791307571992,1791307577615,200,true,false,
vu-8368,50002219,1791307571984,1791307577616,200,true,false,
vu-5390,29010723,1791307571970,1791307577617,200,true,false,
vu-3954,21011915,1791307571954,1791307577619,200,true,false,
vu-3692,19001691,1791307571991,1791307577619,200,true,false,
vu-6151,34005382,1791307571958,1791307577619,200,true,false,
vu-2030,03020327,1791307571950,1791307577620,200,true,false,
vu-1497,02051148,1791307571954,1791307577623,200,true,false,
vu-7963,48008848,1791307571997,1791307577623,200,true,false,
vu-8530,51002970,1791307571962,1791307577635,200,true,false,
vu-6706,38008277,1791307571962,1791307577638,200,true,false,
vu-454,01048475,1791307571994,1791307577640,200,true,false,
vu-6929,40006121,1791307571977,1791307577643,200,true,false,
vu-8108,48024371,1791307571950,1791307577644,200,true,false,
vu-326,01034805,1791307571951,1791307577645,200,true,false,
vu-3585,18012127,1791307571953,1791307577646,200,true,false,
vu-576,01061528,1791307571962,1791307577649,200,true,false,
vu-5922,32002193,1791307572000,1791307577659,200,true,false,
vu-1689,02071848,1791307571956,1791307577662,200,true,false,
vu-3674,18021608,1791307571948,1791307577674,200,true,false,
vu-6915,40004633,1791307571953,1791307577675,200,true,false,
vu-9637,60000051,1791307571967,1791307577676,200,true,false,
vu-6530,37008959,1791307571957,1791307577678,200,true,false,
vu-5111,28019671,1791307572000,1791307577680,200,true,false,
vu-9968,64003767,1791307571950,1791307577680,200,true,false,
vu-892,01095239,1791307571962,1791307577681,200,true,false,
vu-1519,02053511,1791307571965,1791307577681,200,true,false,
vu-3167,16001016,1791307571957,1791307577683,200,true,false,
vu-3600,18013719,1791307571954,1791307577684,200,true,false,
vu-4721,26012554,1791307572001,1791307577686,200,true,false,
vu-5104,28018924,1791307571950,1791307577688,200,true,false,
vu-8594,51009782,1791307571989,1791307577688,200,true,false,
vu-5197,28028845,1791307571956,1791307577691,200,true,false,
vu-4471,25007704,1791307571951,1791307577691,200,true,false,
vu-2777,12014041,1791307571958,1791307577693,200,true,false,
vu-5728,30009807,1791307571961,1791307577694,200,true,false,
vu-2858,13005883,1791307571955,1791307577696,200,true,false,
vu-1760,02079428,1791307571957,1791307577698,200,true,false,
vu-5102,28018711,1791307571982,1791307577698,200,true,false,
vu-5263,28035886,1791307571975,1791307577698,200,true,false,
vu-2580,10005729,1791307571995,1791307577699,200,true,false,
vu-3196,16004099,1791307571955,1791307577700,200,true,false,
vu-8280,49008670,1791307571966,1791307577701,200,true,false,
vu-7310,42011341,1791307571955,1791307577703,200,true,false,
vu-9376,57003597,1791307571955,1791307577704,200,true,false,
vu-3610,18014787,1791307571950,1791307577705,200,true,false,
vu-8559,51006054,1791307571959,1791307577706,200,true,false,
vu-886,01094602,1791307571965,1791307577709,200,true,false,
vu-411,01043890,1791307571991,1791307577782,200,true,false,
vu-2611,10009039,1791307571953,1791307577792,200,true,false,
vu-8586,51008930,1791307571965,1791307577817,200,true,false,
vu-9810,62001898,1791307571978,1791307577826,200,true,false,
vu-9572,59003809,1791307571955,1791307577832,200,true,false,
vu-3260,16010922,1791307571956,1791307577836,200,true,false,
vu-1341,02034433,1791307571979,1791307577837,200,true,false,
vu-2222,05001657,1791307571967,1791307577838,200,true,false,
vu-1364,02036875,1791307571976,1791307577840,200,true,false,
vu-4277,23006504,1791307571952,1791307577841,200,true,false,
vu-614,01065576,1791307571999,1791307577844,200,true,false,
vu-7175,41011416,1791307571967,1791307577844,200,true,false,
vu-9862,63000187,1791307571955,1791307577845,200,true,false,
vu-6372,35011558,1791307571959,1791307577846,200,true,false,
vu-4076,22001469,1791307571968,1791307577848,200,true,false,
vu-5402,29012000,1791307571952,1791307577849,200,true,false,
vu-5163,28025211,1791307571982,1791307577851,200,true,false,
vu-3108,15011193,1791307571955,1791307577852,200,true,false,
vu-232,01024755,1791307571952,1791307577853,200,true,false,
vu-8226,49002920,1791307571953,1791307577855,200,true,false,
vu-5572,29030122,1791307572000,1791307577856,200,true,false,
vu-4160,22010418,1791307571977,1791307577857,200,true,false,
vu-8392,50004769,1791307571989,1791307577858,200,true,false,
vu-1284,02028377,1791307571952,1791307577859,200,true,false,
vu-6557,37011835,1791307571971,1791307577861,200,true,false,
vu-1224,02022005,1791307571997,1791307577862,200,true,false,
vu-9555,59001994,1791307571967,1791307577866,200,true,false,
vu-9763,61007073,1791307571947,1791307577867,200,true,false,
vu-1986,03015627,1791307571949,1791307577868,200,true,false,
vu-6503,37006089,1791307571999,1791307577869,200,true,false,
vu-3813,19014590,1791307571988,1791307577870,200,true,false,
vu-3140,15014606,1791307571964,1791307577872,200,true,false,
vu-3949,21011382,1791307571993,1791307577874,200,true,false,
vu-7574,44012671,1791307571956,1791307577876,200,true,false,
vu-8740,52005020,1791307571956,1791307577877,200,true,false,
vu-8694,52000112,1791307571977,1791307577877,200,true,false,
vu-6188,34009335,1791307571961,1791307577880,200,true,false,
vu-1989,03015949,1791307571960,1791307577881,200,true,false,
vu-1646,02067217,1791307571955,1791307577883,200,true,false,
vu-3020,15001793,1791307571955,1791307577884,200,true,false,
vu-3715,19004146,1791307571993,1791307577886,200,true,false,
vu-1468,02048004,1791307571955,1791307577887,200,true,false,
vu-5553,29028093,1791307571985,1791307577888,200,true,false,
vu-5623,29035577,1791307571988,1791307577888,200,true,false,
vu-3801,19013310,1791307571987,1791307577889,200,true,false,
vu-812,01086699,1791307571962,1791307577889,200,true,false,
vu-9236,56000869,1791307571968,1791307577889,200,true,false,
vu-491,01052422,1791307571954,1791307577891,200,true,false,
vu-5320,29003221,1791307571977,1791307577891,200,true,false,
vu-2042,03021609,1791307571971,1791307577891,200,true,false,
vu-2829,13002789,1791307571958,1791307577893,200,true,false,
vu-5472,29019464,1791307571960,1791307577894,200,true,false,
vu-4125,22006688,1791307571972,1791307577896,200,true,false,
vu-3645,18018508,1791307572000,1791307577899,200,true,false,
vu-3211,16005699,1791307571951,1791307577904,200,true,false,
vu-2126,04004926,1791307571986,1791307577917,200,true,false,
vu-9818,62002754,1791307571970,1791307577918,200,true,false,
vu-764,01081582,1791307571964,1791307577928,200,true,false,
vu-7024,40016240,1791307571987,1791307577931,200,true,false,
vu-5192,28028309,1791307571958,1791307577949,200,true,false,
vu-1734,02076642,1791307571987,1791307577951,200,true,false,
vu-3882,21004253,1791307571971,1791307577954,200,true,false,
vu-6818,39004961,1791307571950,1791307577954,200,true,false,
vu-8509,51000727,1791307571964,1791307577956,200,true,false,
vu-4540,25015049,1791307571964,1791307577957,200,true,false,
vu-3234,16008151,1791307571960,1791307577958,200,true,false,
vu-5342,29005589,1791307571956,1791307577958,200,true,false,
vu-6613,37017797,1791307571980,1791307577959,200,true,false,
vu-2701,12005926,1791307572001,1791307577962,200,true,false,
vu-1661,02068844,1791307571987,1791307577964,200,true,false,
vu-1683,02071211,1791307571957,1791307577966,200,true,false,
vu-1147,02013817,1791307571958,1791307577966,200,true,false,
vu-4597,25021113,1791307571976,1791307577967,200,true,false,
vu-8109,48024477,1791307571984,1791307577970,200,true,false,
vu-2988,14011050,1791307571949,1791307577971,200,true,false,
vu-3910,21007232,1791307571994,1791307577973,200,true,false,
vu-5567,29029588,1791307571989,1791307577976,200,true,false,
vu-6615,37018010,1791307571976,1791307577978,200,true,false,
vu-9049,54008912,1791307571979,1791307577979,200,true,false,
vu-5271,28036740,1791307571975,1791307577980,200,true,false,
vu-4674,26007529,1791307571953,1791307577982,200,true,false,
vu-4454,25005896,1791307571983,1791307577984,200,true,false,
vu-2025,03019796,1791307571963,1791307577986,200,true,false,
vu-3607,18014464,1791307571955,1791307577986,200,true,false,
vu-9046,54008592,1791307571968,1791307577988,200,true,false,
vu-1928,03009435,1791307571977,1791307577988,200,true,false,
vu-9247,56002039,1791307571961,1791307577990,200,true,false,
vu-198,01021121,1791307571959,1791307577991,200,true,false,
vu-146,01015543,1791307571955,1791307577992,200,true,false,
vu-9957,64002597,1791307571965,1791307577992,200,true,false,
vu-9145,55004064,1791307571955,1791307577997,200,true,false,
vu-7823,47007096,1791307571948,1791307577999,200,true,false,
vu-7834,47008269,1791307571973,1791307578001,200,true,false,
vu-2256,05005284,1791307571963,1791307578004,200,true,false,
vu-4669,26006995,1791307571991,1791307578006,200,true,false,
vu-9361,57002003,1791307571950,1791307578009,200,true,false,
vu-3270,16011983,1791307571991,1791307578013,200,true,false,
vu-7922,48004471,1791307571989,1791307578020,200,true,false,
vu-4768,26017567,1791307571989,1791307578024,200,true,false,
vu-9757,61006436,1791307571961,1791307578025,200,true,false,
vu-4649,26004858,1791307571955,1791307578027,200,true,false,
vu-7749,46009731,1791307571958,1791307578028,200,true,false,
vu-4467,25007278,1791307571961,1791307578029,200,true,false,
vu-4292,23008103,1791307571972,1791307578032,200,true,false,
vu-8716,52002458,1791307571975,1791307578033,200,true,false,
vu-4636,26003474,1791307571956,1791307578034,200,true,false,
vu-5231,28032474,1791307571959,1791307578035,200,true,false,
vu-439,01046872,1791307571991,1791307578037,200,true,false,
vu-7396,43005074,1791307571975,1791307578039,200,true,false,
vu-5634,29036747,1791307571982,1791307578040,200,true,false,
vu-4690,26009231,1791307571963,1791307578041,200,true,false,
vu-5802,31000637,1791307571979,1791307578044,200,true,false,
vu-2638,11002416,1791307571955,1791307578046,200,true,false,
vu-9048,54008805,1791307571957,1791307578046,200,true,false,
vu-4107,22004773,1791307571967,1791307578049,200,true,false,
vu-1886,03004944,1791307571968,1791307578049,200,true,false,
vu-4725,26012980,1791307571962,1791307578070,200,true,false,
vu-6484,37004068,1791307571962,1791307578076,200,true,false,
vu-6309,35004850,1791307571969,1791307578076,200,true,false,
vu-6620,37018543,1791307571976,1791307578078,200,true,false,
vu-6874,40000263,1791307572001,1791307578080,200,true,false,
vu-6336,35007726,1791307571979,1791307578081,200,true,false,
vu-2041,03021503,1791307571966,1791307578083,200,true,false,
vu-6457,37001186,1791307571958,1791307578084,200,true,false,
vu-8031,48016138,1791307571955,1791307578084,200,true,false,
vu-7627,45003056,1791307571962,1791307578087,200,true,false,
vu-6607,37017159,1791307571957,1791307578087,200,true,false,
vu-1071,02005738,1791307571996,1791307578088,200,true,false,
vu-299,01031932,1791307571954,1791307578089,200,true,false,
vu-1865,03002706,1791307571959,1791307578090,200,true,false,
vu-2370,08000753,1791307571962,1791307578093,200,true,false,
vu-7784,47002946,1791307571962,1791307578095,200,true,false,
vu-3725,19005213,1791307571950,1791307578095,200,true,false,
vu-3340,17003935,1791307571962,1791307578097,200,true,false,
vu-7067,40020818,1791307571951,1791307578097,200,true,false,
vu-3093,15009592,1791307571976,1791307578099,200,true,false,
vu-2174,04010092,1791307571953,1791307578101,200,true,false,
vu-194,01020692,1791307571985,1791307578103,200,true,false,
vu-6487,37004387,1791307571971,1791307578105,200,true,false,
vu-8323,49013243,1791307571972,1791307578106,200,true,false,
vu-4734,26013938,1791307572001,1791307578109,200,true,false,
vu-253,01027004,1791307571961,1791307578113,200,true,false,
vu-9876,63001679,1791307571954,1791307578116,200,true,false,
vu-6174,34007833,1791307571958,1791307578119,200,true,false,
vu-4413,25001530,1791307571964,1791307578123,200,true,false,
vu-9536,58009677,1791307571964,1791307578126,200,true,false,
vu-3956,21012127,1791307571964,1791307578126,200,true,false,
vu-5413,29013173,1791307571966,1791307578129,200,true,false,
vu-4978,28005471,1791307571963,1791307578129,200,true,false,
vu-3086,15008844,1791307571952,1791307578130,200,true,false,
vu-2909,14002599,1791307571967,1791307578131,200,true,false,
vu-4355,24004958,1791307571967,1791307578133,200,true,false,
vu-6509,37006726,1791307571960,1791307578135,200,true,false,
vu-6966,40010061,1791307571973,1791307578135,200,true,false,
vu-7300,42010278,1791307571965,1791307578136,200,true,false,
vu-9736,61004205,1791307571962,1791307578137,200,true,false,
vu-6360,35010283,1791307571960,1791307578138,200,true,false,
vu-1498,02051254,1791307571970,1791307578138,200,true,false,
vu-6792,39002183,1791307571950,1791307578141,200,true,false,
vu-3461,17016890,1791307571957,1791307578142,200,true,false,
vu-6799,39002931,1791307571967,1791307578143,200,true,false,
vu-9557,59002206,1791307571971,1791307578143,200,true,false,
vu-6106,34000580,1791307571963,1791307578144,200,true,false,
vu-6489,37004600,1791307571997,1791307578144,200,true,false,
vu-6237,34014601,1791307571959,1791307578146,200,true,false,
vu-4909,27009884,1791307571995,1791307578151,200,true,false,
vu-3823,19015656,1791307571958,1791307578159,200,true,false,
vu-3618,18015637,1791307571953,1791307578159,200,true,false,
vu-1738,02077067,1791307571952,1791307578161,200,true,false,
vu-2672,12002834,1791307571960,1791307578162,200,true,false,
vu-6540,37010027,1791307571964,1791307578162,200,true,false,
vu-9849,62006073,1791307572001,1791307578162,200,true,false,
vu-8753,52006403,1791307571964,1791307578163,200,true,false,
vu-7562,44011395,1791307571967,1791307578163,200,true,false,
vu-6572,37013435,1791307571981,1791307578166,200,true,false,
vu-6421,36002384,1791307571951,1791307578173,200,true,false,
vu-3097,15010017,1791307571960,1791307578174,200,true,false,
vu-5316,29002784,1791307571969,1791307578174,200,true,false,
vu-1226,02022217,1791307571956,1791307578174,200,true,false,
vu-2932,14005060,1791307571964,1791307578177,200,true,false,
vu-4434,25003770,1791307571964,1791307578181,200,true,false,
vu-6846,39007948,1791307571967,1791307578218,200,true,false,
vu-1804,02084136,1791307571970,1791307578218,200,true,false,
vu-7631,45003481,1791307571960,1791307578222,200,true,false,
vu-6527,37008641,1791307571964,1791307578222,200,true,false,
vu-1117,02010632,1791307571953,1791307578225,200,true,false,
vu-1408,02041554,1791307571956,1791307578226,200,true,false,
vu-6903,40003357,1791307571967,1791307578228,200,true,false,
vu-4970,28004614,1791307571968,1791307578230,200,true,false,
vu-423,01045166,1791307571967,1791307578231,200,true,false,
vu-9808,62001683,1791307571965,1791307578231,200,true,false,
vu-801,01085522,1791307571952,1791307578234,200,true,false,
vu-5019,28009860,1791307571954,1791307578235,200,true,false,
vu-1194,02018814,1791307571955,1791307578236,200,true,false,
vu-7219,42001643,1791307571973,1791307578239,200,true,false,
vu-7863,47011351,1791307571953,1791307578239,200,true,false,
vu-5392,29010937,1791307571966,1791307578242,200,true,false,
vu-4608,26000472,1791307571962,1791307578245,200,true,false,
vu-7517,44006616,1791307571958,1791307578245,200,true,false,
vu-6585,37014819,1791307571948,1791307578247,200,true,false,
vu-5237,28033117,1791307571959,1791307578247,200,true,false,
vu-2571,10004771,1791307571963,1791307578248,200,true,false,
vu-4735,26014046,1791307571959,1791307578248,200,true,false,
vu-6133,34003461,1791307571989,1791307578254,200,true,false,
vu-5796,30017071,1791307571963,1791307578255,200,true,false,
vu-127,01013495,1791307571984,1791307578255,200,true,false,
vu-7865,47011564,1791307571964,1791307578257,200,true,false,
vu-3354,17005446,1791307571979,1791307578258,200,true,false,
vu-434,01046336,1791307571984,1791307578259,200,true,false,
vu-9425,57008805,1791307571956,1791307578260,200,true,false,
vu-2160,04008574,1791307571960,1791307578261,200,true,false,
vu-6028,33005112,1791307571954,1791307578263,200,true,false,
vu-1922,03008795,1791307571954,1791307578264,200,true,false,
vu-4973,28004934,1791307571957,1791307578264,200,true,false,
vu-4920,27011054,1791307571970,1791307578266,200,true,false,
vu-4318,24001014,1791307571963,1791307578267,200,true,false,
vu-8019,48014850,1791307571956,1791307578269,200,true,false,
vu-2668,12002409,1791307572001,1791307578270,200,true,false,
vu-1321,02032306,1791307571960,1791307578271,200,true,false,
vu-4285,23007358,1791307571958,1791307578272,200,true,false,
vu-1343,02034645,1791307571956,1791307578273,200,true,false,
vu-7870,47012094,1791307571960,1791307578275,200,true,false,
vu-539,01057551,1791307571963,1791307578276,200,true,false,
vu-4351,24004534,1791307571952,1791307578276,200,true,false,
vu-7876,47012734,1791307571952,1791307578277,200,true,false,
vu-4271,23005864,1791307571956,1791307578277,200,true,false,
vu-1121,02011056,1791307571963,1791307578279,200,true,false,
vu-7589,44014266,1791307571956,1791307578281,200,true,false,
vu-5450,29017118,1791307571972,1791307578282,200,true,false,
vu-6371,35011452,1791307571963,1791307578284,200,true,false,
vu-7779,47002412,1791307571953,1791307578284,200,true,false,
vu-19,01001927,1791307571956,1791307578284,200,true,false,
vu-7920,48004256,1791307571954,1791307578286,200,true,false,
vu-4956,28003120,1791307571954,1791307578288,200,true,false,
vu-3345,17004480,1791307571987,1791307578289,200,true,false,
vu-9779,61008773,1791307571951,1791307578289,200,true,false,
vu-7171,41010990,1791307571964,1791307578292,200,true,false,
vu-4356,24005064,1791307571976,1791307578293,200,true,false,
vu-5374,29009012,1791307571964,1791307578293,200,true,false,
vu-9791,61010047,1791307571960,1791307578296,200,true,false,
vu-9616,59008493,1791307571991,1791307578298,200,true,false,
vu-725,01077409,1791307572001,1791307578298,200,true,false,
vu-4516,25012495,1791307571958,1791307578298,200,true,false,
vu-843,01090011,1791307571970,1791307578300,200,true,false,
vu-7859,47010927,1791307571963,1791307578303,200,true,false,
vu-6764,38014443,1791307571949,1791307578303,200,true,false,
vu-7126,41006191,1791307571953,1791307578304,200,true,false,
vu-2130,04005351,1791307571965,1791307578304,200,true,false,
vu-8338,49014837,1791307571969,1791307578306,200,true,false,
vu-1248,02024555,1791307571962,1791307578307,200,true,false,
vu-5278,28037491,1791307571968,1791307578308,200,true,false,
vu-3386,17008882,1791307571968,1791307578309,200,true,false,
vu-9290,56006609,1791307571971,1791307578310,200,true,false,
vu-8527,51002651,1791307571969,1791307578312,200,true,false,
vu-9599,59006681,1791307571962,1791307578312,200,true,false,
vu-4785,26019387,1791307571995,1791307578314,200,true,false,
vu-6713,38009022,1791307571952,1791307578314,200,true,false,
vu-3027,15002542,1791307571997,1791307578315,200,true,false,
vu-9384,57004446,1791307571969,1791307578315,200,true,false,
vu-1345,02034858,1791307571953,1791307578315,200,true,false,
vu-4907,27009672,1791307571954,1791307578315,200,true,false,
vu-1496,02051040,1791307572001,1791307578317,200,true,false,
vu-2141,04006526,1791307571969,1791307578317,200,true,false,
vu-392,01041864,1791307572001,1791307578318,200,true,false,
vu-3440,17014645,1791307571976,1791307578320,200,true,false,
vu-500,01053387,1791307571967,1791307578321,200,true,false,
vu-7666,46000890,1791307571955,1791307578325,200,true,false,
vu-520,01055512,1791307571969,1791307578325,200,true,false,
vu-5039,28011991,1791307571960,1791307578335,200,true,false,
vu-2592,10007014,1791307571962,1791307578338,200,true,false,
vu-9197,55009605,1791307571954,1791307578341,200,true,false,
vu-9886,63002744,1791307571959,1791307578348,200,true,false,
vu-1597,02061975,1791307571985,1791307578348,200,true,false,
vu-1245,02024236,1791307571963,1791307578350,200,true,false,
vu-2530,10000393,1791307571960,1791307578352,200,true,false,
vu-1826,02086488,1791307571963,1791307578354,200,true,false,
vu-9286,56006184,1791307571948,1791307578361,200,true,false,
vu-3504,18003493,1791307571972,1791307578363,200,true,false,
vu-5092,28017640,1791307571979,1791307578366,200,true,false,
vu-418,01044634,1791307571955,1791307578368,200,true,false,
vu-3173,16001654,1791307571976,1791307578371,200,true,false,
vu-5616,29034830,1791307571959,1791307578381,200,true,false,
vu-5777,30015035,1791307571970,1791307578386,200,true,false,
vu-7137,41007366,1791307571948,1791307578393,200,true,false,
vu-1013,01108140,1791307571953,1791307578399,200,true,false,
vu-2014,03018624,1791307571962,1791307578403,200,true,false,
vu-9475,58003192,1791307571958,1791307578404,200,true,false,
vu-1322,02032413,1791307571952,1791307578408,200,true,false,
vu-5043,28012417,1791307571967,1791307578410,200,true,false,
vu-954,01101846,1791307571988,1791307578410,200,true,false,
vu-6330,35007086,1791307571959,1791307578411,200,true,false,
vu-6614,37017904,1791307571966,1791307578416,200,true,false,
vu-9766,61007392,1791307571962,1791307578416,200,true,false,
vu-2271,05006882,1791307571962,1791307578417,200,true,false,
vu-6908,40003888,1791307571973,1791307578418,200,true,false,
vu-3986,21015328,1791307571956,1791307578419,200,true,false,
vu-7244,42004314,1791307571953,1791307578420,200,true,false,
vu-26,01002673,1791307571976,1791307578421,200,true,false,
vu-550,01058748,1791307571999,1791307578421,200,true,false,
vu-5141,28022863,1791307571948,1791307578423,200,true,false,
vu-7157,41009494,1791307571968,1791307578424,200,true,false,
vu-7018,40015595,1791307571966,1791307578425,200,true,false,
vu-5509,29023403,1791307571956,1791307578427,200,true,false,
vu-5690,30005762,1791307571992,1791307578428,200,true,false,
vu-6143,34004530,1791307571956,1791307578428,200,true,false,
vu-3394,17009738,1791307571954,1791307578431,200,true,false,
vu-5626,29035896,1791307571954,1791307578434,200,true,false,
vu-4074,22001255,1791307571980,1791307578434,200,true,false,
vu-4451,25005578,1791307571996,1791307578436,200,true,false,
vu-1124,02011375,1791307571961,1791307578437,200,true,false,
vu-6150,34005275,1791307571962,1791307578439,200,true,false,
vu-512,01054662,1791307571963,1791307578439,200,true,false,
vu-1731,02076321,1791307571967,1791307578441,200,true,false,
vu-1833,02087232,1791307571964,1791307578442,200,true,false,
vu-1540,02055793,1791307571985,1791307578443,200,true,false,
vu-994,01106117,1791307571988,1791307578445,200,true,false,
vu-9993,64006429,1791307571956,1791307578445,200,true,false,
vu-4483,25008983,1791307571955,1791307578447,200,true,false,
vu-4833,27001779,1791307571956,1791307578447,200,true,false,
vu-1507,02052223,1791307572001,1791307578449,200,true,false,
vu-4792,26020135,1791307571959,1791307578450,200,true,false,
vu-6860,39009441,1791307571955,1791307578450,200,true,false,
vu-6107,34000687,1791307571967,1791307578451,200,true,false,
vu-8081,48021483,1791307571956,1791307578454,200,true,false,
vu-9824,62003395,1791307572000,1791307578455,200,true,false,
vu-6259,34016952,1791307571952,1791307578457,200,true,false,
vu-6142,34004424,1791307571963,1791307578459,200,true,false,
vu-4529,25013880,1791307571946,1791307578459,200,true,false,
vu-6997,40013362,1791307571972,1791307578460,200,true,false,
vu-5962,32006460,1791307571962,1791307578462,200,true,false,
vu-8697,52000431,1791307571949,1791307578464,200,true,false,
vu-2214,05000805,1791307571954,1791307578466,200,true,false,
vu-7380,43003373,1791307571999,1791307578469,200,true,false,
vu-1231,02022749,1791307571969,1791307578473,200,true,false,
vu-6423,36002596,1791307571954,1791307578475,200,true,false,
vu-9397,57005829,1791307571975,1791307578476,200,true,false,
vu-7535,44008528,1791307571963,1791307578478,200,true,false,
vu-1045,02002969,1791307571961,1791307578478,200,true,false,
vu-3405,17010909,1791307571982,1791307578482,200,true,false,
vu-3126,15013116,1791307571953,1791307578483,200,true,false,
vu-2349,07002715,1791307571954,1791307578487,200,true,false,
vu-6574,37013647,1791307571961,1791307578491,200,true,false,
vu-5143,28023077,1791307571968,1791307578493,200,true,false,
vu-4020,21018956,1791307571948,1791307578494,200,true,false,
vu-5333,29004617,1791307571972,1791307578495,200,true,false,
vu-9220,55012051,1791307571976,1791307578498,200,true,false,
vu-2714,12007310,1791307572001,1791307578504,200,true,false,
vu-4786,26019495,1791307571963,1791307578515,200,true,false,
vu-8775,52008742,1791307571969,1791307578519,200,true,false,
vu-6516,37007470,1791307571998,1791307578522,200,true,false,
vu-3420,17012509,1791307571956,1791307578526,200,true,false,
vu-7306,42010916,1791307571954,1791307578527,200,true,false,
vu-1580,02060169,1791307571961,1791307578531,200,true,false,
vu-2707,12006564,1791307571962,1791307578531,200,true,false,
vu-4416,25001848,1791307571970,1791307578533,200,true,false,
vu-8182,48032270,1791307571996,1791307578534,200,true,false,
vu-5190,28028095,1791307571963,1791307578535,200,true,false,
vu-3236,16008367,1791307571954,1791307578538,200,true,false,
vu-6559,37012047,1791307571977,1791307578538,200,true,false,
vu-8531,51003077,1791307571964,1791307578539,200,true,false,
vu-5996,33001686,1791307571961,1791307578541,200,true,false,
vu-5684,30005121,1791307571963,1791307578542,200,true,false,
vu-4507,25011536,1791307571951,1791307578543,200,true,false,
vu-9634,59010410,1791307571952,1791307578545,200,true,false,
vu-7824,47007202,1791307571960,1791307578545,200,true,false,
vu-1718,02074940,1791307571966,1791307578547,200,true,false,
vu-1811,02084880,1791307571972,1791307578547,200,true,false,
vu-774,01082647,1791307571964,1791307578548,200,true,false,
vu-3663,18020439,1791307571968,1791307578549,200,true,false,
vu-6038,33006178,1791307571960,1791307578551,200,true,false,
vu-2248,05004434,1791307571967,1791307578554,200,true,false,
vu-9392,57005298,1791307571962,1791307578555,200,true,false,
vu-6448,37000208,1791307571954,1791307578556,200,true,false,
vu-5793,30016751,1791307571958,1791307578558,200,true,false,
vu-3404,17010803,1791307571960,1791307578559,200,true,false,
vu-4871,27005840,1791307571968,1791307578560,200,true,false,
vu-5452,29017330,1791307571957,1791307578562,200,true,false,
vu-3639,18017870,1791307571958,1791307578562,200,true,false,
vu-3712,19003827,1791307571960,1791307578563,200,true,false,
vu-8589,51009250,1791307571966,1791307578564,200,true,false,
vu-1066,02005207,1791307571959,1791307578565,200,true,false,
vu-9554,59001888,1791307571967,1791307578565,200,true,false,
vu-2359,07003782,1791307571962,1791307578566,200,true,false,
vu-4613,26001008,1791307571970,1791307578566,200,true,false,
vu-8217,49001962,1791307571965,1791307578570,200,true,false,
vu-2215,05000912,1791307571998,1791307578570,200,true,false,
vu-9317,56009483,1791307571974,1791307578570,200,true,false,
vu-3081,15008308,1791307571992,1791307578574,200,true,false,
vu-2296,06002603,1791307571966,1791307578574,200,true,false,
vu-9939,64000683,1791307571977,1791307578577,200,true,false,
vu-5107,28019243,1791307571971,1791307578577,200,true,false,
vu-8826,53001491,1791307571952,1791307578577,200,true,false,
vu-5239,28033333,1791307571978,1791307578579,200,true,false,
vu-4127,22006904,1791307571992,1791307578581,200,true,false,
vu-3460,17016784,1791307571970,1791307578581,200,true,false,
vu-9917,63006042,1791307571963,1791307578583,200,true,false,
vu-4062,21023439,1791307571959,1791307578584,200,true,false,
vu-5383,29009973,1791307571968,1791307578587,200,true,false,
vu-8043,48017420,1791307571958,1791307578587,200,true,false,
vu-2886,14000144,1791307571955,1791307578587,200,true,false,
vu-7591,44014479,1791307571953,1791307578588,200,true,false,
vu-1625,02064951,1791307571982,1791307578592,200,true,false,
vu-6012,33003393,1791307571965,1791307578593,200,true,false,
vu-3577,18011270,1791307571950,1791307578596,200,true,false,
vu-5927,32002725,1791307572001,1791307578598,200,true,false,
vu-2590,10006800,1791307571970,1791307578598,200,true,false,
vu-148,01015755,1791307571989,1791307578600,200,true,false,
vu-3794,19012565,1791307571956,1791307578601,200,true,false,
vu-5908,32000696,1791307571953,1791307578603,200,true,false,
vu-7245,42004420,1791307571956,1791307578606,200,true,false,
vu-2627,11001239,1791307571964,1791307578606,200,true,false,
vu-4605,26000149,1791307571966,1791307578608,200,true,false,
vu-4753,26015972,1791307571958,1791307578610,200,true,false,
vu-5813,31001809,1791307571951,1791307578611,200,true,false,
vu-7595,44014905,1791307571956,1791307578612,200,true,false,
vu-3544,18007753,1791307571966,1791307578614,200,true,false,
vu-5171,28026067,1791307571956,1791307578614,200,true,false,
vu-9548,59001251,1791307571968,1791307578618,200,true,false,
vu-593,01063344,1791307571956,1791307578619,200,true,false,
vu-1379,02038468,1791307571949,1791307578622,200,true,false,
vu-9442,57010613,1791307571964,1791307578624,200,true,false,
vu-9062,54010295,1791307571966,1791307578625,200,true,false,
vu-7804,47005074,1791307571975,1791307578627,200,true,false,
vu-9534,58009465,1791307571952,1791307578628,200,true,false,
vu-3960,21012556,1791307571966,1791307578629,200,true,false,
vu-7512,44006084,1791307571966,1791307578631,200,true,false,
vu-3928,21009151,1791307571974,1791307578633,200,true,false,
vu-1038,02002224,1791307571960,1791307578635,200,true,false,
vu-4461,25006639,1791307571960,1791307578635,200,true,false,
vu-5911,32001017,1791307571962,1791307578638,200,true,false,
vu-4709,26011274,1791307571967,1791307578639,200,true,false,
vu-4813,26022375,1791307571956,1791307578639,200,true,false,
vu-8045,48017634,1791307571990,1791307578643,200,true,false,
vu-7490,44003746,1791307571969,1791307578647,200,true,false,
vu-6181,34008588,1791307571959,1791307578649,200,true,false,
vu-7270,42007083,1791307571958,1791307578649,200,true,false,
vu-8351,50000414,1791307572001,1791307578652,200,true,false,
vu-297,01031718,1791307571965,1791307578654,200,true,false,
vu-7166,41010454,1791307571961,1791307578655,200,true,false,
vu-6347,35008898,1791307571966,1791307578656,200,true,false,
vu-7172,41011096,1791307571964,1791307578659,200,true,false,
vu-9487,58004470,1791307571968,1791307578660,200,true,false,
vu-724,01077303,1791307572000,1791307578662,200,true,false,
vu-7148,41008536,1791307572000,1791307578674,200,true,false,
vu-5849,31005645,1791307571964,1791307578677,200,true,false,
vu-1125,02011481,1791307571990,1791307578682,200,true,false,
vu-3452,17015927,1791307571954,1791307578686,200,true,false,
vu-7588,44014160,1791307571964,1791307578686,200,true,false,
vu-8812,53000004,1791307571974,1791307578688,200,true,false,
vu-7849,47009863,1791307571962,1791307578689,200,true,false,
vu-5372,29008800,1791307571971,1791307578692,200,true,false,
vu-4257,23004373,1791307571964,1791307578692,200,true,false,
vu-3237,16008473,1791307571952,1791307578693,200,true,false,
vu-3806,19013842,1791307571973,1791307578693,200,true,false,
vu-1880,03004306,1791307571960,1791307578696,200,true,false,
vu-5564,29029264,1791307571955,1791307578696,200,true,false,
vu-2657,12001234,1791307572001,1791307578698,200,true,false,
vu-2328,07000479,1791307571961,1791307578699,200,true,false,
vu-752,01080304,1791307571962,1791307578700,200,true,false,
vu-1239,02023598,1791307571994,1791307578703,200,true,false,
vu-4290,23007891,1791307571965,1791307578703,200,true,false,
vu-76,01008051,1791307571953,1791307578705,200,true,false,
vu-6415,36001744,1791307571967,1791307578706,200,true,false,
vu-4638,26003687,1791307571967,1791307578709,200,true,false,
vu-4830,27001459,1791307571962,1791307578709,200,true,false,
vu-6578,37014074,1791307571977,1791307578709,200,true,false,
vu-7886,48000622,1791307571963,1791307578710,200,true,false,
vu-5280,28037705,1791307571956,1791307578711,200,true,false,
vu-4795,26020455,1791307571959,1791307578711,200,true,false,
vu-5863,31007135,1791307571991,1791307578715,200,true,false,
vu-1203,02019769,1791307571949,1791307578716,200,true,false,
vu-4433,25003661,1791307571969,1791307578717,200,true,false,
vu-9243,56001613,1791307571988,1791307578717,200,true,false,
vu-9436,57009975,1791307571969,1791307578719,200,true,false,
vu-5334,29004726,1791307571967,1791307578720,200,true,false,
vu-4401,25000252,1791307571963,1791307578721,200,true,false,
vu-7005,40014214,1791307571964,1791307578721,200,true,false,
vu-196,01020907,1791307571956,1791307578724,200,true,false,
vu-6962,40009632,1791307571948,1791307578725,200,true,false,
vu-5021,28010072,1791307571955,1791307578726,200,true,false,
vu-7956,48008100,1791307571962,1791307578727,200,true,false,
vu-4095,22003491,1791307571960,1791307578728,200,true,false,
vu-9363,57002215,1791307571971,1791307578729,200,true,false,
vu-8340,49015049,1791307571975,1791307578729,200,true,false,
vu-2412,08005226,1791307571961,1791307578732,200,true,false,
vu-9973,64004298,1791307571948,1791307578734,200,true,false,
vu-1930,03009649,1791307571971,1791307578735,200,true,false,
vu-4750,26015649,1791307571956,1791307578735,200,true,false,
vu-9978,64004829,1791307571970,1791307578736,200,true,false,
vu-2430,08007145,1791307571965,1791307578736,200,true,false,
vu-5530,29025642,1791307571964,1791307578737,200,true,false,
vu-1148,02013924,1791307571982,1791307578737,200,true,false,
vu-213,01022719,1791307571990,1791307578738,200,true,false,
vu-4974,28005040,1791307571963,1791307578741,200,true,false,
vu-9986,64005685,1791307571974,1791307578742,200,true,false,
vu-6723,38010083,1791307571961,1791307578744,200,true,false,
vu-3749,19007765,1791307571959,1791307578758,200,true,false,
vu-1851,03001216,1791307571951,1791307578759,200,true,false,
vu-4228,23001275,1791307571964,1791307578762,200,true,false,
vu-5974,32007739,1791307571952,1791307578765,200,true,false,
vu-3750,19007871,1791307571959,1791307578765,200,true,false,
vu-7015,40015275,1791307571955,1791307578768,200,true,false,
vu-4906,27009566,1791307571965,1791307578771,200,true,false,
vu-4423,25002592,1791307571958,1791307578774,200,true,false,
vu-9381,57004128,1791307571970,1791307578777,200,true,false,
vu-523,01055832,1791307571961,1791307578777,200,true,false,
vu-5386,29010296,1791307571963,1791307578780,200,true,false,
vu-7085,41001816,1791307571959,1791307578780,200,true,false,
vu-340,01036313,1791307571965,1791307578782,200,true,false,
vu-9260,56003422,1791307571965,1791307578784,200,true,false,
vu-8221,49002388,1791307571990,1791307578785,200,true,false,
vu-8556,51005736,1791307571955,1791307578786,200,true,false,
vu-8327,49013668,1791307571990,1791307578787,200,true,false,
vu-740,01079019,1791307572001,1791307578789,200,true,false,
vu-8344,49015474,1791307571950,1791307578793,200,true,false,
vu-3642,18018190,1791307572000,1791307578798,200,true,false,
vu-5348,29006232,1791307571961,1791307578801,200,true,false,
vu-7812,47005924,1791307571952,1791307578805,200,true,false,
vu-1774,02080936,1791307571952,1791307578808,200,true,false,
vu-4798,26020777,1791307571962,1791307578810,200,true,false,
vu-5991,33001154,1791307572001,1791307578812,200,true,false,
vu-2447,09000568,1791307571956,1791307578817,200,true,false,
vu-1207,02020194,1791307571959,1791307578819,200,true,false,
vu-644,01068770,1791307571961,1791307578820,200,true,false,
vu-7753,46010159,1791307572001,1791307578823,200,true,false,
vu-7742,46008988,1791307571998,1791307578826,200,true,false,
vu-7603,45000485,1791307571962,1791307578827,200,true,false,
vu-3560,18009459,1791307571968,1791307578827,200,true,false,
vu-3850,21000848,1791307571966,1791307578827,200,true,false,
vu-5196,28028738,1791307571958,1791307578829,200,true,false,
vu-53,01005589,1791307571959,1791307578830,200,true,false,
vu-4399,25000038,1791307571948,1791307578831,200,true,false,
vu-4614,26001114,1791307571964,1791307578832,200,true,false,
vu-6729,38010720,1791307571959,1791307578833,200,true,false,
vu-7796,47004224,1791307571958,1791307578833,200,true,false,
vu-4616,26001330,1791307571972,1791307578835,200,true,false,
vu-7322,42012619,1791307571972,1791307578835,200,true,false,
vu-5123,28020948,1791307571954,1791307578836,200,true,false,
vu-2286,06001529,1791307571956,1791307578836,200,true,false,
vu-2245,05004115,1791307571995,1791307578838,200,true,false,
vu-9665,60003038,1791307571961,1791307578839,200,true,false,
vu-6953,40008673,1791307571999,1791307578840,200,true,false,
vu-8136,48027360,1791307571980,1791307578843,200,true,false,
vu-5059,28014124,1791307571958,1791307578843,200,true,false,
vu-5705,30007356,1791307571952,1791307578844,200,true,false,
vu-2238,05003366,1791307571967,1791307578844,200,true,false,
vu-1391,02039745,1791307571961,1791307578846,200,true,false,
vu-1051,02003608,1791307571954,1791307578847,200,true,false,
vu-6921,40005270,1791307571961,1791307578847,200,true,false,
vu-2374,08001178,1791307571963,1791307578849,200,true,false,
vu-636,01067915,1791307571955,1791307578852,200,true,false,
vu-9867,63000721,1791307571968,1791307578853,200,true,false,
vu-9501,58005956,1791307571957,1791307578857,200,true,false,
vu-1152,02014350,1791307571967,1791307578858,200,true,false,
vu-42,01004397,1791307571949,1791307578860,200,true,false,
vu-7769,47001339,1791307571972,1791307578861,200,true,false,
vu-1270,02026891,1791307571956,1791307578862,200,true,false,
vu-3337,17003613,1791307571962,1791307578862,200,true,false,
vu-5976,32007951,1791307571957,1791307578862,200,true,false,
vu-4788,26019711,1791307571987,1791307578865,200,true,false,
vu-6170,34007406,1791307571963,1791307578868,200,true,false,
vu-7629,45003269,1791307571997,1791307578877,200,true,false,
vu-27,01002779,1791307571974,1791307578879,200,true,false,
vu-3669,18021076,1791307571950,1791307578883,200,true,false,
vu-5414,29013280,1791307571968,1791307578885,200,true,false,
vu-2136,04005994,1791307571966,1791307578889,200,true,false,
vu-9735,61004099,1791307571960,1791307578891,200,true,false,
vu-4395,24009220,1791307571961,1791307578891,200,true,false,
vu-3180,16002398,1791307571968,1791307578893,200,true,false,
vu-1348,02035177,1791307571960,1791307578897,200,true,false,
vu-6081,33010763,1791307571955,1791307578901,200,true,false,
vu-8714,52002246,1791307571963,1791307578904,200,true,false,
vu-9160,55005662,1791307571957,1791307578907,200,true,false,
vu-7811,47005818,1791307571966,1791307578907,200,true,false,
vu-1556,02057569,1791307571952,1791307578910,200,true,false,
vu-2434,08007570,1791307571959,1791307578911,200,true,false,
vu-4663,26006348,1791307571960,1791307578912,200,true,false,
vu-6735,38011357,1791307571957,1791307578914,200,true,false,
vu-6023,33004576,1791307571958,1791307578923,200,true,false,
vu-8943,53013951,1791307571976,1791307578932,200,true,false,
vu-7105,41003953,1791307571980,1791307578934,200,true,false,
vu-1055,02004033,1791307571997,1791307578939,200,true,false,
vu-7657,45006249,1791307571968,1791307578943,200,true,false,
vu-9329,56010761,1791307571953,1791307578944,200,true,false,
vu-6349,35009110,1791307571967,1791307578946,200,true,false,
vu-9881,63002212,1791307571966,1791307578947,200,true,false,
vu-8511,51000941,1791307571962,1791307578955,200,true,false,
vu-5428,29014776,1791307571961,1791307578962,200,true,false,
vu-2123,04004601,1791307571956,1791307578963,200,true,false,
vu-4776,26018423,1791307571965,1791307578965,200,true,false,
vu-8773,52008529,1791307571974,1791307578966,200,true,false,
vu-8475,50013606,1791307571957,1791307578968,200,true,false,
vu-721,01076980,1791307572001,1791307578970,200,true,false,
vu-921,01098329,1791307571965,1791307578971,200,true,false,
vu-8468,50012862,1791307571956,1791307578972,200,true,false,
vu-4877,27006479,1791307571968,1791307578972,200,true,false,
vu-8003,48013139,1791307571975,1791307578974,200,true,false,
vu-3360,17006091,1791307571999,1791307578975,200,true,false,
vu-9029,54006782,1791307571975,1791307578977,200,true,false,
vu-8464,50012438,1791307571984,1791307578978,200,true,false,
vu-5173,28026281,1791307571957,1791307578978,200,true,false,
vu-3979,21014583,1791307571957,1791307578978,200,true,false,
vu-7710,46005583,1791307571961,1791307578981,200,true,false,
vu-2086,04000639,1791307571959,1791307578982,200,true,false,
vu-9133,55002781,1791307571969,1791307578983,200,true,false,
vu-1420,02042851,1791307572000,1791307578983,200,true,false,
vu-7394,43004862,1791307571964,1791307578984,200,true,false,
vu-772,01082433,1791307571950,1791307578985,200,true,false,
vu-7696,46004093,1791307571963,1791307578987,200,true,false,
vu-6076,33010231,1791307571961,1791307578987,200,true,false,
vu-7152,41008961,1791307571963,1791307578988,200,true,false,
vu-6006,33002750,1791307571969,1791307578989,200,true,false,
vu-820,01087554,1791307571947,1791307578991,200,true,false,
vu-513,01054769,1791307571969,1791307578992,200,true,false,
vu-7294,42009640,1791307571976,1791307578993,200,true,false,
vu-5778,30015141,1791307571968,1791307578993,200,true,false,
vu-8455,50011482,1791307571950,1791307578995,200,true,false,
vu-4742,26014794,1791307571951,1791307578998,200,true,false,
vu-2715,12007417,1791307572001,1791307578999,200,true,false,
vu-6216,34012363,1791307571970,1791307579001,200,true,false,
vu-9745,61005162,1791307571951,1791307579001,200,true,false,
vu-5910,32000910,1791307571955,1791307579002,200,true,false,
vu-5494,29021806,1791307571970,1791307579003,200,true,false,
vu-6767,38014761,1791307571953,1791307579004,200,true,false,
vu-8987,54002315,1791307571954,1791307579005,200,true,false,
vu-8159,48029814,1791307571954,1791307579006,200,true,false,
vu-489,01052209,1791307571967,1791307579008,200,true,false,
vu-7267,42006764,1791307571962,1791307579008,200,true,false,
vu-1905,03006977,1791307571965,1791307579010,200,true,false,
vu-6752,38013167,1791307571959,1791307579010,200,true,false,
vu-8276,49008243,1791307571951,1791307579012,200,true,false,
vu-5831,31003729,1791307571979,1791307579012,200,true,false,
vu-9514,58007340,1791307571972,1791307579013,200,true,false,
vu-4668,26006888,1791307571967,1791307579015,200,true,false,
vu-8436,50009462,1791307571988,1791307579015,200,true,false,
vu-2585,10006263,1791307571957,1791307579017,200,true,false,
vu-240,01025607,1791307571967,1791307579018,200,true,false,
vu-979,01104509,1791307571990,1791307579019,200,true,false,
vu-5382,29009866,1791307571954,1791307579021,200,true,false,
vu-3818,19015123,1791307571961,1791307579021,200,true,false,
vu-6285,35002299,1791307571954,1791307579021,200,true,false,
vu-9122,55001607,1791307571971,1791307579023,200,true,false,
vu-6891,40002075,1791307572001,1791307579024,200,true,false,
vu-6235,34014387,1791307571956,1791307579026,200,true,false,
vu-3722,19004891,1791307571961,1791307579027,200,true,false,
vu-7044,40018370,1791307571951,1791307579029,200,true,false,
vu-325,01034699,1791307571957,1791307579030,200,true,false,
vu-2789,12015319,1791307571976,1791307579031,200,true,false,
vu-6446,36005048,1791307571960,1791307579033,200,true,false,
vu-7461,44000650,1791307571967,1791307579036,200,true,false,
vu-8413,50007000,1791307571955,1791307579036,200,true,false,
vu-8124,48026083,1791307571955,1791307579038,200,true,false,
vu-3370,17007166,1791307571963,1791307579060,200,true,false,
vu-5875,31008413,1791307571957,1791307579065,200,true,false,
vu-5262,28035780,1791307571963,1791307579068,200,true,false,
vu-9181,55007897,1791307571976,1791307579072,200,true,false,
vu-7459,44000437,1791307571949,1791307579074,200,true,false,
vu-9154,55005023,1791307571975,1791307579078,200,true,false,
vu-3773,19010327,1791307571955,1791307579080,200,true,false,
vu-4166,22011058,1791307571957,1791307579081,200,true,false,
vu-8142,48028000,1791307571960,1791307579082,200,true,false,
vu-8609,51011376,1791307571955,1791307579085,200,true,false,
vu-5057,28013912,1791307571977,1791307579086,200,true,false,
vu-1917,03008262,1791307571953,1791307579086,200,true,false,
vu-792,01084561,1791307571964,1791307579089,200,true,false,
vu-2814,13001190,1791307571959,1791307579090,200,true,false,
vu-3379,17008137,1791307571960,1791307579092,200,true,false,
vu-9635,59010517,1791307571954,1791307579092,200,true,false,
vu-1232,02022855,1791307571964,1791307579093,200,true,false,
vu-4720,26012448,1791307571964,1791307579096,200,true,false,
vu-5288,28038562,1791307571962,1791307579097,200,true,false,
vu-9843,62005425,1791307571954,1791307579102,200,true,false,
vu-7309,42011234,1791307571957,1791307579103,200,true,false,
vu-225,01024001,1791307571953,1791307579105,200,true,false,
vu-5465,29018714,1791307571948,1791307579106,200,true,false,
vu-8579,51008182,1791307571979,1791307579107,200,true,false,
vu-5874,31008305,1791307571962,1791307579111,200,true,false,
vu-2928,14004629,1791307571953,1791307579111,200,true,false,
vu-3259,16010815,1791307571966,1791307579112,200,true,false,
vu-3487,18001678,1791307571958,1791307579115,200,true,false,
vu-4392,24008898,1791307571961,1791307579117,200,true,false,
vu-7200,41014086,1791307571973,1791307579118,200,true,false,
vu-1508,02052331,1791307571969,1791307579118,200,true,false,
vu-3376,17007815,1791307571964,1791307579120,200,true,false,
vu-5455,29017649,1791307571967,1791307579121,200,true,false,
vu-7758,47000164,1791307571997,1791307579129,200,true,false,
vu-3934,21009789,1791307571959,1791307579130,200,true,false,
vu-3390,17009309,1791307572001,1791307579131,200,true,false,
vu-4347,24004107,1791307571951,1791307579133,200,true,false,
vu-888,01094814,1791307571963,1791307579134,200,true,false,
vu-9364,57002321,1791307571954,1791307579138,200,true,false,
vu-2786,12015000,1791307571980,1791307579140,200,true,false,
vu-1732,02076428,1791307571957,1791307579141,200,true,false,
vu-2421,08006189,1791307571954,1791307579143,200,true,false,
vu-7957,48008207,1791307571957,1791307579143,200,true,false,
vu-8859,53005008,1791307571987,1791307579143,200,true,false,
vu-303,01032360,1791307571959,1791307579145,200,true,false,
vu-6783,39001225,1791307571950,1791307579147,200,true,false,
vu-8381,50003600,1791307571972,1791307579148,200,true,false,
vu-8991,54002740,1791307571972,1791307579148,200,true,false,
vu-4624,26002188,1791307571966,1791307579150,200,true,false,
vu-7486,44003316,1791307571956,1791307579151,200,true,false,
vu-3110,15011405,1791307571957,1791307579153,200,true,false,
vu-816,01087128,1791307571964,1791307579155,200,true,false,
vu-9981,64005150,1791307571957,1791307579155,200,true,false,
vu-9304,56008099,1791307571969,1791307579157,200,true,false,
vu-7278,42007935,1791307571956,1791307579157,200,true,false,
vu-8543,51004354,1791307571958,1791307579162,200,true,false,
vu-5689,30005655,1791307571954,1791307579163,200,true,false,
vu-6985,40012088,1791307571959,1791307579164,200,true,false,
vu-8522,51002119,1791307571968,1791307579167,200,true,false,
vu-2201,04012979,1791307571963,1791307579167,200,true,false,
vu-3157,15016424,1791307571967,1791307579170,200,true,false,
vu-4794,26020349,1791307571963,1791307579171,200,true,false,
vu-1206,02020088,1791307571959,1791307579172,200,true,false,
vu-4326,24001872,1791307571957,1791307579173,200,true,false,
vu-8930,53012570,1791307571952,1791307579174,200,true,false,
vu-7204,42000041,1791307571964,1791307579175,200,true,false,
vu-2057,03023210,1791307571993,1791307579175,200,true,false,
vu-1895,03005901,1791307572000,1791307579177,200,true,false,
vu-9856,62006826,1791307571967,1791307579177,200,true,false,
vu-3159,16000161,1791307571972,1791307579180,200,true,false,
vu-3205,16005058,1791307571987,1791307579182,200,true,false,
vu-2693,12005074,1791307571964,1791307579183,200,true,false,
vu-9445,57010931,1791307571967,1791307579184,200,true,false,
vu-4375,24007086,1791307571981,1791307579184,200,true,false,
vu-414,01044209,1791307571959,1791307579187,200,true,false,
vu-4270,23005758,1791307571960,1791307579188,200,true,false,
vu-9127,55002141,1791307571975,1791307579190,200,true,false,
vu-6077,33010337,1791307571994,1791307579191,200,true,false,
vu-5898,31010860,1791307571964,1791307579191,200,true,false,
vu-1966,03013498,1791307571948,1791307579194,200,true,false,
vu-1333,02033581,1791307571963,1791307579196,200,true,false,
vu-736,01078587,1791307571958,1791307579197,200,true,false,
vu-1970,03013924,1791307571963,1791307579199,200,true,false,
vu-1706,02073662,1791307571957,1791307579200,200,true,false,
vu-6429,36003235,1791307571969,1791307579200,200,true,false,
vu-2952,14007195,1791307571950,1791307579202,200,true,false,
vu-857,01091507,1791307571958,1791307579203,200,true,false,
vu-459,01049010,1791307571959,1791307579203,200,true,false,
vu-5360,29007519,1791307571964,1791307579206,200,true,false,
vu-3556,18009033,1791307571956,1791307579206,200,true,false,
vu-430,01045910,1791307571961,1791307579209,200,true,false,
vu-6408,36000996,1791307571969,1791307579209,200,true,false,
vu-2484,09004515,1791307571974,1791307579210,200,true,false,
vu-8786,52009911,1791307571971,1791307579211,200,true,false,
vu-6881,40001009,1791307571956,1791307579212,200,true,false,
vu-4542,25015261,1791307571965,1791307579214,200,true,false,
vu-9935,64000258,1791307571970,1791307579216,200,true,false,
vu-12,01001180,1791307571952,1791307579219,200,true,false,
vu-5133,28022013,1791307571982,1791307579220,200,true,false,
vu-1305,02030608,1791307571954,1791307579220,200,true,false,
vu-9721,61002594,1791307571954,1791307579221,200,true,false,
vu-2567,10004344,1791307571955,1791307579221,200,true,false,
vu-1195,02018920,1791307571953,1791307579222,200,true,false,
vu-8872,53006390,1791307571952,1791307579223,200,true,false,
vu-2645,11003166,1791307571953,1791307579224,200,true,false,
vu-6324,35006443,1791307571961,1791307579225,200,true,false,
vu-5131,28021800,1791307572001,1791307579226,200,true,false,
vu-5668,30003415,1791307571965,1791307579227,200,true,false,
vu-4860,27004670,1791307571961,1791307579231,200,true,false,
vu-8724,52003309,1791307571973,1791307579233,200,true,false,
vu-2997,14012019,1791307571964,1791307579235,200,true,false,
vu-9119,55001289,1791307571972,1791307579251,200,true,false,
vu-1075,02006164,1791307571967,1791307579258,200,true,false,
vu-482,01051464,1791307571958,1791307579266,200,true,false,
vu-5864,31007243,1791307571965,1791307579277,200,true,false,
vu-806,01086058,1791307571965,1791307579278,200,true,false,
vu-7176,41011523,1791307571968,1791307579282,200,true,false,
vu-6168,34007193,1791307571978,1791307579285,200,true,false,
vu-359,01038342,1791307571971,1791307579298,200,true,false,
vu-8572,51007437,1791307571964,1791307579299,200,true,false,
vu-2607,10008613,1791307571960,1791307579302,200,true,false,
vu-544,01058091,1791307571963,1791307579305,200,true,false,
vu-9207,55010670,1791307571978,1791307579306,200,true,false,
vu-2866,13006734,1791307571960,1791307579308,200,true,false,
vu-486,01051889,1791307571968,1791307579310,200,true,false,
vu-9979,64004935,1791307571961,1791307579312,200,true,false,
vu-3174,16001760,1791307571970,1791307579315,200,true,false,
vu-7684,46002816,1791307571957,1791307579317,200,true,false,
vu-2620,11000486,1791307571964,1791307579319,200,true,false,
vu-7159,41009709,1791307571984,1791307579322,200,true,false,
vu-1918,03008368,1791307571966,1791307579326,200,true,false,
vu-1807,02084455,1791307571970,1791307579326,200,true,false,
vu-6536,37009601,1791307571978,1791307579329,200,true,false,
vu-1361,02036557,1791307571975,1791307579334,200,true,false,
vu-5127,28021373,1791307571975,1791307579336,200,true,false,
vu-8610,51011482,1791307571972,1791307579336,200,true,false,
vu-9533,58009358,1791307571963,1791307579337,200,true,false,
vu-8962,53015971,1791307571974,1791307579337,200,true,false,
vu-9047,54008698,1791307571977,1791307579339,200,true,false,
vu-6864,39009868,1791307571971,1791307579340,200,true,false,
vu-3536,18006900,1791307571981,1791307579346,200,true,false,
vu-2344,07002183,1791307571982,1791307579347,200,true,false,
vu-5663,30002883,1791307571963,1791307579349,200,true,false,
vu-6850,39008374,1791307571967,1791307579352,200,true,false,
vu-8708,52001602,1791307571977,1791307579354,200,true,false,
vu-4196,22014253,1791307571964,1791307579354,200,true,false,
vu-2356,07003463,1791307571955,1791307579355,200,true,false,
vu-5176,28026599,1791307571965,1791307579357,200,true,false,
vu-5061,28014337,1791307571957,1791307579359,200,true,false,
vu-1900,03006438,1791307571960,1791307579359,200,true,false,
vu-2539,10001349,1791307571979,1791307579360,200,true,false,
vu-2357,07003570,1791307571953,1791307579361,200,true,false,
vu-7275,42007616,1791307571972,1791307579361,200,true,false,
vu-6631,38000288,1791307571966,1791307579362,200,true,false,
vu-36,01003750,1791307571979,1791307579363,200,true,false,
vu-9722,61002700,1791307571952,1791307579366,200,true,false,
vu-4333,24002616,1791307571960,1791307579405,200,true,false,
vu-4787,26019605,1791307571984,1791307579406,200,true,false,
vu-963,01102810,1791307571984,1791307579409,200,true,false,
vu-352,01037593,1791307571980,1791307579413,200,true,false,
vu-2007,03017874,1791307571970,1791307579415,200,true,false,
vu-2034,03020757,1791307571969,1791307579418,200,true,false,
vu-722,01077087,1791307571962,1791307579420,200,true,false,
vu-7853,47010290,1791307571962,1791307579420,200,true,false,
vu-9847,62005860,1791307571971,1791307579421,200,true,false,
vu-9430,57009336,1791307571948,1791307579423,200,true,false,
vu-4208,22015532,1791307571968,1791307579424,200,true,false,
vu-1881,03004412,1791307571971,1791307579426,200,true,false,
vu-5440,29016052,1791307571971,1791307579426,200,true,false,
vu-5365,29008055,1791307571974,1791307579428,200,true,false,
vu-4186,22013187,1791307571963,1791307579428,200,true,false,
vu-6940,40007290,1791307572001,1791307579430,200,true,false,
vu-3411,17011551,1791307571966,1791307579430,200,true,false,
vu-4546,25015690,1791307571963,1791307579432,200,true,false,
vu-9041,54008059,1791307571971,1791307579433,200,true,false,
vu-5903,32000161,1791307571976,1791307579435,200,true,false,
vu-8179,48031949,1791307571984,1791307579437,200,true,false,
vu-8933,53012888,1791307571970,1791307579437,200,true,false,
vu-3391,17009418,1791307571967,1791307579438,200,true,false,
vu-6630,38000181,1791307571975,1791307579438,200,true,false,
vu-6310,35004956,1791307571969,1791307579441,200,true,false,
vu-6887,40001649,1791307571972,1791307579441,200,true,false,
vu-4598,25021219,1791307571981,1791307579442,200,true,false,
vu-9947,64001533,1791307571975,1791307579444,200,true,false,
vu-6302,35004106,1791307571970,1791307579445,200,true,false,
vu-4032,21020229,1791307571987,1791307579446,200,true,false,
vu-2059,03023423,1791307571951,1791307579447,200,true,false,
vu-4949,28002364,1791307571961,1791307579448,200,true,false,
vu-751,01080198,1791307571968,1791307579450,200,true,false,
vu-9334,56011292,1791307571978,1791307579450,200,true,false,
vu-6869,39010401,1791307571974,1791307579452,200,true,false,
vu-5531,29025748,1791307571961,1791307579453,200,true,false,
vu-7955,48007992,1791307571955,1791307579454,200,true,false,
vu-1688,02071742,1791307571965,1791307579455,200,true,false,
vu-838,01089473,1791307571948,1791307579455,200,true,false,
vu-2745,12010632,1791307571955,1791307579456,200,true,false,
vu-229,01024431,1791307571974,1791307579457,200,true,false,
vu-2191,04011909,1791307571969,1791307579457,200,true,false,
vu-3306,17000304,1791307571953,1791307579482,200,true,false,
vu-2105,04002664,1791307571976,1791307579485,200,true,false,
vu-2597,10007549,1791307571968,1791307579488,200,true,false,
vu-2029,03020221,1791307571977,1791307579490,200,true,false,
vu-4923,27011372,1791307571969,1791307579490,200,true,false,
vu-9441,57010507,1791307571968,1791307579492,200,true,false,
vu-3464,17017217,1791307571965,1791307579493,200,true,false,
vu-5401,29011894,1791307571962,1791307579494,200,true,false,
vu-6338,35007940,1791307571966,1791307579495,200,true,false,
vu-4928,28000108,1791307571981,1791307579497,200,true,false,
vu-5486,29020953,1791307571967,1791307579498,200,true,false,
vu-6777,39000585,1791307571982,1791307579499,200,true,false,
vu-2648,12000277,1791307571962,1791307579502,200,true,false,
vu-4246,23003197,1791307571967,1791307579502,200,true,false,
vu-5331,29004402,1791307571966,1791307579503,200,true,false,
vu-6007,33002857,1791307571975,1791307579504,200,true,false,
vu-5225,28031832,1791307571980,1791307579504,200,true,false,
vu-6069,33009483,1791307571966,1791307579506,200,true,false,
vu-4470,25007598,1791307571975,1791307579506,200,true,false,
vu-1342,02034539,1791307571957,1791307579508,200,true,false,
vu-1877,03003985,1791307571963,1791307579510,200,true,false,
vu-4966,28004184,1791307571965,1791307579510,200,true,false,
vu-2361,07003994,1791307571968,1791307579511,200,true,false,
vu-1146,02013711,1791307571984,1791307579513,200,true,false,
vu-8105,48024049,1791307571962,1791307579515,200,true,false,
vu-289,01030859,1791307571967,1791307579516,200,true,false,
vu-8992,54002847,1791307571973,1791307579516,200,true,false,
vu-9593,59006043,1791307571971,1791307579518,200,true,false,
vu-2099,04002024,1791307571962,1791307579520,200,true,false,
vu-8646,51015313,1791307571982,1791307579520,200,true,false,
vu-1630,02065487,1791307571980,1791307579523,200,true,false,
vu-9732,61003779,1791307571980,1791307579525,200,true,false,
vu-5889,31009904,1791307571984,1791307579525,200,true,false,
vu-5552,29027986,1791307571968,1791307579525,200,true,false,
vu-1086,02007334,1791307571964,1791307579526,200,true,false,
vu-6315,35005488,1791307571974,1791307579527,200,true,false,
vu-9070,54011146,1791307571970,1791307579527,200,true,false,
vu-1920,03008580,1791307571965,1791307579528,200,true,false,
vu-6650,38002313,1791307571978,1791307579529,200,true,false,
vu-2532,10000606,1791307571974,1791307579530,200,true,false,
vu-4167,22011164,1791307571969,1791307579531,200,true,false,
vu-30,01003101,1791307571970,1791307579532,200,true,false,
vu-7602,45000378,1791307571963,1791307579532,200,true,false,
vu-370,01039515,1791307571969,1791307579534,200,true,false,
vu-3290,16014112,1791307571963,1791307579536,200,true,false,
vu-8546,51004673,1791307571961,1791307579539,200,true,false,
vu-5935,32003576,1791307571951,1791307579605,200,true,false,
vu-7228,42002608,1791307571958,1791307579609,200,true,false,
vu-6695,38007105,1791307571962,1791307579612,200,true,false,
vu-8212,49001431,1791307571968,1791307579616,200,true,false,
vu-3374,17007598,1791307571963,1791307579618,200,true,false,
vu-4995,28007291,1791307571964,1791307579620,200,true,false,
vu-6298,35003681,1791307571968,1791307579624,200,true,false,
vu-8730,52003951,1791307571977,1791307579626,200,true,false,
vu-5474,29019679,1791307571969,1791307579632,200,true,false,
vu-5758,30013008,1791307571959,1791307579635,200,true,false,
vu-6523,37008216,1791307571968,1791307579638,200,true,false,
vu-383,01040908,1791307571974,1791307579640,200,true,false,
vu-4031,21020123,1791307571971,1791307579676,200,true,false,
vu-9060,54010082,1791307571979,1791307579677,200,true,false,
vu-2682,12003901,1791307571962,1791307579678,200,true,false,
vu-7681,46002495,1791307571968,1791307579679,200,true,false,
vu-9438,57010188,1791307571965,1791307579680,200,true,false,
vu-9567,59003275,1791307571965,1791307579684,200,true,false,
vu-628,01067064,1791307571971,1791307579684,200,true,false,
vu-9124,55001821,1791307571975,1791307579685,200,true,false,
vu-4774,26018210,1791307571967,1791307579689,200,true,false,
vu-2072,03024811,1791307571966,1791307579690,200,true,false,
vu-9729,61003450,1791307571987,1791307579691,200,true,false,
vu-7351,43000279,1791307571963,1791307579705,200,true,false,
vu-558,01059604,1791307571967,1791307579708,200,true,false,
vu-1068,02005420,1791307571963,1791307579713,200,true,false,
vu-8506,51000407,1791307571960,1791307579716,200,true,false,
vu-6969,40010381,1791307571977,1791307579721,200,true,false,
vu-3453,17016035,1791307571963,1791307579722,200,true,false,
vu-187,01019946,1791307571965,1791307579722,200,true,false,
vu-1047,02003182,1791307571971,1791307579723,200,true,false,
vu-1609,02063251,1791307571983,1791307579725,200,true,false,
vu-5261,28035674,1791307571963,1791307579726,200,true,false,
vu-7605,45000697,1791307571966,1791307579729,200,true,false,
vu-1873,03003557,1791307571971,1791307579729,200,true,false,
vu-9170,55006726,1791307571972,1791307579731,200,true,false,
vu-2171,04009753,1791307571962,1791307579736,200,true,false,
vu-1208,02020300,1791307571966,1791307579738,200,true,false,
vu-3730,19005745,1791307571963,1791307579740,200,true,false,
vu-4695,26009771,1791307571978,1791307579741,200,true,false,
vu-465,01049649,1791307571979,1791307579741,200,true,false,
vu-1773,02080829,1791307571967,1791307579741,200,true,false,
vu-7880,47013160,1791307571974,1791307579746,200,true,false,
vu-501,01053493,1791307571969,1791307579749,200,true,false,
vu-8776,52008848,1791307571955,1791307579751,200,true,false,
vu-58,01006126,1791307571953,1791307579751,200,true,false,
vu-6590,37015353,1791307571966,1791307579752,200,true,false,
vu-5737,30010773,1791307571965,1791307579753,200,true,false,
vu-1839,02087869,1791307571968,1791307579753,200,true,false,
vu-8201,49000261,1791307571963,1791307579754,200,true,false,
vu-9099,54014226,1791307571974,1791307579756,200,true,false,
vu-4258,23004479,1791307571967,1791307579756,200,true,false,
vu-5115,28020095,1791307571970,1791307579758,200,true,false,
vu-4342,24003575,1791307571965,1791307579761,200,true,false,
vu-1654,02068100,1791307571985,1791307579762,200,true,false,
vu-5361,29007627,1791307571973,1791307579764,200,true,false,
vu-7979,48010570,1791307571977,1791307579766,200,true,false,
vu-2352,07003038,1791307571982,1791307579768,200,true,false,
vu-502,01053599,1791307571962,1791307579770,200,true,false,
vu-7389,43004329,1791307571967,1791307579773,200,true,false,
vu-8758,52006934,1791307571983,1791307579776,200,true,false,
vu-9671,60003679,1791307571973,1791307579776,200,true,false,
vu-8224,49002706,1791307571987,1791307579778,200,true,false,
vu-6290,35002832,1791307571980,1791307579779,200,true,false,
vu-3468,17017653,1791307571964,1791307579780,200,true,false,
vu-9378,57003810,1791307571982,1791307579781,200,true,false,
vu-9563,59002845,1791307571976,1791307579784,200,true,false,
vu-713,01076127,1791307571974,1791307579785,200,true,false,
vu-2978,14009980,1791307571974,1791307579788,200,true,false,
vu-1281,02028059,1791307571979,1791307579789,200,true,false,
vu-7790,47003584,1791307571971,1791307579790,200,true,false,
vu-205,01021866,1791307571961,1791307579791,200,true,false,
vu-5432,29015200,1791307571966,1791307579797,200,true,false,
vu-7304,42010704,1791307571976,1791307579798,200,true,false,
vu-3615,18015319,1791307571967,1791307579798,200,true,false,
vu-61,01006446,1791307571982,1791307579800,200,true,false,
vu-1832,02087125,1791307571978,1791307579801,200,true,false,
vu-7607,45000910,1791307571974,1791307579802,200,true,false,
vu-2582,10005943,1791307571953,1791307579802,200,true,false,
vu-7382,43003586,1791307571977,1791307579802,200,true,false,
vu-9126,55002035,1791307571970,1791307579810,200,true,false,
vu-5122,28020841,1791307571968,1791307579812,200,true,false,
vu-2376,08001391,1791307571974,1791307579819,200,true,false,
vu-9737,61004312,1791307571967,1791307579820,200,true,false,
vu-8771,52008317,1791307571969,1791307579823,200,true,false,
vu-2543,10001774,1791307571979,1791307579823,200,true,false,
vu-6739,38011782,1791307571978,1791307579823,200,true,false,
vu-1077,02006377,1791307571979,1791307579825,200,true,false,
vu-596,01063662,1791307571962,1791307579826,200,true,false,
vu-7560,44011183,1791307571970,1791307579827,200,true,false,
vu-6441,36004512,1791307571985,1791307579828,200,true,false,
vu-5543,29027026,1791307571959,1791307579829,200,true,false,
vu-2855,13005565,1791307571979,1791307579830,200,true,false,
vu-5087,28017105,1791307571960,1791307579830,200,true,false,
vu-3364,17006521,1791307571960,1791307579832,200,true,false,
vu-9128,55002248,1791307571973,1791307579836,200,true,false,
vu-9949,64001745,1791307571973,1791307579836,200,true,false,
vu-5511,29023616,1791307571965,1791307579841,200,true,false,
vu-4155,22009887,1791307571978,1791307579841,200,true,false,
vu-3551,18008499,1791307571955,1791307579842,200,true,false,
vu-7966,48009170,1791307571975,1791307579842,200,true,false,
vu-7158,41009601,1791307571974,1791307579852,200,true,false,
vu-5227,28032045,1791307571981,1791307579852,200,true,false,
vu-8895,53008836,1791307571974,1791307579869,200,true,false,
vu-1059,02004459,1791307571972,1791307579874,200,true,false,
vu-5234,28032794,1791307571982,1791307579875,200,true,false,
vu-7444,43010183,1791307571973,1791307579880,200,true,false,
vu-3522,18005412,1791307571970,1791307579883,200,true,false,
vu-1976,03014562,1791307571974,1791307579886,200,true,false,
vu-825,01088086,1791307571970,1791307579886,200,true,false,
vu-1276,02027528,1791307571973,1791307579889,200,true,false,
vu-7577,44012989,1791307571977,1791307579894,200,true,false,
vu-7931,48005431,1791307571977,1791307579895,200,true,false,
vu-1977,03014669,1791307571974,1791307579899,200,true,false,
vu-7498,44004597,1791307571976,1791307579901,200,true,false,
vu-105,01011157,1791307571964,1791307579907,200,true,false,
vu-8729,52003843,1791307571973,1791307579936,200,true,false,
vu-7649,45005398,1791307571974,1791307579959,200,true,false,
vu-3679,19000304,1791307571971,1791307579960,200,true,false,
vu-6980,40011555,1791307571971,1791307579960,200,true,false,
vu-8968,54000293,1791307571971,1791307579960,200,true,false,
vu-1049,02003396,1791307571962,1791307579963,200,true,false,
vu-3638,18017764,1791307571979,1791307579963,200,true,false,
vu-3530,18006262,1791307571969,1791307579964,200,true,false,
vu-9667,60003252,1791307571964,1791307579964,200,true,false,
vu-4281,23006930,1791307571971,1791307579965,200,true,false,
vu-3545,18007860,1791307571965,1791307579966,200,true,false,
vu-9590,59005722,1791307571973,1791307579967,200,true,false,
vu-7124,41005979,1791307571984,1791307579971,200,true,false,
vu-5112,28019777,1791307571966,1791307579971,200,true,false,
vu-3948,21011276,1791307571968,1791307579973,200,true,false,
vu-474,01050608,1791307571970,1791307579981,200,true,false,
vu-5885,31009476,1791307571977,1791307579982,200,true,false,
vu-4458,25006321,1791307571974,1791307579983,200,true,false,
vu-8005,48013353,1791307571965,1791307579988,200,true,false,
vu-3148,15015465,1791307571973,1791307579996,200,true,false,
vu-2956,14007624,1791307571981,1791307580004,200,true,false,
vu-1480,02049298,1791307571970,1791307580006,200,true,false,
vu-7896,48001694,1791307571971,1791307580013,200,true,false,
vu-3754,19008301,1791307571964,1791307580015,200,true,false,
vu-2208,05000164,1791307571965,1791307580016,200,true,false,
vu-5816,31002130,1791307571963,1791307580016,200,true,false,
vu-6393,35013794,1791307571976,1791307580023,200,true,false,
vu-2974,14009555,1791307571980,1791307580026,200,true,false,
vu-6499,37005664,1791307571969,1791307580026,200,true,false,
vu-8924,53011930,1791307571973,1791307580028,200,true,false,
vu-4679,26008060,1791307571961,1791307580033,200,true,false,
vu-819,01087448,1791307571955,1791307580050,200,true,false,
vu-8656,51016381,1791307571982,1791307580051,200,true,false,
vu-3985,21015222,1791307571969,1791307580052,200,true,false,
vu-3251,16009964,1791307571969,1791307580069,200,true,false,
vu-1243,02024024,1791307571965,1791307580071,200,true,false,
vu-5430,29014988,1791307571965,1791307580072,200,true,false,
vu-7781,47002625,1791307571974,1791307580072,200,true,false,
vu-8912,53010655,1791307571968,1791307580081,200,true,false,
vu-4383,24007938,1791307571977,1791307580082,200,true,false,
vu-3287,16013793,1791307571965,1791307580084,200,true,false,
vu-9140,55003526,1791307571979,1791307580088,200,true,false,
vu-1998,03016913,1791307571951,1791307580091,200,true,false,
vu-9369,57002853,1791307571967,1791307580092,200,true,false,
vu-9468,58002445,1791307571975,1791307580093,200,true,false,
vu-5142,28022970,1791307571978,1791307580095,200,true,false,
vu-7195,41013549,1791307571961,1791307580107,200,true,false,
vu-5010,28008897,1791307571978,1791307580114,200,true,false,
vu-2476,09003662,1791307571975,1791307580115,200,true,false,
vu-7149,41008642,1791307571961,1791307580124,200,true,false,
vu-5341,29005482,1791307571971,1791307580125,200,true,false,
vu-666,01071109,1791307571977,1791307580125,200,true,false,
vu-3634,18017340,1791307571980,1791307580128,200,true,false,
vu-8208,49001005,1791307571984,1791307580130,200,true,false,
vu-4639,26003793,1791307571964,1791307580131,200,true,false,
vu-648,01069194,1791307571981,1791307580133,200,true,false,
vu-7364,43001668,1791307571970,1791307580133,200,true,false,
vu-7129,41006511,1791307571969,1791307580137,200,true,false,
vu-3222,16006869,1791307571961,1791307580138,200,true,false,
vu-2663,12001873,1791307571971,1791307580140,200,true,false,
vu-8463,50012332,1791307571975,1791307580148,200,true,false,
vu-1069,02005526,1791307571968,1791307580148,200,true,false,
vu-8704,52001175,1791307571977,1791307580149,200,true,false,
vu-7184,41012375,1791307571971,1791307580150,200,true,false,
vu-5152,28024033,1791307571971,1791307580151,200,true,false,
vu-7485,44003210,1791307571979,1791307580151,200,true,false,
vu-5086,28016999,1791307571975,1791307580151,200,true,false,
vu-6793,39002291,1791307571972,1791307580152,200,true,false,
vu-9408,57006997,1791307571961,1791307580157,200,true,false,
vu-1358,02036238,1791307571972,1791307580160,200,true,false,
vu-4604,26000041,1791307571974,1791307580160,200,true,false,
vu-1488,02050167,1791307571965,1791307580165,200,true,false,
vu-2189,04011697,1791307571968,1791307580167,200,true,false,
vu-3301,16015286,1791307571969,1791307580169,200,true,false,
vu-7397,43005181,1791307571979,1791307580170,200,true,false,
vu-9904,63004655,1791307571972,1791307580173,200,true,false,
vu-2383,08002134,1791307571973,1791307580178,200,true,false,
vu-470,01050181,1791307571963,1791307580180,200,true,false,
vu-4252,23003839,1791307571967,1791307580181,200,true,false,
vu-2373,08001072,1791307571980,1791307580185,200,true,false,
vu-2562,10003814,1791307571976,1791307580188,200,true,false,
vu-4232,23001701,1791307571980,1791307580189,200,true,false,
vu-7451,43010928,1791307571979,1791307580193,200,true,false,
vu-2935,14005378,1791307571980,1791307580208,200,true,false,
vu-5108,28019351,1791307571981,1791307580212,200,true,false,
vu-9984,64005472,1791307571952,1791307580226,200,true,false,
vu-1039,02002330,1791307571968,1791307580227,200,true,false,
vu-9085,54012738,1791307571975,1791307580227,200,true,false,
vu-9587,59005403,1791307571975,1791307580227,200,true,false,
vu-8836,53002556,1791307571970,1791307580243,200,true,false,
vu-5373,29008906,1791307571967,1791307580249,200,true,false,
vu-2500,09006218,1791307571975,1791307580249,200,true,false,
vu-5439,29015945,1791307571983,1791307580261,200,true,false,
vu-1335,02033795,1791307571977,1791307580299,200,true,false,
vu-8908,53010228,1791307571978,1791307580300,200,true,false,
vu-191,01020372,1791307571966,1791307580300,200,true,false,
vu-5345,29005910,1791307571969,1791307580301,200,true,false,
vu-8688,51019782,1791307571978,1791307580301,200,true,false,
vu-2110,04003199,1791307571966,1791307580312,200,true,false,
vu-6694,38006999,1791307571969,1791307580312,200,true,false,
vu-6974,40010918,1791307571982,1791307580313,200,true,false,
vu-8285,49009201,1791307571965,1791307580313,200,true,false,
vu-8072,48020526,1791307571974,1791307580314,200,true,false,
vu-640,01068343,1791307571953,1791307580513,200,true,false,
vu-1012,01108034,1791307571965,1791307580539,200,true,false,
vu-5311,29002252,1791307571961,1791307588310,200,true,false,
vu-8957,53015440,1791307571967,1791307588604,200,true,false,
